experiment_date,observer,water_bath_id,set_temp_c,read_temp_c,stopwatch_start_time,timepoint_min,well_id,population,responding,sex,stage,length
2026-08-15,MCS,1,32,31.5,2026-08-16T01:47:58.292Z,0,A1,GL,yes,NA,NA,NA
2026-08-15,MCS,1,32,31.5,2026-08-16T01:47:58.292Z,2,A1,GL,yes,NA,NA,NA
2026-08-15,MCS,1,32,31.5,2026-08-16T01:47:58.292Z,4,A1,GL,yes,NA,NA,NA
2026-08-15,MCS,1,32,31.5,2026-08-16T01:47:58.292Z,6,A1,GL,no,NA,NA,NA
2026-08-15,MCS,1,32,31.5,2026-08-16T01:47:58.292Z,7,A1,GL,no,NA,NA,NA
2026-08-15,MCS,1,32,31.5,2026-08-16T01:47:58.292Z,8,A1,GL,no,NA,NA,NA
2026-08-15,MCS,1,33,32.5,2026-08-16T01:47:58.292Z,0,A1,NP,yes,NA,NA,NA
2026-08-15,MCS,1,33,32.5,2026-08-16T01:47:58.292Z,1,A1,NP,yes,NA,NA,NA
2026-08-15,MCS,1,33,32.5,2026-08-16T01:47:58.292Z,3,A1,NP,no,NA,NA,NA
2026-08-15,MCS,1,33,32.5,2026-08-16T01:47:58.292Z,4,A1,NP,no,NA,NA,NA
2026-08-15,MCS,1,33,32.5,2026-08-16T01:47:58.292Z,5,A1,NP,no,NA,NA,NA
2026-08-15,MCS,1,33,32.5,2026-08-16T01:47:58.292Z,6,A1,NP,no,NA,NA,NA
2026-08-16,MCS,1,32,31.5,2026-08-16T01:47:58.292Z,0,A1,NP,yes,NA,NA,NA
2026-08-16,MCS,1,32,31.5,2026-08-16T01:47:58.292Z,2,A1,NP,yes,NA,NA,NA
2026-08-16,MCS,1,32,31.5,2026-08-16T01:47:58.292Z,4,A1,NP,yes,NA,NA,NA
2026-08-16,MCS,1,32,31.5,2026-08-16T01:47:58.292Z,6,A1,NP,no,NA,NA,NA
2026-08-16,MCS,1,32,31.5,2026-08-16T01:47:58.292Z,7,A1,NP,no,NA,NA,NA
2026-08-16,MCS,1,32,31.5,2026-08-16T01:47:58.292Z,8,A1,NP,no,NA,NA,NA
2026-08-16,MCS,1,33,32.5,2026-08-16T01:47:58.292Z,0,A1,NP,yes,NA,NA,NA
2026-08-16,MCS,1,33,32.5,2026-08-16T01:47:58.292Z,1,A1,NP,yes,NA,NA,NA
2026-08-16,MCS,1,33,32.5,2026-08-16T01:47:58.292Z,3,A1,NP,yes,NA,NA,NA
2026-08-16,MCS,1,33,32.5,2026-08-16T01:47:58.292Z,4,A1,NP,no,NA,NA,NA
2026-08-16,MCS,1,33,32.5,2026-08-16T01:47:58.292Z,5,A1,NP,no,NA,NA,NA
2026-08-16,MCS,1,33,32.5,2026-08-16T01:47:58.292Z,6,A1,NP,no,NA,NA,NA
2026-08-17,MCS,1,32,31.5,2026-08-16T01:47:58.292Z,0,A1,OP,yes,NA,NA,NA
2026-08-17,MCS,1,32,31.5,2026-08-16T01:47:58.292Z,2,A1,OP,yes,NA,NA,NA
2026-08-17,MCS,1,32,31.5,2026-08-16T01:47:58.292Z,4,A1,OP,no,NA,NA,NA
2026-08-17,MCS,1,32,31.5,2026-08-16T01:47:58.292Z,6,A1,OP,no,NA,NA,NA
2026-08-17,MCS,1,32,31.5,2026-08-16T01:47:58.292Z,7,A1,OP,no,NA,NA,NA
2026-08-17,MCS,1,32,31.5,2026-08-16T01:47:58.292Z,8,A1,OP,no,NA,NA,NA
2026-08-17,MCS,1,33,32.5,2026-08-16T01:47:58.292Z,0,A1,CP,yes,NA,NA,NA
2026-08-17,MCS,1,33,32.5,2026-08-16T01:47:58.292Z,1,A1,CP,yes,NA,NA,NA
2026-08-17,MCS,1,33,32.5,2026-08-16T01:47:58.292Z,3,A1,CP,no,NA,NA,NA
2026-08-17,MCS,1,33,32.5,2026-08-16T01:47:58.292Z,4,A1,CP,no,NA,NA,NA
2026-08-17,MCS,1,33,32.5,2026-08-16T01:47:58.292Z,5,A1,CP,no,NA,NA,NA
2026-08-17,MCS,1,33,32.5,2026-08-16T01:47:58.292Z,6,A1,CP,no,NA,NA,NA
2026-08-18,MCS,1,32,31.5,2026-08-16T01:47:58.292Z,0,A1,NP,yes,NA,NA,NA
2026-08-18,MCS,1,32,31.5,2026-08-16T01:47:58.292Z,2,A1,NP,yes,NA,NA,NA
2026-08-18,MCS,1,32,31.5,2026-08-16T01:47:58.292Z,4,A1,NP,no,NA,NA,NA
2026-08-18,MCS,1,32,31.5,2026-08-16T01:47:58.292Z,6,A1,NP,no,NA,NA,NA
2026-08-18,MCS,1,32,31.5,2026-08-16T01:47:58.292Z,7,A1,NP,no,NA,NA,NA
2026-08-18,MCS,1,32,31.5,2026-08-16T01:47:58.292Z,8,A1,NP,no,NA,NA,NA
2026-08-18,MCS,1,33,32.5,2026-08-16T01:47:58.292Z,0,A1,GL,yes,NA,NA,NA
2026-08-18,MCS,1,33,32.5,2026-08-16T01:47:58.292Z,1,A1,GL,yes,NA,NA,NA
2026-08-18,MCS,1,33,32.5,2026-08-16T01:47:58.292Z,3,A1,GL,yes,NA,NA,NA
2026-08-18,MCS,1,33,32.5,2026-08-16T01:47:58.292Z,4,A1,GL,yes,NA,NA,NA
2026-08-18,MCS,1,33,32.5,2026-08-16T01:47:58.292Z,5,A1,GL,no,NA,NA,NA
2026-08-18,MCS,1,33,32.5,2026-08-16T01:47:58.292Z,6,A1,GL,no,NA,NA,NA
2026-08-19,MCS,1,32,31.5,2026-08-16T01:47:58.292Z,0,A1,GL,yes,NA,NA,NA
2026-08-19,MCS,1,32,31.5,2026-08-16T01:47:58.292Z,2,A1,GL,yes,NA,NA,NA
2026-08-19,MCS,1,32,31.5,2026-08-16T01:47:58.292Z,4,A1,GL,yes,NA,NA,NA
2026-08-19,MCS,1,32,31.5,2026-08-16T01:47:58.292Z,6,A1,GL,yes,NA,NA,NA
2026-08-19,MCS,1,32,31.5,2026-08-16T01:47:58.292Z,7,A1,GL,yes,NA,NA,NA
2026-08-19,MCS,1,32,31.5,2026-08-16T01:47:58.292Z,8,A1,GL,no,NA,NA,NA
2026-08-19,MCS,1,33,32.5,2026-08-16T01:47:58.292Z,0,A1,CP,yes,NA,NA,NA
2026-08-19,MCS,1,33,32.5,2026-08-16T01:47:58.292Z,1,A1,CP,yes,NA,NA,NA
2026-08-19,MCS,1,33,32.5,2026-08-16T01:47:58.292Z,3,A1,CP,no,NA,NA,NA
2026-08-19,MCS,1,33,32.5,2026-08-16T01:47:58.292Z,4,A1,CP,no,NA,NA,NA
2026-08-19,MCS,1,33,32.5,2026-08-16T01:47:58.292Z,5,A1,CP,no,NA,NA,NA
2026-08-19,MCS,1,33,32.5,2026-08-16T01:47:58.292Z,6,A1,CP,no,NA,NA,NA
2026-08-20,MCS,1,32,31.5,2026-08-16T01:47:58.292Z,0,A1,NP,yes,NA,NA,NA
2026-08-20,MCS,1,32,31.5,2026-08-16T01:47:58.292Z,2,A1,NP,yes,NA,NA,NA
2026-08-20,MCS,1,32,31.5,2026-08-16T01:47:58.292Z,4,A1,NP,no,NA,NA,NA
2026-08-20,MCS,1,32,31.5,2026-08-16T01:47:58.292Z,6,A1,NP,no,NA,NA,NA
2026-08-20,MCS,1,32,31.5,2026-08-16T01:47:58.292Z,7,A1,NP,no,NA,NA,NA
2026-08-20,MCS,1,32,31.5,2026-08-16T01:47:58.292Z,8,A1,NP,no,NA,NA,NA
2026-08-20,MCS,1,33,32.5,2026-08-16T01:47:58.292Z,0,A1,GL,yes,NA,NA,NA
2026-08-20,MCS,1,33,32.5,2026-08-16T01:47:58.292Z,1,A1,GL,yes,NA,NA,NA
2026-08-20,MCS,1,33,32.5,2026-08-16T01:47:58.292Z,3,A1,GL,no,NA,NA,NA
2026-08-20,MCS,1,33,32.5,2026-08-16T01:47:58.292Z,4,A1,GL,no,NA,NA,NA
2026-08-20,MCS,1,33,32.5,2026-08-16T01:47:58.292Z,5,A1,GL,no,NA,NA,NA
2026-08-20,MCS,1,33,32.5,2026-08-16T01:47:58.292Z,6,A1,GL,no,NA,NA,NA
2026-08-21,MCS,1,32,31.5,2026-08-16T01:47:58.292Z,0,A1,OP,yes,NA,NA,NA
2026-08-21,MCS,1,32,31.5,2026-08-16T01:47:58.292Z,2,A1,OP,no,NA,NA,NA
2026-08-21,MCS,1,32,31.5,2026-08-16T01:47:58.292Z,4,A1,OP,no,NA,NA,NA
2026-08-21,MCS,1,32,31.5,2026-08-16T01:47:58.292Z,6,A1,OP,no,NA,NA,NA
2026-08-21,MCS,1,32,31.5,2026-08-16T01:47:58.292Z,7,A1,OP,no,NA,NA,NA
2026-08-21,MCS,1,32,31.5,2026-08-16T01:47:58.292Z,8,A1,OP,no,NA,NA,NA
2026-08-21,MCS,1,33,32.5,2026-08-16T01:47:58.292Z,0,A1,NP,yes,NA,NA,NA
2026-08-21,MCS,1,33,32.5,2026-08-16T01:47:58.292Z,1,A1,NP,yes,NA,NA,NA
2026-08-21,MCS,1,33,32.5,2026-08-16T01:47:58.292Z,3,A1,NP,no,NA,NA,NA
2026-08-21,MCS,1,33,32.5,2026-08-16T01:47:58.292Z,4,A1,NP,no,NA,NA,NA
2026-08-21,MCS,1,33,32.5,2026-08-16T01:47:58.292Z,5,A1,NP,no,NA,NA,NA
2026-08-21,MCS,1,33,32.5,2026-08-16T01:47:58.292Z,6,A1,NP,no,NA,NA,NA
2026-08-22,MCS,1,32,31.5,2026-08-16T01:47:58.292Z,0,A1,NP,yes,NA,NA,NA
2026-08-22,MCS,1,32,31.5,2026-08-16T01:47:58.292Z,2,A1,NP,yes,NA,NA,NA
2026-08-22,MCS,1,32,31.5,2026-08-16T01:47:58.292Z,4,A1,NP,yes,NA,NA,NA
2026-08-22,MCS,1,32,31.5,2026-08-16T01:47:58.292Z,6,A1,NP,no,NA,NA,NA
2026-08-22,MCS,1,32,31.5,2026-08-16T01:47:58.292Z,7,A1,NP,no,NA,NA,NA
2026-08-22,MCS,1,32,31.5,2026-08-16T01:47:58.292Z,8,A1,NP,no,NA,NA,NA
2026-08-22,MCS,1,33,32.5,2026-08-16T01:47:58.292Z,0,A1,GL,yes,NA,NA,NA
2026-08-22,MCS,1,33,32.5,2026-08-16T01:47:58.292Z,1,A1,GL,yes,NA,NA,NA
2026-08-22,MCS,1,33,32.5,2026-08-16T01:47:58.292Z,3,A1,GL,yes,NA,NA,NA
2026-08-22,MCS,1,33,32.5,2026-08-16T01:47:58.292Z,4,A1,GL,no,NA,NA,NA
2026-08-22,MCS,1,33,32.5,2026-08-16T01:47:58.292Z,5,A1,GL,no,NA,NA,NA
2026-08-22,MCS,1,33,32.5,2026-08-16T01:47:58.292Z,6,A1,GL,no,NA,NA,NA
2026-08-15,MCS,1,32,31.5,2026-08-16T01:47:58.292Z,0,A2,OP,yes,NA,NA,NA
2026-08-15,MCS,1,32,31.5,2026-08-16T01:47:58.292Z,2,A2,OP,yes,NA,NA,NA
2026-08-15,MCS,1,32,31.5,2026-08-16T01:47:58.292Z,4,A2,OP,yes,NA,NA,NA
2026-08-15,MCS,1,32,31.5,2026-08-16T01:47:58.292Z,6,A2,OP,no,NA,NA,NA
2026-08-15,MCS,1,32,31.5,2026-08-16T01:47:58.292Z,7,A2,OP,no,NA,NA,NA
2026-08-15,MCS,1,32,31.5,2026-08-16T01:47:58.292Z,8,A2,OP,no,NA,NA,NA
2026-08-15,MCS,1,33,32.5,2026-08-16T01:47:58.292Z,0,A2,OP,yes,NA,NA,NA
2026-08-15,MCS,1,33,32.5,2026-08-16T01:47:58.292Z,1,A2,OP,no,NA,NA,NA
2026-08-15,MCS,1,33,32.5,2026-08-16T01:47:58.292Z,3,A2,OP,no,NA,NA,NA
2026-08-15,MCS,1,33,32.5,2026-08-16T01:47:58.292Z,4,A2,OP,no,NA,NA,NA
2026-08-15,MCS,1,33,32.5,2026-08-16T01:47:58.292Z,5,A2,OP,no,NA,NA,NA
2026-08-15,MCS,1,33,32.5,2026-08-16T01:47:58.292Z,6,A2,OP,no,NA,NA,NA
2026-08-16,MCS,1,32,31.5,2026-08-16T01:47:58.292Z,0,A2,OP,yes,NA,NA,NA
2026-08-16,MCS,1,32,31.5,2026-08-16T01:47:58.292Z,2,A2,OP,no,NA,NA,NA
2026-08-16,MCS,1,32,31.5,2026-08-16T01:47:58.292Z,4,A2,OP,yes,NA,NA,NA
2026-08-16,MCS,1,32,31.5,2026-08-16T01:47:58.292Z,6,A2,OP,no,NA,NA,NA
2026-08-16,MCS,1,32,31.5,2026-08-16T01:47:58.292Z,7,A2,OP,no,NA,NA,NA
2026-08-16,MCS,1,32,31.5,2026-08-16T01:47:58.292Z,8,A2,OP,yes,NA,NA,NA
2026-08-16,MCS,1,33,32.5,2026-08-16T01:47:58.292Z,0,A2,NP,yes,NA,NA,NA
2026-08-16,MCS,1,33,32.5,2026-08-16T01:47:58.292Z,1,A2,NP,yes,NA,NA,NA
2026-08-16,MCS,1,33,32.5,2026-08-16T01:47:58.292Z,3,A2,NP,yes,NA,NA,NA
2026-08-16,MCS,1,33,32.5,2026-08-16T01:47:58.292Z,4,A2,NP,yes,NA,NA,NA
2026-08-16,MCS,1,33,32.5,2026-08-16T01:47:58.292Z,5,A2,NP,yes,NA,NA,NA
2026-08-16,MCS,1,33,32.5,2026-08-16T01:47:58.292Z,6,A2,NP,no,NA,NA,NA
2026-08-17,MCS,1,32,31.5,2026-08-16T01:47:58.292Z,0,A2,GL,yes,NA,NA,NA
2026-08-17,MCS,1,32,31.5,2026-08-16T01:47:58.292Z,2,A2,GL,yes,NA,NA,NA
2026-08-17,MCS,1,32,31.5,2026-08-16T01:47:58.292Z,4,A2,GL,yes,NA,NA,NA
2026-08-17,MCS,1,32,31.5,2026-08-16T01:47:58.292Z,6,A2,GL,no,NA,NA,NA
2026-08-17,MCS,1,32,31.5,2026-08-16T01:47:58.292Z,7,A2,GL,no,NA,NA,NA
2026-08-17,MCS,1,32,31.5,2026-08-16T01:47:58.292Z,8,A2,GL,no,NA,NA,NA
2026-08-17,MCS,1,33,32.5,2026-08-16T01:47:58.292Z,0,A2,GL,yes,NA,NA,NA
2026-08-17,MCS,1,33,32.5,2026-08-16T01:47:58.292Z,1,A2,GL,yes,NA,NA,NA
2026-08-17,MCS,1,33,32.5,2026-08-16T01:47:58.292Z,3,A2,GL,yes,NA,NA,NA
2026-08-17,MCS,1,33,32.5,2026-08-16T01:47:58.292Z,4,A2,GL,no,NA,NA,NA
2026-08-17,MCS,1,33,32.5,2026-08-16T01:47:58.292Z,5,A2,GL,yes,NA,NA,NA
2026-08-17,MCS,1,33,32.5,2026-08-16T01:47:58.292Z,6,A2,GL,no,NA,NA,NA
2026-08-18,MCS,1,32,31.5,2026-08-16T01:47:58.292Z,0,A2,CP,yes,NA,NA,NA
2026-08-18,MCS,1,32,31.5,2026-08-16T01:47:58.292Z,2,A2,CP,yes,NA,NA,NA
2026-08-18,MCS,1,32,31.5,2026-08-16T01:47:58.292Z,4,A2,CP,yes,NA,NA,NA
2026-08-18,MCS,1,32,31.5,2026-08-16T01:47:58.292Z,6,A2,CP,no,NA,NA,NA
2026-08-18,MCS,1,32,31.5,2026-08-16T01:47:58.292Z,7,A2,CP,no,NA,NA,NA
2026-08-18,MCS,1,32,31.5,2026-08-16T01:47:58.292Z,8,A2,CP,no,NA,NA,NA
2026-08-18,MCS,1,33,32.5,2026-08-16T01:47:58.292Z,0,A2,CP,yes,NA,NA,NA
2026-08-18,MCS,1,33,32.5,2026-08-16T01:47:58.292Z,1,A2,CP,no,NA,NA,NA
2026-08-18,MCS,1,33,32.5,2026-08-16T01:47:58.292Z,3,A2,CP,no,NA,NA,NA
2026-08-18,MCS,1,33,32.5,2026-08-16T01:47:58.292Z,4,A2,CP,no,NA,NA,NA
2026-08-18,MCS,1,33,32.5,2026-08-16T01:47:58.292Z,5,A2,CP,no,NA,NA,NA
2026-08-18,MCS,1,33,32.5,2026-08-16T01:47:58.292Z,6,A2,CP,no,NA,NA,NA
2026-08-19,MCS,1,32,31.5,2026-08-16T01:47:58.292Z,0,A2,NP,yes,NA,NA,NA
2026-08-19,MCS,1,32,31.5,2026-08-16T01:47:58.292Z,2,A2,NP,yes,NA,NA,NA
2026-08-19,MCS,1,32,31.5,2026-08-16T01:47:58.292Z,4,A2,NP,no,NA,NA,NA
2026-08-19,MCS,1,32,31.5,2026-08-16T01:47:58.292Z,6,A2,NP,no,NA,NA,NA
2026-08-19,MCS,1,32,31.5,2026-08-16T01:47:58.292Z,7,A2,NP,no,NA,NA,NA
2026-08-19,MCS,1,32,31.5,2026-08-16T01:47:58.292Z,8,A2,NP,no,NA,NA,NA
2026-08-19,MCS,1,33,32.5,2026-08-16T01:47:58.292Z,0,A2,OP,yes,NA,NA,NA
2026-08-19,MCS,1,33,32.5,2026-08-16T01:47:58.292Z,1,A2,OP,yes,NA,NA,NA
2026-08-19,MCS,1,33,32.5,2026-08-16T01:47:58.292Z,3,A2,OP,no,NA,NA,NA
2026-08-19,MCS,1,33,32.5,2026-08-16T01:47:58.292Z,4,A2,OP,no,NA,NA,NA
2026-08-19,MCS,1,33,32.5,2026-08-16T01:47:58.292Z,5,A2,OP,no,NA,NA,NA
2026-08-19,MCS,1,33,32.5,2026-08-16T01:47:58.292Z,6,A2,OP,no,NA,NA,NA
2026-08-20,MCS,1,32,31.5,2026-08-16T01:47:58.292Z,0,A2,CP,yes,NA,NA,NA
2026-08-20,MCS,1,32,31.5,2026-08-16T01:47:58.292Z,2,A2,CP,yes,NA,NA,NA
2026-08-20,MCS,1,32,31.5,2026-08-16T01:47:58.292Z,4,A2,CP,no,NA,NA,NA
2026-08-20,MCS,1,32,31.5,2026-08-16T01:47:58.292Z,6,A2,CP,no,NA,NA,NA
2026-08-20,MCS,1,32,31.5,2026-08-16T01:47:58.292Z,7,A2,CP,no,NA,NA,NA
2026-08-20,MCS,1,32,31.5,2026-08-16T01:47:58.292Z,8,A2,CP,no,NA,NA,NA
2026-08-20,MCS,1,33,32.5,2026-08-16T01:47:58.292Z,0,A2,CP,yes,NA,NA,NA
2026-08-20,MCS,1,33,32.5,2026-08-16T01:47:58.292Z,1,A2,CP,yes,NA,NA,NA
2026-08-20,MCS,1,33,32.5,2026-08-16T01:47:58.292Z,3,A2,CP,yes,NA,NA,NA
2026-08-20,MCS,1,33,32.5,2026-08-16T01:47:58.292Z,4,A2,CP,no,NA,NA,NA
2026-08-20,MCS,1,33,32.5,2026-08-16T01:47:58.292Z,5,A2,CP,no,NA,NA,NA
2026-08-20,MCS,1,33,32.5,2026-08-16T01:47:58.292Z,6,A2,CP,no,NA,NA,NA
2026-08-21,MCS,1,32,31.5,2026-08-16T01:47:58.292Z,0,A2,CP,yes,NA,NA,NA
2026-08-21,MCS,1,32,31.5,2026-08-16T01:47:58.292Z,2,A2,CP,yes,NA,NA,NA
2026-08-21,MCS,1,32,31.5,2026-08-16T01:47:58.292Z,4,A2,CP,yes,NA,NA,NA
2026-08-21,MCS,1,32,31.5,2026-08-16T01:47:58.292Z,6,A2,CP,no,NA,NA,NA
2026-08-21,MCS,1,32,31.5,2026-08-16T01:47:58.292Z,7,A2,CP,no,NA,NA,NA
2026-08-21,MCS,1,32,31.5,2026-08-16T01:47:58.292Z,8,A2,CP,no,NA,NA,NA
2026-08-21,MCS,1,33,32.5,2026-08-16T01:47:58.292Z,0,A2,GL,yes,NA,NA,NA
2026-08-21,MCS,1,33,32.5,2026-08-16T01:47:58.292Z,1,A2,GL,yes,NA,NA,NA
2026-08-21,MCS,1,33,32.5,2026-08-16T01:47:58.292Z,3,A2,GL,yes,NA,NA,NA
2026-08-21,MCS,1,33,32.5,2026-08-16T01:47:58.292Z,4,A2,GL,no,NA,NA,NA
2026-08-21,MCS,1,33,32.5,2026-08-16T01:47:58.292Z,5,A2,GL,no,NA,NA,NA
2026-08-21,MCS,1,33,32.5,2026-08-16T01:47:58.292Z,6,A2,GL,no,NA,NA,NA
2026-08-22,MCS,1,32,31.5,2026-08-16T01:47:58.292Z,0,A2,GL,yes,NA,NA,NA
2026-08-22,MCS,1,32,31.5,2026-08-16T01:47:58.292Z,2,A2,GL,yes,NA,NA,NA
2026-08-22,MCS,1,32,31.5,2026-08-16T01:47:58.292Z,4,A2,GL,no,NA,NA,NA
2026-08-22,MCS,1,32,31.5,2026-08-16T01:47:58.292Z,6,A2,GL,yes,NA,NA,NA
2026-08-22,MCS,1,32,31.5,2026-08-16T01:47:58.292Z,7,A2,GL,no,NA,NA,NA
2026-08-22,MCS,1,32,31.5,2026-08-16T01:47:58.292Z,8,A2,GL,no,NA,NA,NA
2026-08-22,MCS,1,33,32.5,2026-08-16T01:47:58.292Z,0,A2,OP,yes,NA,NA,NA
2026-08-22,MCS,1,33,32.5,2026-08-16T01:47:58.292Z,1,A2,OP,no,NA,NA,NA
2026-08-22,MCS,1,33,32.5,2026-08-16T01:47:58.292Z,3,A2,OP,yes,NA,NA,NA
2026-08-22,MCS,1,33,32.5,2026-08-16T01:47:58.292Z,4,A2,OP,no,NA,NA,NA
2026-08-22,MCS,1,33,32.5,2026-08-16T01:47:58.292Z,5,A2,OP,no,NA,NA,NA
2026-08-22,MCS,1,33,32.5,2026-08-16T01:47:58.292Z,6,A2,OP,no,NA,NA,NA
2026-08-15,MCS,1,32,31.5,2026-08-16T01:47:58.292Z,0,A3,GL,yes,NA,NA,NA
2026-08-15,MCS,1,32,31.5,2026-08-16T01:47:58.292Z,2,A3,GL,yes,NA,NA,NA
2026-08-15,MCS,1,32,31.5,2026-08-16T01:47:58.292Z,4,A3,GL,yes,NA,NA,NA
2026-08-15,MCS,1,32,31.5,2026-08-16T01:47:58.292Z,6,A3,GL,yes,NA,NA,NA
2026-08-15,MCS,1,32,31.5,2026-08-16T01:47:58.292Z,7,A3,GL,yes,NA,NA,NA
2026-08-15,MCS,1,32,31.5,2026-08-16T01:47:58.292Z,8,A3,GL,no,NA,NA,NA
2026-08-15,MCS,1,33,32.5,2026-08-16T01:47:58.292Z,0,A3,GL,yes,NA,NA,NA
2026-08-15,MCS,1,33,32.5,2026-08-16T01:47:58.292Z,1,A3,GL,yes,NA,NA,NA
2026-08-15,MCS,1,33,32.5,2026-08-16T01:47:58.292Z,3,A3,GL,no,NA,NA,NA
2026-08-15,MCS,1,33,32.5,2026-08-16T01:47:58.292Z,4,A3,GL,no,NA,NA,NA
2026-08-15,MCS,1,33,32.5,2026-08-16T01:47:58.292Z,5,A3,GL,no,NA,NA,NA
2026-08-15,MCS,1,33,32.5,2026-08-16T01:47:58.292Z,6,A3,GL,no,NA,NA,NA
2026-08-16,MCS,1,32,31.5,2026-08-16T01:47:58.292Z,0,A3,OP,yes,NA,NA,NA
2026-08-16,MCS,1,32,31.5,2026-08-16T01:47:58.292Z,2,A3,OP,no,NA,NA,NA
2026-08-16,MCS,1,32,31.5,2026-08-16T01:47:58.292Z,4,A3,OP,no,NA,NA,NA
2026-08-16,MCS,1,32,31.5,2026-08-16T01:47:58.292Z,6,A3,OP,no,NA,NA,NA
2026-08-16,MCS,1,32,31.5,2026-08-16T01:47:58.292Z,7,A3,OP,no,NA,NA,NA
2026-08-16,MCS,1,32,31.5,2026-08-16T01:47:58.292Z,8,A3,OP,no,NA,NA,NA
2026-08-16,MCS,1,33,32.5,2026-08-16T01:47:58.292Z,0,A3,CP,yes,NA,NA,NA
2026-08-16,MCS,1,33,32.5,2026-08-16T01:47:58.292Z,1,A3,CP,yes,NA,NA,NA
2026-08-16,MCS,1,33,32.5,2026-08-16T01:47:58.292Z,3,A3,CP,yes,NA,NA,NA
2026-08-16,MCS,1,33,32.5,2026-08-16T01:47:58.292Z,4,A3,CP,no,NA,NA,NA
2026-08-16,MCS,1,33,32.5,2026-08-16T01:47:58.292Z,5,A3,CP,no,NA,NA,NA
2026-08-16,MCS,1,33,32.5,2026-08-16T01:47:58.292Z,6,A3,CP,yes,NA,NA,NA
2026-08-17,MCS,1,32,31.5,2026-08-16T01:47:58.292Z,0,A3,GL,yes,NA,NA,NA
2026-08-17,MCS,1,32,31.5,2026-08-16T01:47:58.292Z,2,A3,GL,yes,NA,NA,NA
2026-08-17,MCS,1,32,31.5,2026-08-16T01:47:58.292Z,4,A3,GL,yes,NA,NA,NA
2026-08-17,MCS,1,32,31.5,2026-08-16T01:47:58.292Z,6,A3,GL,yes,NA,NA,NA
2026-08-17,MCS,1,32,31.5,2026-08-16T01:47:58.292Z,7,A3,GL,no,NA,NA,NA
2026-08-17,MCS,1,32,31.5,2026-08-16T01:47:58.292Z,8,A3,GL,no,NA,NA,NA
2026-08-17,MCS,1,33,32.5,2026-08-16T01:47:58.292Z,0,A3,OP,yes,NA,NA,NA
2026-08-17,MCS,1,33,32.5,2026-08-16T01:47:58.292Z,1,A3,OP,yes,NA,NA,NA
2026-08-17,MCS,1,33,32.5,2026-08-16T01:47:58.292Z,3,A3,OP,no,NA,NA,NA
2026-08-17,MCS,1,33,32.5,2026-08-16T01:47:58.292Z,4,A3,OP,no,NA,NA,NA
2026-08-17,MCS,1,33,32.5,2026-08-16T01:47:58.292Z,5,A3,OP,no,NA,NA,NA
2026-08-17,MCS,1,33,32.5,2026-08-16T01:47:58.292Z,6,A3,OP,no,NA,NA,NA
2026-08-18,MCS,1,32,31.5,2026-08-16T01:47:58.292Z,0,A3,GL,yes,NA,NA,NA
2026-08-18,MCS,1,32,31.5,2026-08-16T01:47:58.292Z,2,A3,GL,yes,NA,NA,NA
2026-08-18,MCS,1,32,31.5,2026-08-16T01:47:58.292Z,4,A3,GL,yes,NA,NA,NA
2026-08-18,MCS,1,32,31.5,2026-08-16T01:47:58.292Z,6,A3,GL,yes,NA,NA,NA
2026-08-18,MCS,1,32,31.5,2026-08-16T01:47:58.292Z,7,A3,GL,no,NA,NA,NA
2026-08-18,MCS,1,32,31.5,2026-08-16T01:47:58.292Z,8,A3,GL,no,NA,NA,NA
2026-08-18,MCS,1,33,32.5,2026-08-16T01:47:58.292Z,0,A3,OP,yes,NA,NA,NA
2026-08-18,MCS,1,33,32.5,2026-08-16T01:47:58.292Z,1,A3,OP,no,NA,NA,NA
2026-08-18,MCS,1,33,32.5,2026-08-16T01:47:58.292Z,3,A3,OP,no,NA,NA,NA
2026-08-18,MCS,1,33,32.5,2026-08-16T01:47:58.292Z,4,A3,OP,no,NA,NA,NA
2026-08-18,MCS,1,33,32.5,2026-08-16T01:47:58.292Z,5,A3,OP,no,NA,NA,NA
2026-08-18,MCS,1,33,32.5,2026-08-16T01:47:58.292Z,6,A3,OP,no,NA,NA,NA
2026-08-19,MCS,1,32,31.5,2026-08-16T01:47:58.292Z,0,A3,OP,yes,NA,NA,NA
2026-08-19,MCS,1,32,31.5,2026-08-16T01:47:58.292Z,2,A3,OP,yes,NA,NA,NA
2026-08-19,MCS,1,32,31.5,2026-08-16T01:47:58.292Z,4,A3,OP,no,NA,NA,NA
2026-08-19,MCS,1,32,31.5,2026-08-16T01:47:58.292Z,6,A3,OP,no,NA,NA,NA
2026-08-19,MCS,1,32,31.5,2026-08-16T01:47:58.292Z,7,A3,OP,no,NA,NA,NA
2026-08-19,MCS,1,32,31.5,2026-08-16T01:47:58.292Z,8,A3,OP,no,NA,NA,NA
2026-08-19,MCS,1,33,32.5,2026-08-16T01:47:58.292Z,0,A3,OP,yes,NA,NA,NA
2026-08-19,MCS,1,33,32.5,2026-08-16T01:47:58.292Z,1,A3,OP,no,NA,NA,NA
2026-08-19,MCS,1,33,32.5,2026-08-16T01:47:58.292Z,3,A3,OP,no,NA,NA,NA
2026-08-19,MCS,1,33,32.5,2026-08-16T01:47:58.292Z,4,A3,OP,no,NA,NA,NA
2026-08-19,MCS,1,33,32.5,2026-08-16T01:47:58.292Z,5,A3,OP,no,NA,NA,NA
2026-08-19,MCS,1,33,32.5,2026-08-16T01:47:58.292Z,6,A3,OP,no,NA,NA,NA
2026-08-20,MCS,1,32,31.5,2026-08-16T01:47:58.292Z,0,A3,GL,yes,NA,NA,NA
2026-08-20,MCS,1,32,31.5,2026-08-16T01:47:58.292Z,2,A3,GL,yes,NA,NA,NA
2026-08-20,MCS,1,32,31.5,2026-08-16T01:47:58.292Z,4,A3,GL,yes,NA,NA,NA
2026-08-20,MCS,1,32,31.5,2026-08-16T01:47:58.292Z,6,A3,GL,no,NA,NA,NA
2026-08-20,MCS,1,32,31.5,2026-08-16T01:47:58.292Z,7,A3,GL,no,NA,NA,NA
2026-08-20,MCS,1,32,31.5,2026-08-16T01:47:58.292Z,8,A3,GL,no,NA,NA,NA
2026-08-20,MCS,1,33,32.5,2026-08-16T01:47:58.292Z,0,A3,NP,yes,NA,NA,NA
2026-08-20,MCS,1,33,32.5,2026-08-16T01:47:58.292Z,1,A3,NP,yes,NA,NA,NA
2026-08-20,MCS,1,33,32.5,2026-08-16T01:47:58.292Z,3,A3,NP,yes,NA,NA,NA
2026-08-20,MCS,1,33,32.5,2026-08-16T01:47:58.292Z,4,A3,NP,yes,NA,NA,NA
2026-08-20,MCS,1,33,32.5,2026-08-16T01:47:58.292Z,5,A3,NP,yes,NA,NA,NA
2026-08-20,MCS,1,33,32.5,2026-08-16T01:47:58.292Z,6,A3,NP,no,NA,NA,NA
2026-08-21,MCS,1,32,31.5,2026-08-16T01:47:58.292Z,0,A3,OP,yes,NA,NA,NA
2026-08-21,MCS,1,32,31.5,2026-08-16T01:47:58.292Z,2,A3,OP,yes,NA,NA,NA
2026-08-21,MCS,1,32,31.5,2026-08-16T01:47:58.292Z,4,A3,OP,no,NA,NA,NA
2026-08-21,MCS,1,32,31.5,2026-08-16T01:47:58.292Z,6,A3,OP,no,NA,NA,NA
2026-08-21,MCS,1,32,31.5,2026-08-16T01:47:58.292Z,7,A3,OP,no,NA,NA,NA
2026-08-21,MCS,1,32,31.5,2026-08-16T01:47:58.292Z,8,A3,OP,no,NA,NA,NA
2026-08-21,MCS,1,33,32.5,2026-08-16T01:47:58.292Z,0,A3,NP,yes,NA,NA,NA
2026-08-21,MCS,1,33,32.5,2026-08-16T01:47:58.292Z,1,A3,NP,yes,NA,NA,NA
2026-08-21,MCS,1,33,32.5,2026-08-16T01:47:58.292Z,3,A3,NP,yes,NA,NA,NA
2026-08-21,MCS,1,33,32.5,2026-08-16T01:47:58.292Z,4,A3,NP,yes,NA,NA,NA
2026-08-21,MCS,1,33,32.5,2026-08-16T01:47:58.292Z,5,A3,NP,no,NA,NA,NA
2026-08-21,MCS,1,33,32.5,2026-08-16T01:47:58.292Z,6,A3,NP,no,NA,NA,NA
2026-08-22,MCS,1,32,31.5,2026-08-16T01:47:58.292Z,0,A3,OP,yes,NA,NA,NA
2026-08-22,MCS,1,32,31.5,2026-08-16T01:47:58.292Z,2,A3,OP,yes,NA,NA,NA
2026-08-22,MCS,1,32,31.5,2026-08-16T01:47:58.292Z,4,A3,OP,yes,NA,NA,NA
2026-08-22,MCS,1,32,31.5,2026-08-16T01:47:58.292Z,6,A3,OP,no,NA,NA,NA
2026-08-22,MCS,1,32,31.5,2026-08-16T01:47:58.292Z,7,A3,OP,yes,NA,NA,NA
2026-08-22,MCS,1,32,31.5,2026-08-16T01:47:58.292Z,8,A3,OP,no,NA,NA,NA
2026-08-22,MCS,1,33,32.5,2026-08-16T01:47:58.292Z,0,A3,NP,yes,NA,NA,NA
2026-08-22,MCS,1,33,32.5,2026-08-16T01:47:58.292Z,1,A3,NP,yes,NA,NA,NA
2026-08-22,MCS,1,33,32.5,2026-08-16T01:47:58.292Z,3,A3,NP,yes,NA,NA,NA
2026-08-22,MCS,1,33,32.5,2026-08-16T01:47:58.292Z,4,A3,NP,yes,NA,NA,NA
2026-08-22,MCS,1,33,32.5,2026-08-16T01:47:58.292Z,5,A3,NP,no,NA,NA,NA
2026-08-22,MCS,1,33,32.5,2026-08-16T01:47:58.292Z,6,A3,NP,no,NA,NA,NA
2026-08-15,MCS,1,32,31.5,2026-08-16T01:47:58.292Z,0,A4,NP,yes,NA,NA,NA
2026-08-15,MCS,1,32,31.5,2026-08-16T01:47:58.292Z,2,A4,NP,no,NA,NA,NA
2026-08-15,MCS,1,32,31.5,2026-08-16T01:47:58.292Z,4,A4,NP,no,NA,NA,NA
2026-08-15,MCS,1,32,31.5,2026-08-16T01:47:58.292Z,6,A4,NP,no,NA,NA,NA
2026-08-15,MCS,1,32,31.5,2026-08-16T01:47:58.292Z,7,A4,NP,no,NA,NA,NA
2026-08-15,MCS,1,32,31.5,2026-08-16T01:47:58.292Z,8,A4,NP,no,NA,NA,NA
2026-08-15,MCS,1,33,32.5,2026-08-16T01:47:58.292Z,0,A4,NP,yes,NA,NA,NA
2026-08-15,MCS,1,33,32.5,2026-08-16T01:47:58.292Z,1,A4,NP,no,NA,NA,NA
2026-08-15,MCS,1,33,32.5,2026-08-16T01:47:58.292Z,3,A4,NP,no,NA,NA,NA
2026-08-15,MCS,1,33,32.5,2026-08-16T01:47:58.292Z,4,A4,NP,no,NA,NA,NA
2026-08-15,MCS,1,33,32.5,2026-08-16T01:47:58.292Z,5,A4,NP,no,NA,NA,NA
2026-08-15,MCS,1,33,32.5,2026-08-16T01:47:58.292Z,6,A4,NP,no,NA,NA,NA
2026-08-16,MCS,1,32,31.5,2026-08-16T01:47:58.292Z,0,A4,GL,yes,NA,NA,NA
2026-08-16,MCS,1,32,31.5,2026-08-16T01:47:58.292Z,2,A4,GL,yes,NA,NA,NA
2026-08-16,MCS,1,32,31.5,2026-08-16T01:47:58.292Z,4,A4,GL,no,NA,NA,NA
2026-08-16,MCS,1,32,31.5,2026-08-16T01:47:58.292Z,6,A4,GL,no,NA,NA,NA
2026-08-16,MCS,1,32,31.5,2026-08-16T01:47:58.292Z,7,A4,GL,no,NA,NA,NA
2026-08-16,MCS,1,32,31.5,2026-08-16T01:47:58.292Z,8,A4,GL,no,NA,NA,NA
2026-08-16,MCS,1,33,32.5,2026-08-16T01:47:58.292Z,0,A4,CP,yes,NA,NA,NA
2026-08-16,MCS,1,33,32.5,2026-08-16T01:47:58.292Z,1,A4,CP,no,NA,NA,NA
2026-08-16,MCS,1,33,32.5,2026-08-16T01:47:58.292Z,3,A4,CP,no,NA,NA,NA
2026-08-16,MCS,1,33,32.5,2026-08-16T01:47:58.292Z,4,A4,CP,no,NA,NA,NA
2026-08-16,MCS,1,33,32.5,2026-08-16T01:47:58.292Z,5,A4,CP,no,NA,NA,NA
2026-08-16,MCS,1,33,32.5,2026-08-16T01:47:58.292Z,6,A4,CP,no,NA,NA,NA
2026-08-17,MCS,1,32,31.5,2026-08-16T01:47:58.292Z,0,A4,GL,yes,NA,NA,NA
2026-08-17,MCS,1,32,31.5,2026-08-16T01:47:58.292Z,2,A4,GL,yes,NA,NA,NA
2026-08-17,MCS,1,32,31.5,2026-08-16T01:47:58.292Z,4,A4,GL,yes,NA,NA,NA
2026-08-17,MCS,1,32,31.5,2026-08-16T01:47:58.292Z,6,A4,GL,yes,NA,NA,NA
2026-08-17,MCS,1,32,31.5,2026-08-16T01:47:58.292Z,7,A4,GL,yes,NA,NA,NA
2026-08-17,MCS,1,32,31.5,2026-08-16T01:47:58.292Z,8,A4,GL,no,NA,NA,NA
2026-08-17,MCS,1,33,32.5,2026-08-16T01:47:58.292Z,0,A4,GL,yes,NA,NA,NA
2026-08-17,MCS,1,33,32.5,2026-08-16T01:47:58.292Z,1,A4,GL,yes,NA,NA,NA
2026-08-17,MCS,1,33,32.5,2026-08-16T01:47:58.292Z,3,A4,GL,yes,NA,NA,NA
2026-08-17,MCS,1,33,32.5,2026-08-16T01:47:58.292Z,4,A4,GL,yes,NA,NA,NA
2026-08-17,MCS,1,33,32.5,2026-08-16T01:47:58.292Z,5,A4,GL,yes,NA,NA,NA
2026-08-17,MCS,1,33,32.5,2026-08-16T01:47:58.292Z,6,A4,GL,no,NA,NA,NA
2026-08-18,MCS,1,32,31.5,2026-08-16T01:47:58.292Z,0,A4,GL,yes,NA,NA,NA
2026-08-18,MCS,1,32,31.5,2026-08-16T01:47:58.292Z,2,A4,GL,yes,NA,NA,NA
2026-08-18,MCS,1,32,31.5,2026-08-16T01:47:58.292Z,4,A4,GL,yes,NA,NA,NA
2026-08-18,MCS,1,32,31.5,2026-08-16T01:47:58.292Z,6,A4,GL,yes,NA,NA,NA
2026-08-18,MCS,1,32,31.5,2026-08-16T01:47:58.292Z,7,A4,GL,no,NA,NA,NA
2026-08-18,MCS,1,32,31.5,2026-08-16T01:47:58.292Z,8,A4,GL,no,NA,NA,NA
2026-08-18,MCS,1,33,32.5,2026-08-16T01:47:58.292Z,0,A4,OP,yes,NA,NA,NA
2026-08-18,MCS,1,33,32.5,2026-08-16T01:47:58.292Z,1,A4,OP,no,NA,NA,NA
2026-08-18,MCS,1,33,32.5,2026-08-16T01:47:58.292Z,3,A4,OP,no,NA,NA,NA
2026-08-18,MCS,1,33,32.5,2026-08-16T01:47:58.292Z,4,A4,OP,no,NA,NA,NA
2026-08-18,MCS,1,33,32.5,2026-08-16T01:47:58.292Z,5,A4,OP,no,NA,NA,NA
2026-08-18,MCS,1,33,32.5,2026-08-16T01:47:58.292Z,6,A4,OP,no,NA,NA,NA
2026-08-19,MCS,1,32,31.5,2026-08-16T01:47:58.292Z,0,A4,CP,yes,NA,NA,NA
2026-08-19,MCS,1,32,31.5,2026-08-16T01:47:58.292Z,2,A4,CP,no,NA,NA,NA
2026-08-19,MCS,1,32,31.5,2026-08-16T01:47:58.292Z,4,A4,CP,no,NA,NA,NA
2026-08-19,MCS,1,32,31.5,2026-08-16T01:47:58.292Z,6,A4,CP,no,NA,NA,NA
2026-08-19,MCS,1,32,31.5,2026-08-16T01:47:58.292Z,7,A4,CP,no,NA,NA,NA
2026-08-19,MCS,1,32,31.5,2026-08-16T01:47:58.292Z,8,A4,CP,no,NA,NA,NA
2026-08-19,MCS,1,33,32.5,2026-08-16T01:47:58.292Z,0,A4,GL,yes,NA,NA,NA
2026-08-19,MCS,1,33,32.5,2026-08-16T01:47:58.292Z,1,A4,GL,yes,NA,NA,NA
2026-08-19,MCS,1,33,32.5,2026-08-16T01:47:58.292Z,3,A4,GL,yes,NA,NA,NA
2026-08-19,MCS,1,33,32.5,2026-08-16T01:47:58.292Z,4,A4,GL,yes,NA,NA,NA
2026-08-19,MCS,1,33,32.5,2026-08-16T01:47:58.292Z,5,A4,GL,yes,NA,NA,NA
2026-08-19,MCS,1,33,32.5,2026-08-16T01:47:58.292Z,6,A4,GL,no,NA,NA,NA
2026-08-20,MCS,1,32,31.5,2026-08-16T01:47:58.292Z,0,A4,NP,yes,NA,NA,NA
2026-08-20,MCS,1,32,31.5,2026-08-16T01:47:58.292Z,2,A4,NP,yes,NA,NA,NA
2026-08-20,MCS,1,32,31.5,2026-08-16T01:47:58.292Z,4,A4,NP,yes,NA,NA,NA
2026-08-20,MCS,1,32,31.5,2026-08-16T01:47:58.292Z,6,A4,NP,no,NA,NA,NA
2026-08-20,MCS,1,32,31.5,2026-08-16T01:47:58.292Z,7,A4,NP,no,NA,NA,NA
2026-08-20,MCS,1,32,31.5,2026-08-16T01:47:58.292Z,8,A4,NP,no,NA,NA,NA
2026-08-20,MCS,1,33,32.5,2026-08-16T01:47:58.292Z,0,A4,NP,yes,NA,NA,NA
2026-08-20,MCS,1,33,32.5,2026-08-16T01:47:58.292Z,1,A4,NP,yes,NA,NA,NA
2026-08-20,MCS,1,33,32.5,2026-08-16T01:47:58.292Z,3,A4,NP,yes,NA,NA,NA
2026-08-20,MCS,1,33,32.5,2026-08-16T01:47:58.292Z,4,A4,NP,no,NA,NA,NA
2026-08-20,MCS,1,33,32.5,2026-08-16T01:47:58.292Z,5,A4,NP,no,NA,NA,NA
2026-08-20,MCS,1,33,32.5,2026-08-16T01:47:58.292Z,6,A4,NP,no,NA,NA,NA
2026-08-21,MCS,1,32,31.5,2026-08-16T01:47:58.292Z,0,A4,CP,yes,NA,NA,NA
2026-08-21,MCS,1,32,31.5,2026-08-16T01:47:58.292Z,2,A4,CP,yes,NA,NA,NA
2026-08-21,MCS,1,32,31.5,2026-08-16T01:47:58.292Z,4,A4,CP,no,NA,NA,NA
2026-08-21,MCS,1,32,31.5,2026-08-16T01:47:58.292Z,6,A4,CP,no,NA,NA,NA
2026-08-21,MCS,1,32,31.5,2026-08-16T01:47:58.292Z,7,A4,CP,no,NA,NA,NA
2026-08-21,MCS,1,32,31.5,2026-08-16T01:47:58.292Z,8,A4,CP,yes,NA,NA,NA
2026-08-21,MCS,1,33,32.5,2026-08-16T01:47:58.292Z,0,A4,OP,yes,NA,NA,NA
2026-08-21,MCS,1,33,32.5,2026-08-16T01:47:58.292Z,1,A4,OP,yes,NA,NA,NA
2026-08-21,MCS,1,33,32.5,2026-08-16T01:47:58.292Z,3,A4,OP,no,NA,NA,NA
2026-08-21,MCS,1,33,32.5,2026-08-16T01:47:58.292Z,4,A4,OP,no,NA,NA,NA
2026-08-21,MCS,1,33,32.5,2026-08-16T01:47:58.292Z,5,A4,OP,no,NA,NA,NA
2026-08-21,MCS,1,33,32.5,2026-08-16T01:47:58.292Z,6,A4,OP,no,NA,NA,NA
2026-08-22,MCS,1,32,31.5,2026-08-16T01:47:58.292Z,0,A4,CP,yes,NA,NA,NA
2026-08-22,MCS,1,32,31.5,2026-08-16T01:47:58.292Z,2,A4,CP,yes,NA,NA,NA
2026-08-22,MCS,1,32,31.5,2026-08-16T01:47:58.292Z,4,A4,CP,yes,NA,NA,NA
2026-08-22,MCS,1,32,31.5,2026-08-16T01:47:58.292Z,6,A4,CP,no,NA,NA,NA
2026-08-22,MCS,1,32,31.5,2026-08-16T01:47:58.292Z,7,A4,CP,no,NA,NA,NA
2026-08-22,MCS,1,32,31.5,2026-08-16T01:47:58.292Z,8,A4,CP,no,NA,NA,NA
2026-08-22,MCS,1,33,32.5,2026-08-16T01:47:58.292Z,0,A4,NP,yes,NA,NA,NA
2026-08-22,MCS,1,33,32.5,2026-08-16T01:47:58.292Z,1,A4,NP,no,NA,NA,NA
2026-08-22,MCS,1,33,32.5,2026-08-16T01:47:58.292Z,3,A4,NP,no,NA,NA,NA
2026-08-22,MCS,1,33,32.5,2026-08-16T01:47:58.292Z,4,A4,NP,no,NA,NA,NA
2026-08-22,MCS,1,33,32.5,2026-08-16T01:47:58.292Z,5,A4,NP,no,NA,NA,NA
2026-08-22,MCS,1,33,32.5,2026-08-16T01:47:58.292Z,6,A4,NP,no,NA,NA,NA
2026-08-15,MCS,1,32,31.5,2026-08-16T01:47:58.292Z,0,A5,CP,yes,NA,NA,NA
2026-08-15,MCS,1,32,31.5,2026-08-16T01:47:58.292Z,2,A5,CP,yes,NA,NA,NA
2026-08-15,MCS,1,32,31.5,2026-08-16T01:47:58.292Z,4,A5,CP,yes,NA,NA,NA
2026-08-15,MCS,1,32,31.5,2026-08-16T01:47:58.292Z,6,A5,CP,no,NA,NA,NA
2026-08-15,MCS,1,32,31.5,2026-08-16T01:47:58.292Z,7,A5,CP,no,NA,NA,NA
2026-08-15,MCS,1,32,31.5,2026-08-16T01:47:58.292Z,8,A5,CP,no,NA,NA,NA
2026-08-15,MCS,1,33,32.5,2026-08-16T01:47:58.292Z,0,A5,CP,yes,NA,NA,NA
2026-08-15,MCS,1,33,32.5,2026-08-16T01:47:58.292Z,1,A5,CP,yes,NA,NA,NA
2026-08-15,MCS,1,33,32.5,2026-08-16T01:47:58.292Z,3,A5,CP,yes,NA,NA,NA
2026-08-15,MCS,1,33,32.5,2026-08-16T01:47:58.292Z,4,A5,CP,no,NA,NA,NA
2026-08-15,MCS,1,33,32.5,2026-08-16T01:47:58.292Z,5,A5,CP,no,NA,NA,NA
2026-08-15,MCS,1,33,32.5,2026-08-16T01:47:58.292Z,6,A5,CP,no,NA,NA,NA
2026-08-16,MCS,1,32,31.5,2026-08-16T01:47:58.292Z,0,A5,CP,yes,NA,NA,NA
2026-08-16,MCS,1,32,31.5,2026-08-16T01:47:58.292Z,2,A5,CP,yes,NA,NA,NA
2026-08-16,MCS,1,32,31.5,2026-08-16T01:47:58.292Z,4,A5,CP,yes,NA,NA,NA
2026-08-16,MCS,1,32,31.5,2026-08-16T01:47:58.292Z,6,A5,CP,no,NA,NA,NA
2026-08-16,MCS,1,32,31.5,2026-08-16T01:47:58.292Z,7,A5,CP,no,NA,NA,NA
2026-08-16,MCS,1,32,31.5,2026-08-16T01:47:58.292Z,8,A5,CP,no,NA,NA,NA
2026-08-16,MCS,1,33,32.5,2026-08-16T01:47:58.292Z,0,A5,CP,yes,NA,NA,NA
2026-08-16,MCS,1,33,32.5,2026-08-16T01:47:58.292Z,1,A5,CP,no,NA,NA,NA
2026-08-16,MCS,1,33,32.5,2026-08-16T01:47:58.292Z,3,A5,CP,no,NA,NA,NA
2026-08-16,MCS,1,33,32.5,2026-08-16T01:47:58.292Z,4,A5,CP,no,NA,NA,NA
2026-08-16,MCS,1,33,32.5,2026-08-16T01:47:58.292Z,5,A5,CP,no,NA,NA,NA
2026-08-16,MCS,1,33,32.5,2026-08-16T01:47:58.292Z,6,A5,CP,no,NA,NA,NA
2026-08-17,MCS,1,32,31.5,2026-08-16T01:47:58.292Z,0,A5,OP,yes,NA,NA,NA
2026-08-17,MCS,1,32,31.5,2026-08-16T01:47:58.292Z,2,A5,OP,yes,NA,NA,NA
2026-08-17,MCS,1,32,31.5,2026-08-16T01:47:58.292Z,4,A5,OP,yes,NA,NA,NA
2026-08-17,MCS,1,32,31.5,2026-08-16T01:47:58.292Z,6,A5,OP,no,NA,NA,NA
2026-08-17,MCS,1,32,31.5,2026-08-16T01:47:58.292Z,7,A5,OP,no,NA,NA,NA
2026-08-17,MCS,1,32,31.5,2026-08-16T01:47:58.292Z,8,A5,OP,no,NA,NA,NA
2026-08-17,MCS,1,33,32.5,2026-08-16T01:47:58.292Z,0,A5,GL,yes,NA,NA,NA
2026-08-17,MCS,1,33,32.5,2026-08-16T01:47:58.292Z,1,A5,GL,yes,NA,NA,NA
2026-08-17,MCS,1,33,32.5,2026-08-16T01:47:58.292Z,3,A5,GL,yes,NA,NA,NA
2026-08-17,MCS,1,33,32.5,2026-08-16T01:47:58.292Z,4,A5,GL,yes,NA,NA,NA
2026-08-17,MCS,1,33,32.5,2026-08-16T01:47:58.292Z,5,A5,GL,no,NA,NA,NA
2026-08-17,MCS,1,33,32.5,2026-08-16T01:47:58.292Z,6,A5,GL,no,NA,NA,NA
2026-08-18,MCS,1,32,31.5,2026-08-16T01:47:58.292Z,0,A5,CP,yes,NA,NA,NA
2026-08-18,MCS,1,32,31.5,2026-08-16T01:47:58.292Z,2,A5,CP,no,NA,NA,NA
2026-08-18,MCS,1,32,31.5,2026-08-16T01:47:58.292Z,4,A5,CP,no,NA,NA,NA
2026-08-18,MCS,1,32,31.5,2026-08-16T01:47:58.292Z,6,A5,CP,no,NA,NA,NA
2026-08-18,MCS,1,32,31.5,2026-08-16T01:47:58.292Z,7,A5,CP,no,NA,NA,NA
2026-08-18,MCS,1,32,31.5,2026-08-16T01:47:58.292Z,8,A5,CP,no,NA,NA,NA
2026-08-18,MCS,1,33,32.5,2026-08-16T01:47:58.292Z,0,A5,GL,yes,NA,NA,NA
2026-08-18,MCS,1,33,32.5,2026-08-16T01:47:58.292Z,1,A5,GL,yes,NA,NA,NA
2026-08-18,MCS,1,33,32.5,2026-08-16T01:47:58.292Z,3,A5,GL,yes,NA,NA,NA
2026-08-18,MCS,1,33,32.5,2026-08-16T01:47:58.292Z,4,A5,GL,no,NA,NA,NA
2026-08-18,MCS,1,33,32.5,2026-08-16T01:47:58.292Z,5,A5,GL,yes,NA,NA,NA
2026-08-18,MCS,1,33,32.5,2026-08-16T01:47:58.292Z,6,A5,GL,no,NA,NA,NA
2026-08-19,MCS,1,32,31.5,2026-08-16T01:47:58.292Z,0,A5,OP,yes,NA,NA,NA
2026-08-19,MCS,1,32,31.5,2026-08-16T01:47:58.292Z,2,A5,OP,no,NA,NA,NA
2026-08-19,MCS,1,32,31.5,2026-08-16T01:47:58.292Z,4,A5,OP,no,NA,NA,NA
2026-08-19,MCS,1,32,31.5,2026-08-16T01:47:58.292Z,6,A5,OP,no,NA,NA,NA
2026-08-19,MCS,1,32,31.5,2026-08-16T01:47:58.292Z,7,A5,OP,no,NA,NA,NA
2026-08-19,MCS,1,32,31.5,2026-08-16T01:47:58.292Z,8,A5,OP,no,NA,NA,NA
2026-08-19,MCS,1,33,32.5,2026-08-16T01:47:58.292Z,0,A5,GL,yes,NA,NA,NA
2026-08-19,MCS,1,33,32.5,2026-08-16T01:47:58.292Z,1,A5,GL,yes,NA,NA,NA
2026-08-19,MCS,1,33,32.5,2026-08-16T01:47:58.292Z,3,A5,GL,yes,NA,NA,NA
2026-08-19,MCS,1,33,32.5,2026-08-16T01:47:58.292Z,4,A5,GL,yes,NA,NA,NA
2026-08-19,MCS,1,33,32.5,2026-08-16T01:47:58.292Z,5,A5,GL,yes,NA,NA,NA
2026-08-19,MCS,1,33,32.5,2026-08-16T01:47:58.292Z,6,A5,GL,no,NA,NA,NA
2026-08-20,MCS,1,32,31.5,2026-08-16T01:47:58.292Z,0,A5,NP,yes,NA,NA,NA
2026-08-20,MCS,1,32,31.5,2026-08-16T01:47:58.292Z,2,A5,NP,yes,NA,NA,NA
2026-08-20,MCS,1,32,31.5,2026-08-16T01:47:58.292Z,4,A5,NP,yes,NA,NA,NA
2026-08-20,MCS,1,32,31.5,2026-08-16T01:47:58.292Z,6,A5,NP,yes,NA,NA,NA
2026-08-20,MCS,1,32,31.5,2026-08-16T01:47:58.292Z,7,A5,NP,yes,NA,NA,NA
2026-08-20,MCS,1,32,31.5,2026-08-16T01:47:58.292Z,8,A5,NP,no,NA,NA,NA
2026-08-20,MCS,1,33,32.5,2026-08-16T01:47:58.292Z,0,A5,GL,yes,NA,NA,NA
2026-08-20,MCS,1,33,32.5,2026-08-16T01:47:58.292Z,1,A5,GL,yes,NA,NA,NA
2026-08-20,MCS,1,33,32.5,2026-08-16T01:47:58.292Z,3,A5,GL,yes,NA,NA,NA
2026-08-20,MCS,1,33,32.5,2026-08-16T01:47:58.292Z,4,A5,GL,no,NA,NA,NA
2026-08-20,MCS,1,33,32.5,2026-08-16T01:47:58.292Z,5,A5,GL,yes,NA,NA,NA
2026-08-20,MCS,1,33,32.5,2026-08-16T01:47:58.292Z,6,A5,GL,no,NA,NA,NA
2026-08-21,MCS,1,32,31.5,2026-08-16T01:47:58.292Z,0,A5,NP,yes,NA,NA,NA
2026-08-21,MCS,1,32,31.5,2026-08-16T01:47:58.292Z,2,A5,NP,yes,NA,NA,NA
2026-08-21,MCS,1,32,31.5,2026-08-16T01:47:58.292Z,4,A5,NP,yes,NA,NA,NA
2026-08-21,MCS,1,32,31.5,2026-08-16T01:47:58.292Z,6,A5,NP,no,NA,NA,NA
2026-08-21,MCS,1,32,31.5,2026-08-16T01:47:58.292Z,7,A5,NP,no,NA,NA,NA
2026-08-21,MCS,1,32,31.5,2026-08-16T01:47:58.292Z,8,A5,NP,no,NA,NA,NA
2026-08-21,MCS,1,33,32.5,2026-08-16T01:47:58.292Z,0,A5,NP,yes,NA,NA,NA
2026-08-21,MCS,1,33,32.5,2026-08-16T01:47:58.292Z,1,A5,NP,yes,NA,NA,NA
2026-08-21,MCS,1,33,32.5,2026-08-16T01:47:58.292Z,3,A5,NP,yes,NA,NA,NA
2026-08-21,MCS,1,33,32.5,2026-08-16T01:47:58.292Z,4,A5,NP,yes,NA,NA,NA
2026-08-21,MCS,1,33,32.5,2026-08-16T01:47:58.292Z,5,A5,NP,yes,NA,NA,NA
2026-08-21,MCS,1,33,32.5,2026-08-16T01:47:58.292Z,6,A5,NP,no,NA,NA,NA
2026-08-22,MCS,1,32,31.5,2026-08-16T01:47:58.292Z,0,A5,GL,yes,NA,NA,NA
2026-08-22,MCS,1,32,31.5,2026-08-16T01:47:58.292Z,2,A5,GL,yes,NA,NA,NA
2026-08-22,MCS,1,32,31.5,2026-08-16T01:47:58.292Z,4,A5,GL,yes,NA,NA,NA
2026-08-22,MCS,1,32,31.5,2026-08-16T01:47:58.292Z,6,A5,GL,yes,NA,NA,NA
2026-08-22,MCS,1,32,31.5,2026-08-16T01:47:58.292Z,7,A5,GL,no,NA,NA,NA
2026-08-22,MCS,1,32,31.5,2026-08-16T01:47:58.292Z,8,A5,GL,no,NA,NA,NA
2026-08-22,MCS,1,33,32.5,2026-08-16T01:47:58.292Z,0,A5,CP,yes,NA,NA,NA
2026-08-22,MCS,1,33,32.5,2026-08-16T01:47:58.292Z,1,A5,CP,yes,NA,NA,NA
2026-08-22,MCS,1,33,32.5,2026-08-16T01:47:58.292Z,3,A5,CP,yes,NA,NA,NA
2026-08-22,MCS,1,33,32.5,2026-08-16T01:47:58.292Z,4,A5,CP,no,NA,NA,NA
2026-08-22,MCS,1,33,32.5,2026-08-16T01:47:58.292Z,5,A5,CP,no,NA,NA,NA
2026-08-22,MCS,1,33,32.5,2026-08-16T01:47:58.292Z,6,A5,CP,no,NA,NA,NA
2026-08-15,MCS,1,32,31.5,2026-08-16T01:47:58.292Z,0,B1,CP,yes,NA,NA,NA
2026-08-15,MCS,1,32,31.5,2026-08-16T01:47:58.292Z,2,B1,CP,no,NA,NA,NA
2026-08-15,MCS,1,32,31.5,2026-08-16T01:47:58.292Z,4,B1,CP,no,NA,NA,NA
2026-08-15,MCS,1,32,31.5,2026-08-16T01:47:58.292Z,6,B1,CP,no,NA,NA,NA
2026-08-15,MCS,1,32,31.5,2026-08-16T01:47:58.292Z,7,B1,CP,no,NA,NA,NA
2026-08-15,MCS,1,32,31.5,2026-08-16T01:47:58.292Z,8,B1,CP,no,NA,NA,NA
2026-08-15,MCS,1,33,32.5,2026-08-16T01:47:58.292Z,0,B1,GL,yes,NA,NA,NA
2026-08-15,MCS,1,33,32.5,2026-08-16T01:47:58.292Z,1,B1,GL,yes,NA,NA,NA
2026-08-15,MCS,1,33,32.5,2026-08-16T01:47:58.292Z,3,B1,GL,yes,NA,NA,NA
2026-08-15,MCS,1,33,32.5,2026-08-16T01:47:58.292Z,4,B1,GL,no,NA,NA,NA
2026-08-15,MCS,1,33,32.5,2026-08-16T01:47:58.292Z,5,B1,GL,no,NA,NA,NA
2026-08-15,MCS,1,33,32.5,2026-08-16T01:47:58.292Z,6,B1,GL,no,NA,NA,NA
2026-08-16,MCS,1,32,31.5,2026-08-16T01:47:58.292Z,0,B1,NP,yes,NA,NA,NA
2026-08-16,MCS,1,32,31.5,2026-08-16T01:47:58.292Z,2,B1,NP,yes,NA,NA,NA
2026-08-16,MCS,1,32,31.5,2026-08-16T01:47:58.292Z,4,B1,NP,yes,NA,NA,NA
2026-08-16,MCS,1,32,31.5,2026-08-16T01:47:58.292Z,6,B1,NP,yes,NA,NA,NA
2026-08-16,MCS,1,32,31.5,2026-08-16T01:47:58.292Z,7,B1,NP,no,NA,NA,NA
2026-08-16,MCS,1,32,31.5,2026-08-16T01:47:58.292Z,8,B1,NP,no,NA,NA,NA
2026-08-16,MCS,1,33,32.5,2026-08-16T01:47:58.292Z,0,B1,GL,yes,NA,NA,NA
2026-08-16,MCS,1,33,32.5,2026-08-16T01:47:58.292Z,1,B1,GL,yes,NA,NA,NA
2026-08-16,MCS,1,33,32.5,2026-08-16T01:47:58.292Z,3,B1,GL,yes,NA,NA,NA
2026-08-16,MCS,1,33,32.5,2026-08-16T01:47:58.292Z,4,B1,GL,yes,NA,NA,NA
2026-08-16,MCS,1,33,32.5,2026-08-16T01:47:58.292Z,5,B1,GL,no,NA,NA,NA
2026-08-16,MCS,1,33,32.5,2026-08-16T01:47:58.292Z,6,B1,GL,no,NA,NA,NA
2026-08-17,MCS,1,32,31.5,2026-08-16T01:47:58.292Z,0,B1,NP,yes,NA,NA,NA
2026-08-17,MCS,1,32,31.5,2026-08-16T01:47:58.292Z,2,B1,NP,yes,NA,NA,NA
2026-08-17,MCS,1,32,31.5,2026-08-16T01:47:58.292Z,4,B1,NP,yes,NA,NA,NA
2026-08-17,MCS,1,32,31.5,2026-08-16T01:47:58.292Z,6,B1,NP,no,NA,NA,NA
2026-08-17,MCS,1,32,31.5,2026-08-16T01:47:58.292Z,7,B1,NP,no,NA,NA,NA
2026-08-17,MCS,1,32,31.5,2026-08-16T01:47:58.292Z,8,B1,NP,no,NA,NA,NA
2026-08-17,MCS,1,33,32.5,2026-08-16T01:47:58.292Z,0,B1,OP,yes,NA,NA,NA
2026-08-17,MCS,1,33,32.5,2026-08-16T01:47:58.292Z,1,B1,OP,no,NA,NA,NA
2026-08-17,MCS,1,33,32.5,2026-08-16T01:47:58.292Z,3,B1,OP,no,NA,NA,NA
2026-08-17,MCS,1,33,32.5,2026-08-16T01:47:58.292Z,4,B1,OP,no,NA,NA,NA
2026-08-17,MCS,1,33,32.5,2026-08-16T01:47:58.292Z,5,B1,OP,no,NA,NA,NA
2026-08-17,MCS,1,33,32.5,2026-08-16T01:47:58.292Z,6,B1,OP,no,NA,NA,NA
2026-08-18,MCS,1,32,31.5,2026-08-16T01:47:58.292Z,0,B1,CP,yes,NA,NA,NA
2026-08-18,MCS,1,32,31.5,2026-08-16T01:47:58.292Z,2,B1,CP,yes,NA,NA,NA
2026-08-18,MCS,1,32,31.5,2026-08-16T01:47:58.292Z,4,B1,CP,no,NA,NA,NA
2026-08-18,MCS,1,32,31.5,2026-08-16T01:47:58.292Z,6,B1,CP,no,NA,NA,NA
2026-08-18,MCS,1,32,31.5,2026-08-16T01:47:58.292Z,7,B1,CP,no,NA,NA,NA
2026-08-18,MCS,1,32,31.5,2026-08-16T01:47:58.292Z,8,B1,CP,no,NA,NA,NA
2026-08-18,MCS,1,33,32.5,2026-08-16T01:47:58.292Z,0,B1,CP,yes,NA,NA,NA
2026-08-18,MCS,1,33,32.5,2026-08-16T01:47:58.292Z,1,B1,CP,yes,NA,NA,NA
2026-08-18,MCS,1,33,32.5,2026-08-16T01:47:58.292Z,3,B1,CP,yes,NA,NA,NA
2026-08-18,MCS,1,33,32.5,2026-08-16T01:47:58.292Z,4,B1,CP,no,NA,NA,NA
2026-08-18,MCS,1,33,32.5,2026-08-16T01:47:58.292Z,5,B1,CP,no,NA,NA,NA
2026-08-18,MCS,1,33,32.5,2026-08-16T01:47:58.292Z,6,B1,CP,no,NA,NA,NA
2026-08-19,MCS,1,32,31.5,2026-08-16T01:47:58.292Z,0,B1,NP,yes,NA,NA,NA
2026-08-19,MCS,1,32,31.5,2026-08-16T01:47:58.292Z,2,B1,NP,yes,NA,NA,NA
2026-08-19,MCS,1,32,31.5,2026-08-16T01:47:58.292Z,4,B1,NP,yes,NA,NA,NA
2026-08-19,MCS,1,32,31.5,2026-08-16T01:47:58.292Z,6,B1,NP,yes,NA,NA,NA
2026-08-19,MCS,1,32,31.5,2026-08-16T01:47:58.292Z,7,B1,NP,yes,NA,NA,NA
2026-08-19,MCS,1,32,31.5,2026-08-16T01:47:58.292Z,8,B1,NP,no,NA,NA,NA
2026-08-19,MCS,1,33,32.5,2026-08-16T01:47:58.292Z,0,B1,CP,yes,NA,NA,NA
2026-08-19,MCS,1,33,32.5,2026-08-16T01:47:58.292Z,1,B1,CP,no,NA,NA,NA
2026-08-19,MCS,1,33,32.5,2026-08-16T01:47:58.292Z,3,B1,CP,no,NA,NA,NA
2026-08-19,MCS,1,33,32.5,2026-08-16T01:47:58.292Z,4,B1,CP,no,NA,NA,NA
2026-08-19,MCS,1,33,32.5,2026-08-16T01:47:58.292Z,5,B1,CP,no,NA,NA,NA
2026-08-19,MCS,1,33,32.5,2026-08-16T01:47:58.292Z,6,B1,CP,no,NA,NA,NA
2026-08-20,MCS,1,32,31.5,2026-08-16T01:47:58.292Z,0,B1,OP,yes,NA,NA,NA
2026-08-20,MCS,1,32,31.5,2026-08-16T01:47:58.292Z,2,B1,OP,no,NA,NA,NA
2026-08-20,MCS,1,32,31.5,2026-08-16T01:47:58.292Z,4,B1,OP,no,NA,NA,NA
2026-08-20,MCS,1,32,31.5,2026-08-16T01:47:58.292Z,6,B1,OP,no,NA,NA,NA
2026-08-20,MCS,1,32,31.5,2026-08-16T01:47:58.292Z,7,B1,OP,no,NA,NA,NA
2026-08-20,MCS,1,32,31.5,2026-08-16T01:47:58.292Z,8,B1,OP,no,NA,NA,NA
2026-08-20,MCS,1,33,32.5,2026-08-16T01:47:58.292Z,0,B1,OP,yes,NA,NA,NA
2026-08-20,MCS,1,33,32.5,2026-08-16T01:47:58.292Z,1,B1,OP,yes,NA,NA,NA
2026-08-20,MCS,1,33,32.5,2026-08-16T01:47:58.292Z,3,B1,OP,no,NA,NA,NA
2026-08-20,MCS,1,33,32.5,2026-08-16T01:47:58.292Z,4,B1,OP,no,NA,NA,NA
2026-08-20,MCS,1,33,32.5,2026-08-16T01:47:58.292Z,5,B1,OP,no,NA,NA,NA
2026-08-20,MCS,1,33,32.5,2026-08-16T01:47:58.292Z,6,B1,OP,no,NA,NA,NA
2026-08-21,MCS,1,32,31.5,2026-08-16T01:47:58.292Z,0,B1,OP,yes,NA,NA,NA
2026-08-21,MCS,1,32,31.5,2026-08-16T01:47:58.292Z,2,B1,OP,yes,NA,NA,NA
2026-08-21,MCS,1,32,31.5,2026-08-16T01:47:58.292Z,4,B1,OP,no,NA,NA,NA
2026-08-21,MCS,1,32,31.5,2026-08-16T01:47:58.292Z,6,B1,OP,no,NA,NA,NA
2026-08-21,MCS,1,32,31.5,2026-08-16T01:47:58.292Z,7,B1,OP,no,NA,NA,NA
2026-08-21,MCS,1,32,31.5,2026-08-16T01:47:58.292Z,8,B1,OP,no,NA,NA,NA
2026-08-21,MCS,1,33,32.5,2026-08-16T01:47:58.292Z,0,B1,NP,yes,NA,NA,NA
2026-08-21,MCS,1,33,32.5,2026-08-16T01:47:58.292Z,1,B1,NP,yes,NA,NA,NA
2026-08-21,MCS,1,33,32.5,2026-08-16T01:47:58.292Z,3,B1,NP,yes,NA,NA,NA
2026-08-21,MCS,1,33,32.5,2026-08-16T01:47:58.292Z,4,B1,NP,no,NA,NA,NA
2026-08-21,MCS,1,33,32.5,2026-08-16T01:47:58.292Z,5,B1,NP,no,NA,NA,NA
2026-08-21,MCS,1,33,32.5,2026-08-16T01:47:58.292Z,6,B1,NP,no,NA,NA,NA
2026-08-22,MCS,1,32,31.5,2026-08-16T01:47:58.292Z,0,B1,CP,yes,NA,NA,NA
2026-08-22,MCS,1,32,31.5,2026-08-16T01:47:58.292Z,2,B1,CP,yes,NA,NA,NA
2026-08-22,MCS,1,32,31.5,2026-08-16T01:47:58.292Z,4,B1,CP,no,NA,NA,NA
2026-08-22,MCS,1,32,31.5,2026-08-16T01:47:58.292Z,6,B1,CP,no,NA,NA,NA
2026-08-22,MCS,1,32,31.5,2026-08-16T01:47:58.292Z,7,B1,CP,no,NA,NA,NA
2026-08-22,MCS,1,32,31.5,2026-08-16T01:47:58.292Z,8,B1,CP,no,NA,NA,NA
2026-08-22,MCS,1,33,32.5,2026-08-16T01:47:58.292Z,0,B1,CP,yes,NA,NA,NA
2026-08-22,MCS,1,33,32.5,2026-08-16T01:47:58.292Z,1,B1,CP,yes,NA,NA,NA
2026-08-22,MCS,1,33,32.5,2026-08-16T01:47:58.292Z,3,B1,CP,yes,NA,NA,NA
2026-08-22,MCS,1,33,32.5,2026-08-16T01:47:58.292Z,4,B1,CP,no,NA,NA,NA
2026-08-22,MCS,1,33,32.5,2026-08-16T01:47:58.292Z,5,B1,CP,no,NA,NA,NA
2026-08-22,MCS,1,33,32.5,2026-08-16T01:47:58.292Z,6,B1,CP,no,NA,NA,NA
2026-08-15,MCS,1,32,31.5,2026-08-16T01:47:58.292Z,0,B2,GL,yes,NA,NA,NA
2026-08-15,MCS,1,32,31.5,2026-08-16T01:47:58.292Z,2,B2,GL,yes,NA,NA,NA
2026-08-15,MCS,1,32,31.5,2026-08-16T01:47:58.292Z,4,B2,GL,no,NA,NA,NA
2026-08-15,MCS,1,32,31.5,2026-08-16T01:47:58.292Z,6,B2,GL,no,NA,NA,NA
2026-08-15,MCS,1,32,31.5,2026-08-16T01:47:58.292Z,7,B2,GL,no,NA,NA,NA
2026-08-15,MCS,1,32,31.5,2026-08-16T01:47:58.292Z,8,B2,GL,no,NA,NA,NA
2026-08-15,MCS,1,33,32.5,2026-08-16T01:47:58.292Z,0,B2,OP,yes,NA,NA,NA
2026-08-15,MCS,1,33,32.5,2026-08-16T01:47:58.292Z,1,B2,OP,no,NA,NA,NA
2026-08-15,MCS,1,33,32.5,2026-08-16T01:47:58.292Z,3,B2,OP,no,NA,NA,NA
2026-08-15,MCS,1,33,32.5,2026-08-16T01:47:58.292Z,4,B2,OP,no,NA,NA,NA
2026-08-15,MCS,1,33,32.5,2026-08-16T01:47:58.292Z,5,B2,OP,yes,NA,NA,NA
2026-08-15,MCS,1,33,32.5,2026-08-16T01:47:58.292Z,6,B2,OP,no,NA,NA,NA
2026-08-16,MCS,1,32,31.5,2026-08-16T01:47:58.292Z,0,B2,OP,yes,NA,NA,NA
2026-08-16,MCS,1,32,31.5,2026-08-16T01:47:58.292Z,2,B2,OP,no,NA,NA,NA
2026-08-16,MCS,1,32,31.5,2026-08-16T01:47:58.292Z,4,B2,OP,no,NA,NA,NA
2026-08-16,MCS,1,32,31.5,2026-08-16T01:47:58.292Z,6,B2,OP,no,NA,NA,NA
2026-08-16,MCS,1,32,31.5,2026-08-16T01:47:58.292Z,7,B2,OP,no,NA,NA,NA
2026-08-16,MCS,1,32,31.5,2026-08-16T01:47:58.292Z,8,B2,OP,no,NA,NA,NA
2026-08-16,MCS,1,33,32.5,2026-08-16T01:47:58.292Z,0,B2,NP,yes,NA,NA,NA
2026-08-16,MCS,1,33,32.5,2026-08-16T01:47:58.292Z,1,B2,NP,no,NA,NA,NA
2026-08-16,MCS,1,33,32.5,2026-08-16T01:47:58.292Z,3,B2,NP,no,NA,NA,NA
2026-08-16,MCS,1,33,32.5,2026-08-16T01:47:58.292Z,4,B2,NP,no,NA,NA,NA
2026-08-16,MCS,1,33,32.5,2026-08-16T01:47:58.292Z,5,B2,NP,no,NA,NA,NA
2026-08-16,MCS,1,33,32.5,2026-08-16T01:47:58.292Z,6,B2,NP,no,NA,NA,NA
2026-08-17,MCS,1,32,31.5,2026-08-16T01:47:58.292Z,0,B2,OP,yes,NA,NA,NA
2026-08-17,MCS,1,32,31.5,2026-08-16T01:47:58.292Z,2,B2,OP,no,NA,NA,NA
2026-08-17,MCS,1,32,31.5,2026-08-16T01:47:58.292Z,4,B2,OP,no,NA,NA,NA
2026-08-17,MCS,1,32,31.5,2026-08-16T01:47:58.292Z,6,B2,OP,no,NA,NA,NA
2026-08-17,MCS,1,32,31.5,2026-08-16T01:47:58.292Z,7,B2,OP,no,NA,NA,NA
2026-08-17,MCS,1,32,31.5,2026-08-16T01:47:58.292Z,8,B2,OP,no,NA,NA,NA
2026-08-17,MCS,1,33,32.5,2026-08-16T01:47:58.292Z,0,B2,OP,yes,NA,NA,NA
2026-08-17,MCS,1,33,32.5,2026-08-16T01:47:58.292Z,1,B2,OP,yes,NA,NA,NA
2026-08-17,MCS,1,33,32.5,2026-08-16T01:47:58.292Z,3,B2,OP,no,NA,NA,NA
2026-08-17,MCS,1,33,32.5,2026-08-16T01:47:58.292Z,4,B2,OP,no,NA,NA,NA
2026-08-17,MCS,1,33,32.5,2026-08-16T01:47:58.292Z,5,B2,OP,no,NA,NA,NA
2026-08-17,MCS,1,33,32.5,2026-08-16T01:47:58.292Z,6,B2,OP,no,NA,NA,NA
2026-08-18,MCS,1,32,31.5,2026-08-16T01:47:58.292Z,0,B2,OP,yes,NA,NA,NA
2026-08-18,MCS,1,32,31.5,2026-08-16T01:47:58.292Z,2,B2,OP,no,NA,NA,NA
2026-08-18,MCS,1,32,31.5,2026-08-16T01:47:58.292Z,4,B2,OP,no,NA,NA,NA
2026-08-18,MCS,1,32,31.5,2026-08-16T01:47:58.292Z,6,B2,OP,no,NA,NA,NA
2026-08-18,MCS,1,32,31.5,2026-08-16T01:47:58.292Z,7,B2,OP,no,NA,NA,NA
2026-08-18,MCS,1,32,31.5,2026-08-16T01:47:58.292Z,8,B2,OP,no,NA,NA,NA
2026-08-18,MCS,1,33,32.5,2026-08-16T01:47:58.292Z,0,B2,NP,yes,NA,NA,NA
2026-08-18,MCS,1,33,32.5,2026-08-16T01:47:58.292Z,1,B2,NP,yes,NA,NA,NA
2026-08-18,MCS,1,33,32.5,2026-08-16T01:47:58.292Z,3,B2,NP,yes,NA,NA,NA
2026-08-18,MCS,1,33,32.5,2026-08-16T01:47:58.292Z,4,B2,NP,yes,NA,NA,NA
2026-08-18,MCS,1,33,32.5,2026-08-16T01:47:58.292Z,5,B2,NP,no,NA,NA,NA
2026-08-18,MCS,1,33,32.5,2026-08-16T01:47:58.292Z,6,B2,NP,no,NA,NA,NA
2026-08-19,MCS,1,32,31.5,2026-08-16T01:47:58.292Z,0,B2,CP,yes,NA,NA,NA
2026-08-19,MCS,1,32,31.5,2026-08-16T01:47:58.292Z,2,B2,CP,yes,NA,NA,NA
2026-08-19,MCS,1,32,31.5,2026-08-16T01:47:58.292Z,4,B2,CP,yes,NA,NA,NA
2026-08-19,MCS,1,32,31.5,2026-08-16T01:47:58.292Z,6,B2,CP,no,NA,NA,NA
2026-08-19,MCS,1,32,31.5,2026-08-16T01:47:58.292Z,7,B2,CP,no,NA,NA,NA
2026-08-19,MCS,1,32,31.5,2026-08-16T01:47:58.292Z,8,B2,CP,no,NA,NA,NA
2026-08-19,MCS,1,33,32.5,2026-08-16T01:47:58.292Z,0,B2,CP,yes,NA,NA,NA
2026-08-19,MCS,1,33,32.5,2026-08-16T01:47:58.292Z,1,B2,CP,yes,NA,NA,NA
2026-08-19,MCS,1,33,32.5,2026-08-16T01:47:58.292Z,3,B2,CP,yes,NA,NA,NA
2026-08-19,MCS,1,33,32.5,2026-08-16T01:47:58.292Z,4,B2,CP,no,NA,NA,NA
2026-08-19,MCS,1,33,32.5,2026-08-16T01:47:58.292Z,5,B2,CP,no,NA,NA,NA
2026-08-19,MCS,1,33,32.5,2026-08-16T01:47:58.292Z,6,B2,CP,no,NA,NA,NA
2026-08-20,MCS,1,32,31.5,2026-08-16T01:47:58.292Z,0,B2,OP,yes,NA,NA,NA
2026-08-20,MCS,1,32,31.5,2026-08-16T01:47:58.292Z,2,B2,OP,yes,NA,NA,NA
2026-08-20,MCS,1,32,31.5,2026-08-16T01:47:58.292Z,4,B2,OP,no,NA,NA,NA
2026-08-20,MCS,1,32,31.5,2026-08-16T01:47:58.292Z,6,B2,OP,no,NA,NA,NA
2026-08-20,MCS,1,32,31.5,2026-08-16T01:47:58.292Z,7,B2,OP,no,NA,NA,NA
2026-08-20,MCS,1,32,31.5,2026-08-16T01:47:58.292Z,8,B2,OP,no,NA,NA,NA
2026-08-20,MCS,1,33,32.5,2026-08-16T01:47:58.292Z,0,B2,GL,yes,NA,NA,NA
2026-08-20,MCS,1,33,32.5,2026-08-16T01:47:58.292Z,1,B2,GL,yes,NA,NA,NA
2026-08-20,MCS,1,33,32.5,2026-08-16T01:47:58.292Z,3,B2,GL,yes,NA,NA,NA
2026-08-20,MCS,1,33,32.5,2026-08-16T01:47:58.292Z,4,B2,GL,yes,NA,NA,NA
2026-08-20,MCS,1,33,32.5,2026-08-16T01:47:58.292Z,5,B2,GL,no,NA,NA,NA
2026-08-20,MCS,1,33,32.5,2026-08-16T01:47:58.292Z,6,B2,GL,no,NA,NA,NA
2026-08-21,MCS,1,32,31.5,2026-08-16T01:47:58.292Z,0,B2,CP,yes,NA,NA,NA
2026-08-21,MCS,1,32,31.5,2026-08-16T01:47:58.292Z,2,B2,CP,yes,NA,NA,NA
2026-08-21,MCS,1,32,31.5,2026-08-16T01:47:58.292Z,4,B2,CP,yes,NA,NA,NA
2026-08-21,MCS,1,32,31.5,2026-08-16T01:47:58.292Z,6,B2,CP,no,NA,NA,NA
2026-08-21,MCS,1,32,31.5,2026-08-16T01:47:58.292Z,7,B2,CP,no,NA,NA,NA
2026-08-21,MCS,1,32,31.5,2026-08-16T01:47:58.292Z,8,B2,CP,no,NA,NA,NA
2026-08-21,MCS,1,33,32.5,2026-08-16T01:47:58.292Z,0,B2,CP,yes,NA,NA,NA
2026-08-21,MCS,1,33,32.5,2026-08-16T01:47:58.292Z,1,B2,CP,yes,NA,NA,NA
2026-08-21,MCS,1,33,32.5,2026-08-16T01:47:58.292Z,3,B2,CP,yes,NA,NA,NA
2026-08-21,MCS,1,33,32.5,2026-08-16T01:47:58.292Z,4,B2,CP,no,NA,NA,NA
2026-08-21,MCS,1,33,32.5,2026-08-16T01:47:58.292Z,5,B2,CP,no,NA,NA,NA
2026-08-21,MCS,1,33,32.5,2026-08-16T01:47:58.292Z,6,B2,CP,no,NA,NA,NA
2026-08-22,MCS,1,32,31.5,2026-08-16T01:47:58.292Z,0,B2,NP,yes,NA,NA,NA
2026-08-22,MCS,1,32,31.5,2026-08-16T01:47:58.292Z,2,B2,NP,yes,NA,NA,NA
2026-08-22,MCS,1,32,31.5,2026-08-16T01:47:58.292Z,4,B2,NP,yes,NA,NA,NA
2026-08-22,MCS,1,32,31.5,2026-08-16T01:47:58.292Z,6,B2,NP,no,NA,NA,NA
2026-08-22,MCS,1,32,31.5,2026-08-16T01:47:58.292Z,7,B2,NP,yes,NA,NA,NA
2026-08-22,MCS,1,32,31.5,2026-08-16T01:47:58.292Z,8,B2,NP,no,NA,NA,NA
2026-08-22,MCS,1,33,32.5,2026-08-16T01:47:58.292Z,0,B2,OP,yes,NA,NA,NA
2026-08-22,MCS,1,33,32.5,2026-08-16T01:47:58.292Z,1,B2,OP,yes,NA,NA,NA
2026-08-22,MCS,1,33,32.5,2026-08-16T01:47:58.292Z,3,B2,OP,yes,NA,NA,NA
2026-08-22,MCS,1,33,32.5,2026-08-16T01:47:58.292Z,4,B2,OP,no,NA,NA,NA
2026-08-22,MCS,1,33,32.5,2026-08-16T01:47:58.292Z,5,B2,OP,yes,NA,NA,NA
2026-08-22,MCS,1,33,32.5,2026-08-16T01:47:58.292Z,6,B2,OP,no,NA,NA,NA
2026-08-15,MCS,1,32,31.5,2026-08-16T01:47:58.292Z,0,B3,CP,yes,NA,NA,NA
2026-08-15,MCS,1,32,31.5,2026-08-16T01:47:58.292Z,2,B3,CP,yes,NA,NA,NA
2026-08-15,MCS,1,32,31.5,2026-08-16T01:47:58.292Z,4,B3,CP,no,NA,NA,NA
2026-08-15,MCS,1,32,31.5,2026-08-16T01:47:58.292Z,6,B3,CP,no,NA,NA,NA
2026-08-15,MCS,1,32,31.5,2026-08-16T01:47:58.292Z,7,B3,CP,no,NA,NA,NA
2026-08-15,MCS,1,32,31.5,2026-08-16T01:47:58.292Z,8,B3,CP,no,NA,NA,NA
2026-08-15,MCS,1,33,32.5,2026-08-16T01:47:58.292Z,0,B3,NP,yes,NA,NA,NA
2026-08-15,MCS,1,33,32.5,2026-08-16T01:47:58.292Z,1,B3,NP,yes,NA,NA,NA
2026-08-15,MCS,1,33,32.5,2026-08-16T01:47:58.292Z,3,B3,NP,yes,NA,NA,NA
2026-08-15,MCS,1,33,32.5,2026-08-16T01:47:58.292Z,4,B3,NP,yes,NA,NA,NA
2026-08-15,MCS,1,33,32.5,2026-08-16T01:47:58.292Z,5,B3,NP,yes,NA,NA,NA
2026-08-15,MCS,1,33,32.5,2026-08-16T01:47:58.292Z,6,B3,NP,no,NA,NA,NA
2026-08-16,MCS,1,32,31.5,2026-08-16T01:47:58.292Z,0,B3,NP,yes,NA,NA,NA
2026-08-16,MCS,1,32,31.5,2026-08-16T01:47:58.292Z,2,B3,NP,no,NA,NA,NA
2026-08-16,MCS,1,32,31.5,2026-08-16T01:47:58.292Z,4,B3,NP,no,NA,NA,NA
2026-08-16,MCS,1,32,31.5,2026-08-16T01:47:58.292Z,6,B3,NP,no,NA,NA,NA
2026-08-16,MCS,1,32,31.5,2026-08-16T01:47:58.292Z,7,B3,NP,no,NA,NA,NA
2026-08-16,MCS,1,32,31.5,2026-08-16T01:47:58.292Z,8,B3,NP,no,NA,NA,NA
2026-08-16,MCS,1,33,32.5,2026-08-16T01:47:58.292Z,0,B3,OP,yes,NA,NA,NA
2026-08-16,MCS,1,33,32.5,2026-08-16T01:47:58.292Z,1,B3,OP,yes,NA,NA,NA
2026-08-16,MCS,1,33,32.5,2026-08-16T01:47:58.292Z,3,B3,OP,yes,NA,NA,NA
2026-08-16,MCS,1,33,32.5,2026-08-16T01:47:58.292Z,4,B3,OP,no,NA,NA,NA
2026-08-16,MCS,1,33,32.5,2026-08-16T01:47:58.292Z,5,B3,OP,no,NA,NA,NA
2026-08-16,MCS,1,33,32.5,2026-08-16T01:47:58.292Z,6,B3,OP,no,NA,NA,NA
2026-08-17,MCS,1,32,31.5,2026-08-16T01:47:58.292Z,0,B3,NP,yes,NA,NA,NA
2026-08-17,MCS,1,32,31.5,2026-08-16T01:47:58.292Z,2,B3,NP,no,NA,NA,NA
2026-08-17,MCS,1,32,31.5,2026-08-16T01:47:58.292Z,4,B3,NP,no,NA,NA,NA
2026-08-17,MCS,1,32,31.5,2026-08-16T01:47:58.292Z,6,B3,NP,no,NA,NA,NA
2026-08-17,MCS,1,32,31.5,2026-08-16T01:47:58.292Z,7,B3,NP,no,NA,NA,NA
2026-08-17,MCS,1,32,31.5,2026-08-16T01:47:58.292Z,8,B3,NP,no,NA,NA,NA
2026-08-17,MCS,1,33,32.5,2026-08-16T01:47:58.292Z,0,B3,CP,yes,NA,NA,NA
2026-08-17,MCS,1,33,32.5,2026-08-16T01:47:58.292Z,1,B3,CP,yes,NA,NA,NA
2026-08-17,MCS,1,33,32.5,2026-08-16T01:47:58.292Z,3,B3,CP,yes,NA,NA,NA
2026-08-17,MCS,1,33,32.5,2026-08-16T01:47:58.292Z,4,B3,CP,no,NA,NA,NA
2026-08-17,MCS,1,33,32.5,2026-08-16T01:47:58.292Z,5,B3,CP,no,NA,NA,NA
2026-08-17,MCS,1,33,32.5,2026-08-16T01:47:58.292Z,6,B3,CP,no,NA,NA,NA
2026-08-18,MCS,1,32,31.5,2026-08-16T01:47:58.292Z,0,B3,OP,yes,NA,NA,NA
2026-08-18,MCS,1,32,31.5,2026-08-16T01:47:58.292Z,2,B3,OP,yes,NA,NA,NA
2026-08-18,MCS,1,32,31.5,2026-08-16T01:47:58.292Z,4,B3,OP,yes,NA,NA,NA
2026-08-18,MCS,1,32,31.5,2026-08-16T01:47:58.292Z,6,B3,OP,no,NA,NA,NA
2026-08-18,MCS,1,32,31.5,2026-08-16T01:47:58.292Z,7,B3,OP,no,NA,NA,NA
2026-08-18,MCS,1,32,31.5,2026-08-16T01:47:58.292Z,8,B3,OP,no,NA,NA,NA
2026-08-18,MCS,1,33,32.5,2026-08-16T01:47:58.292Z,0,B3,NP,yes,NA,NA,NA
2026-08-18,MCS,1,33,32.5,2026-08-16T01:47:58.292Z,1,B3,NP,yes,NA,NA,NA
2026-08-18,MCS,1,33,32.5,2026-08-16T01:47:58.292Z,3,B3,NP,yes,NA,NA,NA
2026-08-18,MCS,1,33,32.5,2026-08-16T01:47:58.292Z,4,B3,NP,yes,NA,NA,NA
2026-08-18,MCS,1,33,32.5,2026-08-16T01:47:58.292Z,5,B3,NP,no,NA,NA,NA
2026-08-18,MCS,1,33,32.5,2026-08-16T01:47:58.292Z,6,B3,NP,no,NA,NA,NA
2026-08-19,MCS,1,32,31.5,2026-08-16T01:47:58.292Z,0,B3,CP,yes,NA,NA,NA
2026-08-19,MCS,1,32,31.5,2026-08-16T01:47:58.292Z,2,B3,CP,yes,NA,NA,NA
2026-08-19,MCS,1,32,31.5,2026-08-16T01:47:58.292Z,4,B3,CP,yes,NA,NA,NA
2026-08-19,MCS,1,32,31.5,2026-08-16T01:47:58.292Z,6,B3,CP,no,NA,NA,NA
2026-08-19,MCS,1,32,31.5,2026-08-16T01:47:58.292Z,7,B3,CP,no,NA,NA,NA
2026-08-19,MCS,1,32,31.5,2026-08-16T01:47:58.292Z,8,B3,CP,no,NA,NA,NA
2026-08-19,MCS,1,33,32.5,2026-08-16T01:47:58.292Z,0,B3,GL,yes,NA,NA,NA
2026-08-19,MCS,1,33,32.5,2026-08-16T01:47:58.292Z,1,B3,GL,yes,NA,NA,NA
2026-08-19,MCS,1,33,32.5,2026-08-16T01:47:58.292Z,3,B3,GL,no,NA,NA,NA
2026-08-19,MCS,1,33,32.5,2026-08-16T01:47:58.292Z,4,B3,GL,no,NA,NA,NA
2026-08-19,MCS,1,33,32.5,2026-08-16T01:47:58.292Z,5,B3,GL,no,NA,NA,NA
2026-08-19,MCS,1,33,32.5,2026-08-16T01:47:58.292Z,6,B3,GL,no,NA,NA,NA
2026-08-20,MCS,1,32,31.5,2026-08-16T01:47:58.292Z,0,B3,GL,yes,NA,NA,NA
2026-08-20,MCS,1,32,31.5,2026-08-16T01:47:58.292Z,2,B3,GL,yes,NA,NA,NA
2026-08-20,MCS,1,32,31.5,2026-08-16T01:47:58.292Z,4,B3,GL,yes,NA,NA,NA
2026-08-20,MCS,1,32,31.5,2026-08-16T01:47:58.292Z,6,B3,GL,yes,NA,NA,NA
2026-08-20,MCS,1,32,31.5,2026-08-16T01:47:58.292Z,7,B3,GL,no,NA,NA,NA
2026-08-20,MCS,1,32,31.5,2026-08-16T01:47:58.292Z,8,B3,GL,no,NA,NA,NA
2026-08-20,MCS,1,33,32.5,2026-08-16T01:47:58.292Z,0,B3,CP,yes,NA,NA,NA
2026-08-20,MCS,1,33,32.5,2026-08-16T01:47:58.292Z,1,B3,CP,yes,NA,NA,NA
2026-08-20,MCS,1,33,32.5,2026-08-16T01:47:58.292Z,3,B3,CP,yes,NA,NA,NA
2026-08-20,MCS,1,33,32.5,2026-08-16T01:47:58.292Z,4,B3,CP,no,NA,NA,NA
2026-08-20,MCS,1,33,32.5,2026-08-16T01:47:58.292Z,5,B3,CP,no,NA,NA,NA
2026-08-20,MCS,1,33,32.5,2026-08-16T01:47:58.292Z,6,B3,CP,no,NA,NA,NA
2026-08-21,MCS,1,32,31.5,2026-08-16T01:47:58.292Z,0,B3,GL,yes,NA,NA,NA
2026-08-21,MCS,1,32,31.5,2026-08-16T01:47:58.292Z,2,B3,GL,yes,NA,NA,NA
2026-08-21,MCS,1,32,31.5,2026-08-16T01:47:58.292Z,4,B3,GL,no,NA,NA,NA
2026-08-21,MCS,1,32,31.5,2026-08-16T01:47:58.292Z,6,B3,GL,no,NA,NA,NA
2026-08-21,MCS,1,32,31.5,2026-08-16T01:47:58.292Z,7,B3,GL,no,NA,NA,NA
2026-08-21,MCS,1,32,31.5,2026-08-16T01:47:58.292Z,8,B3,GL,no,NA,NA,NA
2026-08-21,MCS,1,33,32.5,2026-08-16T01:47:58.292Z,0,B3,OP,yes,NA,NA,NA
2026-08-21,MCS,1,33,32.5,2026-08-16T01:47:58.292Z,1,B3,OP,no,NA,NA,NA
2026-08-21,MCS,1,33,32.5,2026-08-16T01:47:58.292Z,3,B3,OP,no,NA,NA,NA
2026-08-21,MCS,1,33,32.5,2026-08-16T01:47:58.292Z,4,B3,OP,no,NA,NA,NA
2026-08-21,MCS,1,33,32.5,2026-08-16T01:47:58.292Z,5,B3,OP,no,NA,NA,NA
2026-08-21,MCS,1,33,32.5,2026-08-16T01:47:58.292Z,6,B3,OP,no,NA,NA,NA
2026-08-22,MCS,1,32,31.5,2026-08-16T01:47:58.292Z,0,B3,GL,yes,NA,NA,NA
2026-08-22,MCS,1,32,31.5,2026-08-16T01:47:58.292Z,2,B3,GL,yes,NA,NA,NA
2026-08-22,MCS,1,32,31.5,2026-08-16T01:47:58.292Z,4,B3,GL,yes,NA,NA,NA
2026-08-22,MCS,1,32,31.5,2026-08-16T01:47:58.292Z,6,B3,GL,yes,NA,NA,NA
2026-08-22,MCS,1,32,31.5,2026-08-16T01:47:58.292Z,7,B3,GL,no,NA,NA,NA
2026-08-22,MCS,1,32,31.5,2026-08-16T01:47:58.292Z,8,B3,GL,no,NA,NA,NA
2026-08-22,MCS,1,33,32.5,2026-08-16T01:47:58.292Z,0,B3,GL,yes,NA,NA,NA
2026-08-22,MCS,1,33,32.5,2026-08-16T01:47:58.292Z,1,B3,GL,yes,NA,NA,NA
2026-08-22,MCS,1,33,32.5,2026-08-16T01:47:58.292Z,3,B3,GL,yes,NA,NA,NA
2026-08-22,MCS,1,33,32.5,2026-08-16T01:47:58.292Z,4,B3,GL,no,NA,NA,NA
2026-08-22,MCS,1,33,32.5,2026-08-16T01:47:58.292Z,5,B3,GL,yes,NA,NA,NA
2026-08-22,MCS,1,33,32.5,2026-08-16T01:47:58.292Z,6,B3,GL,no,NA,NA,NA
2026-08-15,MCS,1,32,31.5,2026-08-16T01:47:58.292Z,0,B4,CP,yes,NA,NA,NA
2026-08-15,MCS,1,32,31.5,2026-08-16T01:47:58.292Z,2,B4,CP,yes,NA,NA,NA
2026-08-15,MCS,1,32,31.5,2026-08-16T01:47:58.292Z,4,B4,CP,no,NA,NA,NA
2026-08-15,MCS,1,32,31.5,2026-08-16T01:47:58.292Z,6,B4,CP,no,NA,NA,NA
2026-08-15,MCS,1,32,31.5,2026-08-16T01:47:58.292Z,7,B4,CP,no,NA,NA,NA
2026-08-15,MCS,1,32,31.5,2026-08-16T01:47:58.292Z,8,B4,CP,no,NA,NA,NA
2026-08-15,MCS,1,33,32.5,2026-08-16T01:47:58.292Z,0,B4,NP,yes,NA,NA,NA
2026-08-15,MCS,1,33,32.5,2026-08-16T01:47:58.292Z,1,B4,NP,yes,NA,NA,NA
2026-08-15,MCS,1,33,32.5,2026-08-16T01:47:58.292Z,3,B4,NP,yes,NA,NA,NA
2026-08-15,MCS,1,33,32.5,2026-08-16T01:47:58.292Z,4,B4,NP,no,NA,NA,NA
2026-08-15,MCS,1,33,32.5,2026-08-16T01:47:58.292Z,5,B4,NP,no,NA,NA,NA
2026-08-15,MCS,1,33,32.5,2026-08-16T01:47:58.292Z,6,B4,NP,no,NA,NA,NA
2026-08-16,MCS,1,32,31.5,2026-08-16T01:47:58.292Z,0,B4,GL,yes,NA,NA,NA
2026-08-16,MCS,1,32,31.5,2026-08-16T01:47:58.292Z,2,B4,GL,yes,NA,NA,NA
2026-08-16,MCS,1,32,31.5,2026-08-16T01:47:58.292Z,4,B4,GL,yes,NA,NA,NA
2026-08-16,MCS,1,32,31.5,2026-08-16T01:47:58.292Z,6,B4,GL,yes,NA,NA,NA
2026-08-16,MCS,1,32,31.5,2026-08-16T01:47:58.292Z,7,B4,GL,no,NA,NA,NA
2026-08-16,MCS,1,32,31.5,2026-08-16T01:47:58.292Z,8,B4,GL,no,NA,NA,NA
2026-08-16,MCS,1,33,32.5,2026-08-16T01:47:58.292Z,0,B4,GL,yes,NA,NA,NA
2026-08-16,MCS,1,33,32.5,2026-08-16T01:47:58.292Z,1,B4,GL,yes,NA,NA,NA
2026-08-16,MCS,1,33,32.5,2026-08-16T01:47:58.292Z,3,B4,GL,no,NA,NA,NA
2026-08-16,MCS,1,33,32.5,2026-08-16T01:47:58.292Z,4,B4,GL,no,NA,NA,NA
2026-08-16,MCS,1,33,32.5,2026-08-16T01:47:58.292Z,5,B4,GL,no,NA,NA,NA
2026-08-16,MCS,1,33,32.5,2026-08-16T01:47:58.292Z,6,B4,GL,no,NA,NA,NA
2026-08-17,MCS,1,32,31.5,2026-08-16T01:47:58.292Z,0,B4,GL,yes,NA,NA,NA
2026-08-17,MCS,1,32,31.5,2026-08-16T01:47:58.292Z,2,B4,GL,yes,NA,NA,NA
2026-08-17,MCS,1,32,31.5,2026-08-16T01:47:58.292Z,4,B4,GL,yes,NA,NA,NA
2026-08-17,MCS,1,32,31.5,2026-08-16T01:47:58.292Z,6,B4,GL,yes,NA,NA,NA
2026-08-17,MCS,1,32,31.5,2026-08-16T01:47:58.292Z,7,B4,GL,yes,NA,NA,NA
2026-08-17,MCS,1,32,31.5,2026-08-16T01:47:58.292Z,8,B4,GL,no,NA,NA,NA
2026-08-17,MCS,1,33,32.5,2026-08-16T01:47:58.292Z,0,B4,NP,yes,NA,NA,NA
2026-08-17,MCS,1,33,32.5,2026-08-16T01:47:58.292Z,1,B4,NP,yes,NA,NA,NA
2026-08-17,MCS,1,33,32.5,2026-08-16T01:47:58.292Z,3,B4,NP,yes,NA,NA,NA
2026-08-17,MCS,1,33,32.5,2026-08-16T01:47:58.292Z,4,B4,NP,yes,NA,NA,NA
2026-08-17,MCS,1,33,32.5,2026-08-16T01:47:58.292Z,5,B4,NP,yes,NA,NA,NA
2026-08-17,MCS,1,33,32.5,2026-08-16T01:47:58.292Z,6,B4,NP,no,NA,NA,NA
2026-08-18,MCS,1,32,31.5,2026-08-16T01:47:58.292Z,0,B4,OP,yes,NA,NA,NA
2026-08-18,MCS,1,32,31.5,2026-08-16T01:47:58.292Z,2,B4,OP,yes,NA,NA,NA
2026-08-18,MCS,1,32,31.5,2026-08-16T01:47:58.292Z,4,B4,OP,no,NA,NA,NA
2026-08-18,MCS,1,32,31.5,2026-08-16T01:47:58.292Z,6,B4,OP,no,NA,NA,NA
2026-08-18,MCS,1,32,31.5,2026-08-16T01:47:58.292Z,7,B4,OP,no,NA,NA,NA
2026-08-18,MCS,1,32,31.5,2026-08-16T01:47:58.292Z,8,B4,OP,no,NA,NA,NA
2026-08-18,MCS,1,33,32.5,2026-08-16T01:47:58.292Z,0,B4,CP,yes,NA,NA,NA
2026-08-18,MCS,1,33,32.5,2026-08-16T01:47:58.292Z,1,B4,CP,no,NA,NA,NA
2026-08-18,MCS,1,33,32.5,2026-08-16T01:47:58.292Z,3,B4,CP,no,NA,NA,NA
2026-08-18,MCS,1,33,32.5,2026-08-16T01:47:58.292Z,4,B4,CP,no,NA,NA,NA
2026-08-18,MCS,1,33,32.5,2026-08-16T01:47:58.292Z,5,B4,CP,no,NA,NA,NA
2026-08-18,MCS,1,33,32.5,2026-08-16T01:47:58.292Z,6,B4,CP,no,NA,NA,NA
2026-08-19,MCS,1,32,31.5,2026-08-16T01:47:58.292Z,0,B4,OP,yes,NA,NA,NA
2026-08-19,MCS,1,32,31.5,2026-08-16T01:47:58.292Z,2,B4,OP,yes,NA,NA,NA
2026-08-19,MCS,1,32,31.5,2026-08-16T01:47:58.292Z,4,B4,OP,no,NA,NA,NA
2026-08-19,MCS,1,32,31.5,2026-08-16T01:47:58.292Z,6,B4,OP,no,NA,NA,NA
2026-08-19,MCS,1,32,31.5,2026-08-16T01:47:58.292Z,7,B4,OP,no,NA,NA,NA
2026-08-19,MCS,1,32,31.5,2026-08-16T01:47:58.292Z,8,B4,OP,no,NA,NA,NA
2026-08-19,MCS,1,33,32.5,2026-08-16T01:47:58.292Z,0,B4,NP,yes,NA,NA,NA
2026-08-19,MCS,1,33,32.5,2026-08-16T01:47:58.292Z,1,B4,NP,yes,NA,NA,NA
2026-08-19,MCS,1,33,32.5,2026-08-16T01:47:58.292Z,3,B4,NP,yes,NA,NA,NA
2026-08-19,MCS,1,33,32.5,2026-08-16T01:47:58.292Z,4,B4,NP,yes,NA,NA,NA
2026-08-19,MCS,1,33,32.5,2026-08-16T01:47:58.292Z,5,B4,NP,no,NA,NA,NA
2026-08-19,MCS,1,33,32.5,2026-08-16T01:47:58.292Z,6,B4,NP,no,NA,NA,NA
2026-08-20,MCS,1,32,31.5,2026-08-16T01:47:58.292Z,0,B4,OP,yes,NA,NA,NA
2026-08-20,MCS,1,32,31.5,2026-08-16T01:47:58.292Z,2,B4,OP,no,NA,NA,NA
2026-08-20,MCS,1,32,31.5,2026-08-16T01:47:58.292Z,4,B4,OP,yes,NA,NA,NA
2026-08-20,MCS,1,32,31.5,2026-08-16T01:47:58.292Z,6,B4,OP,no,NA,NA,NA
2026-08-20,MCS,1,32,31.5,2026-08-16T01:47:58.292Z,7,B4,OP,no,NA,NA,NA
2026-08-20,MCS,1,32,31.5,2026-08-16T01:47:58.292Z,8,B4,OP,no,NA,NA,NA
2026-08-20,MCS,1,33,32.5,2026-08-16T01:47:58.292Z,0,B4,OP,yes,NA,NA,NA
2026-08-20,MCS,1,33,32.5,2026-08-16T01:47:58.292Z,1,B4,OP,no,NA,NA,NA
2026-08-20,MCS,1,33,32.5,2026-08-16T01:47:58.292Z,3,B4,OP,no,NA,NA,NA
2026-08-20,MCS,1,33,32.5,2026-08-16T01:47:58.292Z,4,B4,OP,no,NA,NA,NA
2026-08-20,MCS,1,33,32.5,2026-08-16T01:47:58.292Z,5,B4,OP,no,NA,NA,NA
2026-08-20,MCS,1,33,32.5,2026-08-16T01:47:58.292Z,6,B4,OP,no,NA,NA,NA
2026-08-21,MCS,1,32,31.5,2026-08-16T01:47:58.292Z,0,B4,NP,yes,NA,NA,NA
2026-08-21,MCS,1,32,31.5,2026-08-16T01:47:58.292Z,2,B4,NP,yes,NA,NA,NA
2026-08-21,MCS,1,32,31.5,2026-08-16T01:47:58.292Z,4,B4,NP,no,NA,NA,NA
2026-08-21,MCS,1,32,31.5,2026-08-16T01:47:58.292Z,6,B4,NP,no,NA,NA,NA
2026-08-21,MCS,1,32,31.5,2026-08-16T01:47:58.292Z,7,B4,NP,no,NA,NA,NA
2026-08-21,MCS,1,32,31.5,2026-08-16T01:47:58.292Z,8,B4,NP,no,NA,NA,NA
2026-08-21,MCS,1,33,32.5,2026-08-16T01:47:58.292Z,0,B4,GL,yes,NA,NA,NA
2026-08-21,MCS,1,33,32.5,2026-08-16T01:47:58.292Z,1,B4,GL,yes,NA,NA,NA
2026-08-21,MCS,1,33,32.5,2026-08-16T01:47:58.292Z,3,B4,GL,no,NA,NA,NA
2026-08-21,MCS,1,33,32.5,2026-08-16T01:47:58.292Z,4,B4,GL,no,NA,NA,NA
2026-08-21,MCS,1,33,32.5,2026-08-16T01:47:58.292Z,5,B4,GL,no,NA,NA,NA
2026-08-21,MCS,1,33,32.5,2026-08-16T01:47:58.292Z,6,B4,GL,no,NA,NA,NA
2026-08-22,MCS,1,32,31.5,2026-08-16T01:47:58.292Z,0,B4,OP,yes,NA,NA,NA
2026-08-22,MCS,1,32,31.5,2026-08-16T01:47:58.292Z,2,B4,OP,no,NA,NA,NA
2026-08-22,MCS,1,32,31.5,2026-08-16T01:47:58.292Z,4,B4,OP,no,NA,NA,NA
2026-08-22,MCS,1,32,31.5,2026-08-16T01:47:58.292Z,6,B4,OP,no,NA,NA,NA
2026-08-22,MCS,1,32,31.5,2026-08-16T01:47:58.292Z,7,B4,OP,no,NA,NA,NA
2026-08-22,MCS,1,32,31.5,2026-08-16T01:47:58.292Z,8,B4,OP,no,NA,NA,NA
2026-08-22,MCS,1,33,32.5,2026-08-16T01:47:58.292Z,0,B4,GL,yes,NA,NA,NA
2026-08-22,MCS,1,33,32.5,2026-08-16T01:47:58.292Z,1,B4,GL,yes,NA,NA,NA
2026-08-22,MCS,1,33,32.5,2026-08-16T01:47:58.292Z,3,B4,GL,no,NA,NA,NA
2026-08-22,MCS,1,33,32.5,2026-08-16T01:47:58.292Z,4,B4,GL,no,NA,NA,NA
2026-08-22,MCS,1,33,32.5,2026-08-16T01:47:58.292Z,5,B4,GL,no,NA,NA,NA
2026-08-22,MCS,1,33,32.5,2026-08-16T01:47:58.292Z,6,B4,GL,no,NA,NA,NA
2026-08-15,MCS,1,32,31.5,2026-08-16T01:47:58.292Z,0,B5,OP,yes,NA,NA,NA
2026-08-15,MCS,1,32,31.5,2026-08-16T01:47:58.292Z,2,B5,OP,yes,NA,NA,NA
2026-08-15,MCS,1,32,31.5,2026-08-16T01:47:58.292Z,4,B5,OP,no,NA,NA,NA
2026-08-15,MCS,1,32,31.5,2026-08-16T01:47:58.292Z,6,B5,OP,no,NA,NA,NA
2026-08-15,MCS,1,32,31.5,2026-08-16T01:47:58.292Z,7,B5,OP,no,NA,NA,NA
2026-08-15,MCS,1,32,31.5,2026-08-16T01:47:58.292Z,8,B5,OP,no,NA,NA,NA
2026-08-15,MCS,1,33,32.5,2026-08-16T01:47:58.292Z,0,B5,GL,yes,NA,NA,NA
2026-08-15,MCS,1,33,32.5,2026-08-16T01:47:58.292Z,1,B5,GL,yes,NA,NA,NA
2026-08-15,MCS,1,33,32.5,2026-08-16T01:47:58.292Z,3,B5,GL,yes,NA,NA,NA
2026-08-15,MCS,1,33,32.5,2026-08-16T01:47:58.292Z,4,B5,GL,yes,NA,NA,NA
2026-08-15,MCS,1,33,32.5,2026-08-16T01:47:58.292Z,5,B5,GL,yes,NA,NA,NA
2026-08-15,MCS,1,33,32.5,2026-08-16T01:47:58.292Z,6,B5,GL,no,NA,NA,NA
2026-08-16,MCS,1,32,31.5,2026-08-16T01:47:58.292Z,0,B5,NP,yes,NA,NA,NA
2026-08-16,MCS,1,32,31.5,2026-08-16T01:47:58.292Z,2,B5,NP,yes,NA,NA,NA
2026-08-16,MCS,1,32,31.5,2026-08-16T01:47:58.292Z,4,B5,NP,yes,NA,NA,NA
2026-08-16,MCS,1,32,31.5,2026-08-16T01:47:58.292Z,6,B5,NP,yes,NA,NA,NA
2026-08-16,MCS,1,32,31.5,2026-08-16T01:47:58.292Z,7,B5,NP,yes,NA,NA,NA
2026-08-16,MCS,1,32,31.5,2026-08-16T01:47:58.292Z,8,B5,NP,no,NA,NA,NA
2026-08-16,MCS,1,33,32.5,2026-08-16T01:47:58.292Z,0,B5,CP,yes,NA,NA,NA
2026-08-16,MCS,1,33,32.5,2026-08-16T01:47:58.292Z,1,B5,CP,yes,NA,NA,NA
2026-08-16,MCS,1,33,32.5,2026-08-16T01:47:58.292Z,3,B5,CP,yes,NA,NA,NA
2026-08-16,MCS,1,33,32.5,2026-08-16T01:47:58.292Z,4,B5,CP,no,NA,NA,NA
2026-08-16,MCS,1,33,32.5,2026-08-16T01:47:58.292Z,5,B5,CP,no,NA,NA,NA
2026-08-16,MCS,1,33,32.5,2026-08-16T01:47:58.292Z,6,B5,CP,no,NA,NA,NA
2026-08-17,MCS,1,32,31.5,2026-08-16T01:47:58.292Z,0,B5,NP,yes,NA,NA,NA
2026-08-17,MCS,1,32,31.5,2026-08-16T01:47:58.292Z,2,B5,NP,yes,NA,NA,NA
2026-08-17,MCS,1,32,31.5,2026-08-16T01:47:58.292Z,4,B5,NP,yes,NA,NA,NA
2026-08-17,MCS,1,32,31.5,2026-08-16T01:47:58.292Z,6,B5,NP,yes,NA,NA,NA
2026-08-17,MCS,1,32,31.5,2026-08-16T01:47:58.292Z,7,B5,NP,no,NA,NA,NA
2026-08-17,MCS,1,32,31.5,2026-08-16T01:47:58.292Z,8,B5,NP,no,NA,NA,NA
2026-08-17,MCS,1,33,32.5,2026-08-16T01:47:58.292Z,0,B5,CP,yes,NA,NA,NA
2026-08-17,MCS,1,33,32.5,2026-08-16T01:47:58.292Z,1,B5,CP,yes,NA,NA,NA
2026-08-17,MCS,1,33,32.5,2026-08-16T01:47:58.292Z,3,B5,CP,yes,NA,NA,NA
2026-08-17,MCS,1,33,32.5,2026-08-16T01:47:58.292Z,4,B5,CP,no,NA,NA,NA
2026-08-17,MCS,1,33,32.5,2026-08-16T01:47:58.292Z,5,B5,CP,no,NA,NA,NA
2026-08-17,MCS,1,33,32.5,2026-08-16T01:47:58.292Z,6,B5,CP,no,NA,NA,NA
2026-08-18,MCS,1,32,31.5,2026-08-16T01:47:58.292Z,0,B5,NP,yes,NA,NA,NA
2026-08-18,MCS,1,32,31.5,2026-08-16T01:47:58.292Z,2,B5,NP,yes,NA,NA,NA
2026-08-18,MCS,1,32,31.5,2026-08-16T01:47:58.292Z,4,B5,NP,yes,NA,NA,NA
2026-08-18,MCS,1,32,31.5,2026-08-16T01:47:58.292Z,6,B5,NP,no,NA,NA,NA
2026-08-18,MCS,1,32,31.5,2026-08-16T01:47:58.292Z,7,B5,NP,no,NA,NA,NA
2026-08-18,MCS,1,32,31.5,2026-08-16T01:47:58.292Z,8,B5,NP,no,NA,NA,NA
2026-08-18,MCS,1,33,32.5,2026-08-16T01:47:58.292Z,0,B5,NP,yes,NA,NA,NA
2026-08-18,MCS,1,33,32.5,2026-08-16T01:47:58.292Z,1,B5,NP,yes,NA,NA,NA
2026-08-18,MCS,1,33,32.5,2026-08-16T01:47:58.292Z,3,B5,NP,yes,NA,NA,NA
2026-08-18,MCS,1,33,32.5,2026-08-16T01:47:58.292Z,4,B5,NP,no,NA,NA,NA
2026-08-18,MCS,1,33,32.5,2026-08-16T01:47:58.292Z,5,B5,NP,no,NA,NA,NA
2026-08-18,MCS,1,33,32.5,2026-08-16T01:47:58.292Z,6,B5,NP,no,NA,NA,NA
2026-08-19,MCS,1,32,31.5,2026-08-16T01:47:58.292Z,0,B5,OP,yes,NA,NA,NA
2026-08-19,MCS,1,32,31.5,2026-08-16T01:47:58.292Z,2,B5,OP,no,NA,NA,NA
2026-08-19,MCS,1,32,31.5,2026-08-16T01:47:58.292Z,4,B5,OP,no,NA,NA,NA
2026-08-19,MCS,1,32,31.5,2026-08-16T01:47:58.292Z,6,B5,OP,no,NA,NA,NA
2026-08-19,MCS,1,32,31.5,2026-08-16T01:47:58.292Z,7,B5,OP,no,NA,NA,NA
2026-08-19,MCS,1,32,31.5,2026-08-16T01:47:58.292Z,8,B5,OP,no,NA,NA,NA
2026-08-19,MCS,1,33,32.5,2026-08-16T01:47:58.292Z,0,B5,CP,yes,NA,NA,NA
2026-08-19,MCS,1,33,32.5,2026-08-16T01:47:58.292Z,1,B5,CP,yes,NA,NA,NA
2026-08-19,MCS,1,33,32.5,2026-08-16T01:47:58.292Z,3,B5,CP,yes,NA,NA,NA
2026-08-19,MCS,1,33,32.5,2026-08-16T01:47:58.292Z,4,B5,CP,no,NA,NA,NA
2026-08-19,MCS,1,33,32.5,2026-08-16T01:47:58.292Z,5,B5,CP,no,NA,NA,NA
2026-08-19,MCS,1,33,32.5,2026-08-16T01:47:58.292Z,6,B5,CP,no,NA,NA,NA
2026-08-20,MCS,1,32,31.5,2026-08-16T01:47:58.292Z,0,B5,CP,yes,NA,NA,NA
2026-08-20,MCS,1,32,31.5,2026-08-16T01:47:58.292Z,2,B5,CP,no,NA,NA,NA
2026-08-20,MCS,1,32,31.5,2026-08-16T01:47:58.292Z,4,B5,CP,yes,NA,NA,NA
2026-08-20,MCS,1,32,31.5,2026-08-16T01:47:58.292Z,6,B5,CP,no,NA,NA,NA
2026-08-20,MCS,1,32,31.5,2026-08-16T01:47:58.292Z,7,B5,CP,no,NA,NA,NA
2026-08-20,MCS,1,32,31.5,2026-08-16T01:47:58.292Z,8,B5,CP,no,NA,NA,NA
2026-08-20,MCS,1,33,32.5,2026-08-16T01:47:58.292Z,0,B5,NP,yes,NA,NA,NA
2026-08-20,MCS,1,33,32.5,2026-08-16T01:47:58.292Z,1,B5,NP,yes,NA,NA,NA
2026-08-20,MCS,1,33,32.5,2026-08-16T01:47:58.292Z,3,B5,NP,no,NA,NA,NA
2026-08-20,MCS,1,33,32.5,2026-08-16T01:47:58.292Z,4,B5,NP,no,NA,NA,NA
2026-08-20,MCS,1,33,32.5,2026-08-16T01:47:58.292Z,5,B5,NP,no,NA,NA,NA
2026-08-20,MCS,1,33,32.5,2026-08-16T01:47:58.292Z,6,B5,NP,no,NA,NA,NA
2026-08-21,MCS,1,32,31.5,2026-08-16T01:47:58.292Z,0,B5,OP,yes,NA,NA,NA
2026-08-21,MCS,1,32,31.5,2026-08-16T01:47:58.292Z,2,B5,OP,yes,NA,NA,NA
2026-08-21,MCS,1,32,31.5,2026-08-16T01:47:58.292Z,4,B5,OP,yes,NA,NA,NA
2026-08-21,MCS,1,32,31.5,2026-08-16T01:47:58.292Z,6,B5,OP,no,NA,NA,NA
2026-08-21,MCS,1,32,31.5,2026-08-16T01:47:58.292Z,7,B5,OP,no,NA,NA,NA
2026-08-21,MCS,1,32,31.5,2026-08-16T01:47:58.292Z,8,B5,OP,no,NA,NA,NA
2026-08-21,MCS,1,33,32.5,2026-08-16T01:47:58.292Z,0,B5,CP,yes,NA,NA,NA
2026-08-21,MCS,1,33,32.5,2026-08-16T01:47:58.292Z,1,B5,CP,yes,NA,NA,NA
2026-08-21,MCS,1,33,32.5,2026-08-16T01:47:58.292Z,3,B5,CP,no,NA,NA,NA
2026-08-21,MCS,1,33,32.5,2026-08-16T01:47:58.292Z,4,B5,CP,yes,NA,NA,NA
2026-08-21,MCS,1,33,32.5,2026-08-16T01:47:58.292Z,5,B5,CP,no,NA,NA,NA
2026-08-21,MCS,1,33,32.5,2026-08-16T01:47:58.292Z,6,B5,CP,no,NA,NA,NA
2026-08-22,MCS,1,32,31.5,2026-08-16T01:47:58.292Z,0,B5,GL,yes,NA,NA,NA
2026-08-22,MCS,1,32,31.5,2026-08-16T01:47:58.292Z,2,B5,GL,yes,NA,NA,NA
2026-08-22,MCS,1,32,31.5,2026-08-16T01:47:58.292Z,4,B5,GL,yes,NA,NA,NA
2026-08-22,MCS,1,32,31.5,2026-08-16T01:47:58.292Z,6,B5,GL,no,NA,NA,NA
2026-08-22,MCS,1,32,31.5,2026-08-16T01:47:58.292Z,7,B5,GL,no,NA,NA,NA
2026-08-22,MCS,1,32,31.5,2026-08-16T01:47:58.292Z,8,B5,GL,no,NA,NA,NA
2026-08-22,MCS,1,33,32.5,2026-08-16T01:47:58.292Z,0,B5,OP,yes,NA,NA,NA
2026-08-22,MCS,1,33,32.5,2026-08-16T01:47:58.292Z,1,B5,OP,yes,NA,NA,NA
2026-08-22,MCS,1,33,32.5,2026-08-16T01:47:58.292Z,3,B5,OP,no,NA,NA,NA
2026-08-22,MCS,1,33,32.5,2026-08-16T01:47:58.292Z,4,B5,OP,no,NA,NA,NA
2026-08-22,MCS,1,33,32.5,2026-08-16T01:47:58.292Z,5,B5,OP,no,NA,NA,NA
2026-08-22,MCS,1,33,32.5,2026-08-16T01:47:58.292Z,6,B5,OP,yes,NA,NA,NA
2026-08-15,MCS,1,32,31.5,2026-08-16T01:47:58.292Z,0,C1,NP,yes,NA,NA,NA
2026-08-15,MCS,1,32,31.5,2026-08-16T01:47:58.292Z,2,C1,NP,yes,NA,NA,NA
2026-08-15,MCS,1,32,31.5,2026-08-16T01:47:58.292Z,4,C1,NP,yes,NA,NA,NA
2026-08-15,MCS,1,32,31.5,2026-08-16T01:47:58.292Z,6,C1,NP,no,NA,NA,NA
2026-08-15,MCS,1,32,31.5,2026-08-16T01:47:58.292Z,7,C1,NP,no,NA,NA,NA
2026-08-15,MCS,1,32,31.5,2026-08-16T01:47:58.292Z,8,C1,NP,no,NA,NA,NA
2026-08-15,MCS,1,33,32.5,2026-08-16T01:47:58.292Z,0,C1,OP,yes,NA,NA,NA
2026-08-15,MCS,1,33,32.5,2026-08-16T01:47:58.292Z,1,C1,OP,yes,NA,NA,NA
2026-08-15,MCS,1,33,32.5,2026-08-16T01:47:58.292Z,3,C1,OP,yes,NA,NA,NA
2026-08-15,MCS,1,33,32.5,2026-08-16T01:47:58.292Z,4,C1,OP,no,NA,NA,NA
2026-08-15,MCS,1,33,32.5,2026-08-16T01:47:58.292Z,5,C1,OP,no,NA,NA,NA
2026-08-15,MCS,1,33,32.5,2026-08-16T01:47:58.292Z,6,C1,OP,no,NA,NA,NA
2026-08-16,MCS,1,32,31.5,2026-08-16T01:47:58.292Z,0,C1,GL,yes,NA,NA,NA
2026-08-16,MCS,1,32,31.5,2026-08-16T01:47:58.292Z,2,C1,GL,yes,NA,NA,NA
2026-08-16,MCS,1,32,31.5,2026-08-16T01:47:58.292Z,4,C1,GL,yes,NA,NA,NA
2026-08-16,MCS,1,32,31.5,2026-08-16T01:47:58.292Z,6,C1,GL,no,NA,NA,NA
2026-08-16,MCS,1,32,31.5,2026-08-16T01:47:58.292Z,7,C1,GL,no,NA,NA,NA
2026-08-16,MCS,1,32,31.5,2026-08-16T01:47:58.292Z,8,C1,GL,no,NA,NA,NA
2026-08-16,MCS,1,33,32.5,2026-08-16T01:47:58.292Z,0,C1,OP,yes,NA,NA,NA
2026-08-16,MCS,1,33,32.5,2026-08-16T01:47:58.292Z,1,C1,OP,yes,NA,NA,NA
2026-08-16,MCS,1,33,32.5,2026-08-16T01:47:58.292Z,3,C1,OP,no,NA,NA,NA
2026-08-16,MCS,1,33,32.5,2026-08-16T01:47:58.292Z,4,C1,OP,no,NA,NA,NA
2026-08-16,MCS,1,33,32.5,2026-08-16T01:47:58.292Z,5,C1,OP,no,NA,NA,NA
2026-08-16,MCS,1,33,32.5,2026-08-16T01:47:58.292Z,6,C1,OP,no,NA,NA,NA
2026-08-17,MCS,1,32,31.5,2026-08-16T01:47:58.292Z,0,C1,GL,yes,NA,NA,NA
2026-08-17,MCS,1,32,31.5,2026-08-16T01:47:58.292Z,2,C1,GL,yes,NA,NA,NA
2026-08-17,MCS,1,32,31.5,2026-08-16T01:47:58.292Z,4,C1,GL,no,NA,NA,NA
2026-08-17,MCS,1,32,31.5,2026-08-16T01:47:58.292Z,6,C1,GL,no,NA,NA,NA
2026-08-17,MCS,1,32,31.5,2026-08-16T01:47:58.292Z,7,C1,GL,no,NA,NA,NA
2026-08-17,MCS,1,32,31.5,2026-08-16T01:47:58.292Z,8,C1,GL,no,NA,NA,NA
2026-08-17,MCS,1,33,32.5,2026-08-16T01:47:58.292Z,0,C1,NP,yes,NA,NA,NA
2026-08-17,MCS,1,33,32.5,2026-08-16T01:47:58.292Z,1,C1,NP,yes,NA,NA,NA
2026-08-17,MCS,1,33,32.5,2026-08-16T01:47:58.292Z,3,C1,NP,yes,NA,NA,NA
2026-08-17,MCS,1,33,32.5,2026-08-16T01:47:58.292Z,4,C1,NP,yes,NA,NA,NA
2026-08-17,MCS,1,33,32.5,2026-08-16T01:47:58.292Z,5,C1,NP,no,NA,NA,NA
2026-08-17,MCS,1,33,32.5,2026-08-16T01:47:58.292Z,6,C1,NP,no,NA,NA,NA
2026-08-18,MCS,1,32,31.5,2026-08-16T01:47:58.292Z,0,C1,OP,yes,NA,NA,NA
2026-08-18,MCS,1,32,31.5,2026-08-16T01:47:58.292Z,2,C1,OP,no,NA,NA,NA
2026-08-18,MCS,1,32,31.5,2026-08-16T01:47:58.292Z,4,C1,OP,no,NA,NA,NA
2026-08-18,MCS,1,32,31.5,2026-08-16T01:47:58.292Z,6,C1,OP,no,NA,NA,NA
2026-08-18,MCS,1,32,31.5,2026-08-16T01:47:58.292Z,7,C1,OP,no,NA,NA,NA
2026-08-18,MCS,1,32,31.5,2026-08-16T01:47:58.292Z,8,C1,OP,no,NA,NA,NA
2026-08-18,MCS,1,33,32.5,2026-08-16T01:47:58.292Z,0,C1,NP,yes,NA,NA,NA
2026-08-18,MCS,1,33,32.5,2026-08-16T01:47:58.292Z,1,C1,NP,yes,NA,NA,NA
2026-08-18,MCS,1,33,32.5,2026-08-16T01:47:58.292Z,3,C1,NP,yes,NA,NA,NA
2026-08-18,MCS,1,33,32.5,2026-08-16T01:47:58.292Z,4,C1,NP,no,NA,NA,NA
2026-08-18,MCS,1,33,32.5,2026-08-16T01:47:58.292Z,5,C1,NP,no,NA,NA,NA
2026-08-18,MCS,1,33,32.5,2026-08-16T01:47:58.292Z,6,C1,NP,no,NA,NA,NA
2026-08-19,MCS,1,32,31.5,2026-08-16T01:47:58.292Z,0,C1,CP,yes,NA,NA,NA
2026-08-19,MCS,1,32,31.5,2026-08-16T01:47:58.292Z,2,C1,CP,yes,NA,NA,NA
2026-08-19,MCS,1,32,31.5,2026-08-16T01:47:58.292Z,4,C1,CP,no,NA,NA,NA
2026-08-19,MCS,1,32,31.5,2026-08-16T01:47:58.292Z,6,C1,CP,no,NA,NA,NA
2026-08-19,MCS,1,32,31.5,2026-08-16T01:47:58.292Z,7,C1,CP,no,NA,NA,NA
2026-08-19,MCS,1,32,31.5,2026-08-16T01:47:58.292Z,8,C1,CP,no,NA,NA,NA
2026-08-19,MCS,1,33,32.5,2026-08-16T01:47:58.292Z,0,C1,GL,yes,NA,NA,NA
2026-08-19,MCS,1,33,32.5,2026-08-16T01:47:58.292Z,1,C1,GL,yes,NA,NA,NA
2026-08-19,MCS,1,33,32.5,2026-08-16T01:47:58.292Z,3,C1,GL,yes,NA,NA,NA
2026-08-19,MCS,1,33,32.5,2026-08-16T01:47:58.292Z,4,C1,GL,yes,NA,NA,NA
2026-08-19,MCS,1,33,32.5,2026-08-16T01:47:58.292Z,5,C1,GL,no,NA,NA,NA
2026-08-19,MCS,1,33,32.5,2026-08-16T01:47:58.292Z,6,C1,GL,no,NA,NA,NA
2026-08-20,MCS,1,32,31.5,2026-08-16T01:47:58.292Z,0,C1,CP,yes,NA,NA,NA
2026-08-20,MCS,1,32,31.5,2026-08-16T01:47:58.292Z,2,C1,CP,no,NA,NA,NA
2026-08-20,MCS,1,32,31.5,2026-08-16T01:47:58.292Z,4,C1,CP,no,NA,NA,NA
2026-08-20,MCS,1,32,31.5,2026-08-16T01:47:58.292Z,6,C1,CP,no,NA,NA,NA
2026-08-20,MCS,1,32,31.5,2026-08-16T01:47:58.292Z,7,C1,CP,no,NA,NA,NA
2026-08-20,MCS,1,32,31.5,2026-08-16T01:47:58.292Z,8,C1,CP,no,NA,NA,NA
2026-08-20,MCS,1,33,32.5,2026-08-16T01:47:58.292Z,0,C1,GL,yes,NA,NA,NA
2026-08-20,MCS,1,33,32.5,2026-08-16T01:47:58.292Z,1,C1,GL,yes,NA,NA,NA
2026-08-20,MCS,1,33,32.5,2026-08-16T01:47:58.292Z,3,C1,GL,yes,NA,NA,NA
2026-08-20,MCS,1,33,32.5,2026-08-16T01:47:58.292Z,4,C1,GL,no,NA,NA,NA
2026-08-20,MCS,1,33,32.5,2026-08-16T01:47:58.292Z,5,C1,GL,no,NA,NA,NA
2026-08-20,MCS,1,33,32.5,2026-08-16T01:47:58.292Z,6,C1,GL,no,NA,NA,NA
2026-08-21,MCS,1,32,31.5,2026-08-16T01:47:58.292Z,0,C1,GL,yes,NA,NA,NA
2026-08-21,MCS,1,32,31.5,2026-08-16T01:47:58.292Z,2,C1,GL,yes,NA,NA,NA
2026-08-21,MCS,1,32,31.5,2026-08-16T01:47:58.292Z,4,C1,GL,yes,NA,NA,NA
2026-08-21,MCS,1,32,31.5,2026-08-16T01:47:58.292Z,6,C1,GL,no,NA,NA,NA
2026-08-21,MCS,1,32,31.5,2026-08-16T01:47:58.292Z,7,C1,GL,no,NA,NA,NA
2026-08-21,MCS,1,32,31.5,2026-08-16T01:47:58.292Z,8,C1,GL,no,NA,NA,NA
2026-08-21,MCS,1,33,32.5,2026-08-16T01:47:58.292Z,0,C1,CP,yes,NA,NA,NA
2026-08-21,MCS,1,33,32.5,2026-08-16T01:47:58.292Z,1,C1,CP,yes,NA,NA,NA
2026-08-21,MCS,1,33,32.5,2026-08-16T01:47:58.292Z,3,C1,CP,yes,NA,NA,NA
2026-08-21,MCS,1,33,32.5,2026-08-16T01:47:58.292Z,4,C1,CP,yes,NA,NA,NA
2026-08-21,MCS,1,33,32.5,2026-08-16T01:47:58.292Z,5,C1,CP,no,NA,NA,NA
2026-08-21,MCS,1,33,32.5,2026-08-16T01:47:58.292Z,6,C1,CP,no,NA,NA,NA
2026-08-22,MCS,1,32,31.5,2026-08-16T01:47:58.292Z,0,C1,GL,yes,NA,NA,NA
2026-08-22,MCS,1,32,31.5,2026-08-16T01:47:58.292Z,2,C1,GL,yes,NA,NA,NA
2026-08-22,MCS,1,32,31.5,2026-08-16T01:47:58.292Z,4,C1,GL,yes,NA,NA,NA
2026-08-22,MCS,1,32,31.5,2026-08-16T01:47:58.292Z,6,C1,GL,yes,NA,NA,NA
2026-08-22,MCS,1,32,31.5,2026-08-16T01:47:58.292Z,7,C1,GL,no,NA,NA,NA
2026-08-22,MCS,1,32,31.5,2026-08-16T01:47:58.292Z,8,C1,GL,no,NA,NA,NA
2026-08-22,MCS,1,33,32.5,2026-08-16T01:47:58.292Z,0,C1,OP,yes,NA,NA,NA
2026-08-22,MCS,1,33,32.5,2026-08-16T01:47:58.292Z,1,C1,OP,no,NA,NA,NA
2026-08-22,MCS,1,33,32.5,2026-08-16T01:47:58.292Z,3,C1,OP,no,NA,NA,NA
2026-08-22,MCS,1,33,32.5,2026-08-16T01:47:58.292Z,4,C1,OP,no,NA,NA,NA
2026-08-22,MCS,1,33,32.5,2026-08-16T01:47:58.292Z,5,C1,OP,no,NA,NA,NA
2026-08-22,MCS,1,33,32.5,2026-08-16T01:47:58.292Z,6,C1,OP,no,NA,NA,NA
2026-08-15,MCS,1,32,31.5,2026-08-16T01:47:58.292Z,0,C2,OP,yes,NA,NA,NA
2026-08-15,MCS,1,32,31.5,2026-08-16T01:47:58.292Z,2,C2,OP,no,NA,NA,NA
2026-08-15,MCS,1,32,31.5,2026-08-16T01:47:58.292Z,4,C2,OP,no,NA,NA,NA
2026-08-15,MCS,1,32,31.5,2026-08-16T01:47:58.292Z,6,C2,OP,no,NA,NA,NA
2026-08-15,MCS,1,32,31.5,2026-08-16T01:47:58.292Z,7,C2,OP,yes,NA,NA,NA
2026-08-15,MCS,1,32,31.5,2026-08-16T01:47:58.292Z,8,C2,OP,no,NA,NA,NA
2026-08-15,MCS,1,33,32.5,2026-08-16T01:47:58.292Z,0,C2,GL,yes,NA,NA,NA
2026-08-15,MCS,1,33,32.5,2026-08-16T01:47:58.292Z,1,C2,GL,yes,NA,NA,NA
2026-08-15,MCS,1,33,32.5,2026-08-16T01:47:58.292Z,3,C2,GL,yes,NA,NA,NA
2026-08-15,MCS,1,33,32.5,2026-08-16T01:47:58.292Z,4,C2,GL,yes,NA,NA,NA
2026-08-15,MCS,1,33,32.5,2026-08-16T01:47:58.292Z,5,C2,GL,no,NA,NA,NA
2026-08-15,MCS,1,33,32.5,2026-08-16T01:47:58.292Z,6,C2,GL,no,NA,NA,NA
2026-08-16,MCS,1,32,31.5,2026-08-16T01:47:58.292Z,0,C2,OP,yes,NA,NA,NA
2026-08-16,MCS,1,32,31.5,2026-08-16T01:47:58.292Z,2,C2,OP,yes,NA,NA,NA
2026-08-16,MCS,1,32,31.5,2026-08-16T01:47:58.292Z,4,C2,OP,no,NA,NA,NA
2026-08-16,MCS,1,32,31.5,2026-08-16T01:47:58.292Z,6,C2,OP,no,NA,NA,NA
2026-08-16,MCS,1,32,31.5,2026-08-16T01:47:58.292Z,7,C2,OP,no,NA,NA,NA
2026-08-16,MCS,1,32,31.5,2026-08-16T01:47:58.292Z,8,C2,OP,no,NA,NA,NA
2026-08-16,MCS,1,33,32.5,2026-08-16T01:47:58.292Z,0,C2,GL,yes,NA,NA,NA
2026-08-16,MCS,1,33,32.5,2026-08-16T01:47:58.292Z,1,C2,GL,yes,NA,NA,NA
2026-08-16,MCS,1,33,32.5,2026-08-16T01:47:58.292Z,3,C2,GL,yes,NA,NA,NA
2026-08-16,MCS,1,33,32.5,2026-08-16T01:47:58.292Z,4,C2,GL,no,NA,NA,NA
2026-08-16,MCS,1,33,32.5,2026-08-16T01:47:58.292Z,5,C2,GL,no,NA,NA,NA
2026-08-16,MCS,1,33,32.5,2026-08-16T01:47:58.292Z,6,C2,GL,no,NA,NA,NA
2026-08-17,MCS,1,32,31.5,2026-08-16T01:47:58.292Z,0,C2,CP,yes,NA,NA,NA
2026-08-17,MCS,1,32,31.5,2026-08-16T01:47:58.292Z,2,C2,CP,yes,NA,NA,NA
2026-08-17,MCS,1,32,31.5,2026-08-16T01:47:58.292Z,4,C2,CP,no,NA,NA,NA
2026-08-17,MCS,1,32,31.5,2026-08-16T01:47:58.292Z,6,C2,CP,no,NA,NA,NA
2026-08-17,MCS,1,32,31.5,2026-08-16T01:47:58.292Z,7,C2,CP,no,NA,NA,NA
2026-08-17,MCS,1,32,31.5,2026-08-16T01:47:58.292Z,8,C2,CP,no,NA,NA,NA
2026-08-17,MCS,1,33,32.5,2026-08-16T01:47:58.292Z,0,C2,GL,yes,NA,NA,NA
2026-08-17,MCS,1,33,32.5,2026-08-16T01:47:58.292Z,1,C2,GL,yes,NA,NA,NA
2026-08-17,MCS,1,33,32.5,2026-08-16T01:47:58.292Z,3,C2,GL,yes,NA,NA,NA
2026-08-17,MCS,1,33,32.5,2026-08-16T01:47:58.292Z,4,C2,GL,yes,NA,NA,NA
2026-08-17,MCS,1,33,32.5,2026-08-16T01:47:58.292Z,5,C2,GL,no,NA,NA,NA
2026-08-17,MCS,1,33,32.5,2026-08-16T01:47:58.292Z,6,C2,GL,no,NA,NA,NA
2026-08-18,MCS,1,32,31.5,2026-08-16T01:47:58.292Z,0,C2,GL,yes,NA,NA,NA
2026-08-18,MCS,1,32,31.5,2026-08-16T01:47:58.292Z,2,C2,GL,yes,NA,NA,NA
2026-08-18,MCS,1,32,31.5,2026-08-16T01:47:58.292Z,4,C2,GL,yes,NA,NA,NA
2026-08-18,MCS,1,32,31.5,2026-08-16T01:47:58.292Z,6,C2,GL,yes,NA,NA,NA
2026-08-18,MCS,1,32,31.5,2026-08-16T01:47:58.292Z,7,C2,GL,no,NA,NA,NA
2026-08-18,MCS,1,32,31.5,2026-08-16T01:47:58.292Z,8,C2,GL,no,NA,NA,NA
2026-08-18,MCS,1,33,32.5,2026-08-16T01:47:58.292Z,0,C2,CP,yes,NA,NA,NA
2026-08-18,MCS,1,33,32.5,2026-08-16T01:47:58.292Z,1,C2,CP,yes,NA,NA,NA
2026-08-18,MCS,1,33,32.5,2026-08-16T01:47:58.292Z,3,C2,CP,yes,NA,NA,NA
2026-08-18,MCS,1,33,32.5,2026-08-16T01:47:58.292Z,4,C2,CP,no,NA,NA,NA
2026-08-18,MCS,1,33,32.5,2026-08-16T01:47:58.292Z,5,C2,CP,no,NA,NA,NA
2026-08-18,MCS,1,33,32.5,2026-08-16T01:47:58.292Z,6,C2,CP,no,NA,NA,NA
2026-08-19,MCS,1,32,31.5,2026-08-16T01:47:58.292Z,0,C2,NP,yes,NA,NA,NA
2026-08-19,MCS,1,32,31.5,2026-08-16T01:47:58.292Z,2,C2,NP,no,NA,NA,NA
2026-08-19,MCS,1,32,31.5,2026-08-16T01:47:58.292Z,4,C2,NP,no,NA,NA,NA
2026-08-19,MCS,1,32,31.5,2026-08-16T01:47:58.292Z,6,C2,NP,no,NA,NA,NA
2026-08-19,MCS,1,32,31.5,2026-08-16T01:47:58.292Z,7,C2,NP,no,NA,NA,NA
2026-08-19,MCS,1,32,31.5,2026-08-16T01:47:58.292Z,8,C2,NP,no,NA,NA,NA
2026-08-19,MCS,1,33,32.5,2026-08-16T01:47:58.292Z,0,C2,NP,yes,NA,NA,NA
2026-08-19,MCS,1,33,32.5,2026-08-16T01:47:58.292Z,1,C2,NP,yes,NA,NA,NA
2026-08-19,MCS,1,33,32.5,2026-08-16T01:47:58.292Z,3,C2,NP,yes,NA,NA,NA
2026-08-19,MCS,1,33,32.5,2026-08-16T01:47:58.292Z,4,C2,NP,no,NA,NA,NA
2026-08-19,MCS,1,33,32.5,2026-08-16T01:47:58.292Z,5,C2,NP,no,NA,NA,NA
2026-08-19,MCS,1,33,32.5,2026-08-16T01:47:58.292Z,6,C2,NP,no,NA,NA,NA
2026-08-20,MCS,1,32,31.5,2026-08-16T01:47:58.292Z,0,C2,OP,yes,NA,NA,NA
2026-08-20,MCS,1,32,31.5,2026-08-16T01:47:58.292Z,2,C2,OP,yes,NA,NA,NA
2026-08-20,MCS,1,32,31.5,2026-08-16T01:47:58.292Z,4,C2,OP,no,NA,NA,NA
2026-08-20,MCS,1,32,31.5,2026-08-16T01:47:58.292Z,6,C2,OP,no,NA,NA,NA
2026-08-20,MCS,1,32,31.5,2026-08-16T01:47:58.292Z,7,C2,OP,no,NA,NA,NA
2026-08-20,MCS,1,32,31.5,2026-08-16T01:47:58.292Z,8,C2,OP,no,NA,NA,NA
2026-08-20,MCS,1,33,32.5,2026-08-16T01:47:58.292Z,0,C2,OP,yes,NA,NA,NA
2026-08-20,MCS,1,33,32.5,2026-08-16T01:47:58.292Z,1,C2,OP,yes,NA,NA,NA
2026-08-20,MCS,1,33,32.5,2026-08-16T01:47:58.292Z,3,C2,OP,no,NA,NA,NA
2026-08-20,MCS,1,33,32.5,2026-08-16T01:47:58.292Z,4,C2,OP,no,NA,NA,NA
2026-08-20,MCS,1,33,32.5,2026-08-16T01:47:58.292Z,5,C2,OP,no,NA,NA,NA
2026-08-20,MCS,1,33,32.5,2026-08-16T01:47:58.292Z,6,C2,OP,no,NA,NA,NA
2026-08-21,MCS,1,32,31.5,2026-08-16T01:47:58.292Z,0,C2,NP,yes,NA,NA,NA
2026-08-21,MCS,1,32,31.5,2026-08-16T01:47:58.292Z,2,C2,NP,no,NA,NA,NA
2026-08-21,MCS,1,32,31.5,2026-08-16T01:47:58.292Z,4,C2,NP,no,NA,NA,NA
2026-08-21,MCS,1,32,31.5,2026-08-16T01:47:58.292Z,6,C2,NP,no,NA,NA,NA
2026-08-21,MCS,1,32,31.5,2026-08-16T01:47:58.292Z,7,C2,NP,no,NA,NA,NA
2026-08-21,MCS,1,32,31.5,2026-08-16T01:47:58.292Z,8,C2,NP,no,NA,NA,NA
2026-08-21,MCS,1,33,32.5,2026-08-16T01:47:58.292Z,0,C2,NP,yes,NA,NA,NA
2026-08-21,MCS,1,33,32.5,2026-08-16T01:47:58.292Z,1,C2,NP,no,NA,NA,NA
2026-08-21,MCS,1,33,32.5,2026-08-16T01:47:58.292Z,3,C2,NP,no,NA,NA,NA
2026-08-21,MCS,1,33,32.5,2026-08-16T01:47:58.292Z,4,C2,NP,no,NA,NA,NA
2026-08-21,MCS,1,33,32.5,2026-08-16T01:47:58.292Z,5,C2,NP,no,NA,NA,NA
2026-08-21,MCS,1,33,32.5,2026-08-16T01:47:58.292Z,6,C2,NP,no,NA,NA,NA
2026-08-22,MCS,1,32,31.5,2026-08-16T01:47:58.292Z,0,C2,OP,yes,NA,NA,NA
2026-08-22,MCS,1,32,31.5,2026-08-16T01:47:58.292Z,2,C2,OP,no,NA,NA,NA
2026-08-22,MCS,1,32,31.5,2026-08-16T01:47:58.292Z,4,C2,OP,no,NA,NA,NA
2026-08-22,MCS,1,32,31.5,2026-08-16T01:47:58.292Z,6,C2,OP,no,NA,NA,NA
2026-08-22,MCS,1,32,31.5,2026-08-16T01:47:58.292Z,7,C2,OP,no,NA,NA,NA
2026-08-22,MCS,1,32,31.5,2026-08-16T01:47:58.292Z,8,C2,OP,no,NA,NA,NA
2026-08-22,MCS,1,33,32.5,2026-08-16T01:47:58.292Z,0,C2,CP,yes,NA,NA,NA
2026-08-22,MCS,1,33,32.5,2026-08-16T01:47:58.292Z,1,C2,CP,no,NA,NA,NA
2026-08-22,MCS,1,33,32.5,2026-08-16T01:47:58.292Z,3,C2,CP,no,NA,NA,NA
2026-08-22,MCS,1,33,32.5,2026-08-16T01:47:58.292Z,4,C2,CP,no,NA,NA,NA
2026-08-22,MCS,1,33,32.5,2026-08-16T01:47:58.292Z,5,C2,CP,no,NA,NA,NA
2026-08-22,MCS,1,33,32.5,2026-08-16T01:47:58.292Z,6,C2,CP,no,NA,NA,NA
2026-08-15,MCS,1,32,31.5,2026-08-16T01:47:58.292Z,0,C3,GL,yes,NA,NA,NA
2026-08-15,MCS,1,32,31.5,2026-08-16T01:47:58.292Z,2,C3,GL,yes,NA,NA,NA
2026-08-15,MCS,1,32,31.5,2026-08-16T01:47:58.292Z,4,C3,GL,yes,NA,NA,NA
2026-08-15,MCS,1,32,31.5,2026-08-16T01:47:58.292Z,6,C3,GL,yes,NA,NA,NA
2026-08-15,MCS,1,32,31.5,2026-08-16T01:47:58.292Z,7,C3,GL,yes,NA,NA,NA
2026-08-15,MCS,1,32,31.5,2026-08-16T01:47:58.292Z,8,C3,GL,no,NA,NA,NA
2026-08-15,MCS,1,33,32.5,2026-08-16T01:47:58.292Z,0,C3,OP,yes,NA,NA,NA
2026-08-15,MCS,1,33,32.5,2026-08-16T01:47:58.292Z,1,C3,OP,yes,NA,NA,NA
2026-08-15,MCS,1,33,32.5,2026-08-16T01:47:58.292Z,3,C3,OP,no,NA,NA,NA
2026-08-15,MCS,1,33,32.5,2026-08-16T01:47:58.292Z,4,C3,OP,no,NA,NA,NA
2026-08-15,MCS,1,33,32.5,2026-08-16T01:47:58.292Z,5,C3,OP,no,NA,NA,NA
2026-08-15,MCS,1,33,32.5,2026-08-16T01:47:58.292Z,6,C3,OP,no,NA,NA,NA
2026-08-16,MCS,1,32,31.5,2026-08-16T01:47:58.292Z,0,C3,GL,yes,NA,NA,NA
2026-08-16,MCS,1,32,31.5,2026-08-16T01:47:58.292Z,2,C3,GL,yes,NA,NA,NA
2026-08-16,MCS,1,32,31.5,2026-08-16T01:47:58.292Z,4,C3,GL,yes,NA,NA,NA
2026-08-16,MCS,1,32,31.5,2026-08-16T01:47:58.292Z,6,C3,GL,yes,NA,NA,NA
2026-08-16,MCS,1,32,31.5,2026-08-16T01:47:58.292Z,7,C3,GL,no,NA,NA,NA
2026-08-16,MCS,1,32,31.5,2026-08-16T01:47:58.292Z,8,C3,GL,no,NA,NA,NA
2026-08-16,MCS,1,33,32.5,2026-08-16T01:47:58.292Z,0,C3,NP,yes,NA,NA,NA
2026-08-16,MCS,1,33,32.5,2026-08-16T01:47:58.292Z,1,C3,NP,yes,NA,NA,NA
2026-08-16,MCS,1,33,32.5,2026-08-16T01:47:58.292Z,3,C3,NP,yes,NA,NA,NA
2026-08-16,MCS,1,33,32.5,2026-08-16T01:47:58.292Z,4,C3,NP,no,NA,NA,NA
2026-08-16,MCS,1,33,32.5,2026-08-16T01:47:58.292Z,5,C3,NP,no,NA,NA,NA
2026-08-16,MCS,1,33,32.5,2026-08-16T01:47:58.292Z,6,C3,NP,no,NA,NA,NA
2026-08-17,MCS,1,32,31.5,2026-08-16T01:47:58.292Z,0,C3,CP,yes,NA,NA,NA
2026-08-17,MCS,1,32,31.5,2026-08-16T01:47:58.292Z,2,C3,CP,yes,NA,NA,NA
2026-08-17,MCS,1,32,31.5,2026-08-16T01:47:58.292Z,4,C3,CP,yes,NA,NA,NA
2026-08-17,MCS,1,32,31.5,2026-08-16T01:47:58.292Z,6,C3,CP,no,NA,NA,NA
2026-08-17,MCS,1,32,31.5,2026-08-16T01:47:58.292Z,7,C3,CP,no,NA,NA,NA
2026-08-17,MCS,1,32,31.5,2026-08-16T01:47:58.292Z,8,C3,CP,no,NA,NA,NA
2026-08-17,MCS,1,33,32.5,2026-08-16T01:47:58.292Z,0,C3,OP,yes,NA,NA,NA
2026-08-17,MCS,1,33,32.5,2026-08-16T01:47:58.292Z,1,C3,OP,no,NA,NA,NA
2026-08-17,MCS,1,33,32.5,2026-08-16T01:47:58.292Z,3,C3,OP,no,NA,NA,NA
2026-08-17,MCS,1,33,32.5,2026-08-16T01:47:58.292Z,4,C3,OP,no,NA,NA,NA
2026-08-17,MCS,1,33,32.5,2026-08-16T01:47:58.292Z,5,C3,OP,no,NA,NA,NA
2026-08-17,MCS,1,33,32.5,2026-08-16T01:47:58.292Z,6,C3,OP,no,NA,NA,NA
2026-08-18,MCS,1,32,31.5,2026-08-16T01:47:58.292Z,0,C3,OP,yes,NA,NA,NA
2026-08-18,MCS,1,32,31.5,2026-08-16T01:47:58.292Z,2,C3,OP,no,NA,NA,NA
2026-08-18,MCS,1,32,31.5,2026-08-16T01:47:58.292Z,4,C3,OP,no,NA,NA,NA
2026-08-18,MCS,1,32,31.5,2026-08-16T01:47:58.292Z,6,C3,OP,no,NA,NA,NA
2026-08-18,MCS,1,32,31.5,2026-08-16T01:47:58.292Z,7,C3,OP,no,NA,NA,NA
2026-08-18,MCS,1,32,31.5,2026-08-16T01:47:58.292Z,8,C3,OP,no,NA,NA,NA
2026-08-18,MCS,1,33,32.5,2026-08-16T01:47:58.292Z,0,C3,OP,yes,NA,NA,NA
2026-08-18,MCS,1,33,32.5,2026-08-16T01:47:58.292Z,1,C3,OP,yes,NA,NA,NA
2026-08-18,MCS,1,33,32.5,2026-08-16T01:47:58.292Z,3,C3,OP,yes,NA,NA,NA
2026-08-18,MCS,1,33,32.5,2026-08-16T01:47:58.292Z,4,C3,OP,no,NA,NA,NA
2026-08-18,MCS,1,33,32.5,2026-08-16T01:47:58.292Z,5,C3,OP,yes,NA,NA,NA
2026-08-18,MCS,1,33,32.5,2026-08-16T01:47:58.292Z,6,C3,OP,no,NA,NA,NA
2026-08-19,MCS,1,32,31.5,2026-08-16T01:47:58.292Z,0,C3,GL,yes,NA,NA,NA
2026-08-19,MCS,1,32,31.5,2026-08-16T01:47:58.292Z,2,C3,GL,yes,NA,NA,NA
2026-08-19,MCS,1,32,31.5,2026-08-16T01:47:58.292Z,4,C3,GL,yes,NA,NA,NA
2026-08-19,MCS,1,32,31.5,2026-08-16T01:47:58.292Z,6,C3,GL,yes,NA,NA,NA
2026-08-19,MCS,1,32,31.5,2026-08-16T01:47:58.292Z,7,C3,GL,no,NA,NA,NA
2026-08-19,MCS,1,32,31.5,2026-08-16T01:47:58.292Z,8,C3,GL,no,NA,NA,NA
2026-08-19,MCS,1,33,32.5,2026-08-16T01:47:58.292Z,0,C3,CP,yes,NA,NA,NA
2026-08-19,MCS,1,33,32.5,2026-08-16T01:47:58.292Z,1,C3,CP,yes,NA,NA,NA
2026-08-19,MCS,1,33,32.5,2026-08-16T01:47:58.292Z,3,C3,CP,no,NA,NA,NA
2026-08-19,MCS,1,33,32.5,2026-08-16T01:47:58.292Z,4,C3,CP,no,NA,NA,NA
2026-08-19,MCS,1,33,32.5,2026-08-16T01:47:58.292Z,5,C3,CP,no,NA,NA,NA
2026-08-19,MCS,1,33,32.5,2026-08-16T01:47:58.292Z,6,C3,CP,no,NA,NA,NA
2026-08-20,MCS,1,32,31.5,2026-08-16T01:47:58.292Z,0,C3,CP,yes,NA,NA,NA
2026-08-20,MCS,1,32,31.5,2026-08-16T01:47:58.292Z,2,C3,CP,yes,NA,NA,NA
2026-08-20,MCS,1,32,31.5,2026-08-16T01:47:58.292Z,4,C3,CP,no,NA,NA,NA
2026-08-20,MCS,1,32,31.5,2026-08-16T01:47:58.292Z,6,C3,CP,no,NA,NA,NA
2026-08-20,MCS,1,32,31.5,2026-08-16T01:47:58.292Z,7,C3,CP,no,NA,NA,NA
2026-08-20,MCS,1,32,31.5,2026-08-16T01:47:58.292Z,8,C3,CP,no,NA,NA,NA
2026-08-20,MCS,1,33,32.5,2026-08-16T01:47:58.292Z,0,C3,OP,yes,NA,NA,NA
2026-08-20,MCS,1,33,32.5,2026-08-16T01:47:58.292Z,1,C3,OP,yes,NA,NA,NA
2026-08-20,MCS,1,33,32.5,2026-08-16T01:47:58.292Z,3,C3,OP,yes,NA,NA,NA
2026-08-20,MCS,1,33,32.5,2026-08-16T01:47:58.292Z,4,C3,OP,no,NA,NA,NA
2026-08-20,MCS,1,33,32.5,2026-08-16T01:47:58.292Z,5,C3,OP,no,NA,NA,NA
2026-08-20,MCS,1,33,32.5,2026-08-16T01:47:58.292Z,6,C3,OP,no,NA,NA,NA
2026-08-21,MCS,1,32,31.5,2026-08-16T01:47:58.292Z,0,C3,GL,yes,NA,NA,NA
2026-08-21,MCS,1,32,31.5,2026-08-16T01:47:58.292Z,2,C3,GL,yes,NA,NA,NA
2026-08-21,MCS,1,32,31.5,2026-08-16T01:47:58.292Z,4,C3,GL,yes,NA,NA,NA
2026-08-21,MCS,1,32,31.5,2026-08-16T01:47:58.292Z,6,C3,GL,yes,NA,NA,NA
2026-08-21,MCS,1,32,31.5,2026-08-16T01:47:58.292Z,7,C3,GL,yes,NA,NA,NA
2026-08-21,MCS,1,32,31.5,2026-08-16T01:47:58.292Z,8,C3,GL,no,NA,NA,NA
2026-08-21,MCS,1,33,32.5,2026-08-16T01:47:58.292Z,0,C3,OP,yes,NA,NA,NA
2026-08-21,MCS,1,33,32.5,2026-08-16T01:47:58.292Z,1,C3,OP,no,NA,NA,NA
2026-08-21,MCS,1,33,32.5,2026-08-16T01:47:58.292Z,3,C3,OP,no,NA,NA,NA
2026-08-21,MCS,1,33,32.5,2026-08-16T01:47:58.292Z,4,C3,OP,no,NA,NA,NA
2026-08-21,MCS,1,33,32.5,2026-08-16T01:47:58.292Z,5,C3,OP,no,NA,NA,NA
2026-08-21,MCS,1,33,32.5,2026-08-16T01:47:58.292Z,6,C3,OP,no,NA,NA,NA
2026-08-22,MCS,1,32,31.5,2026-08-16T01:47:58.292Z,0,C3,NP,yes,NA,NA,NA
2026-08-22,MCS,1,32,31.5,2026-08-16T01:47:58.292Z,2,C3,NP,yes,NA,NA,NA
2026-08-22,MCS,1,32,31.5,2026-08-16T01:47:58.292Z,4,C3,NP,no,NA,NA,NA
2026-08-22,MCS,1,32,31.5,2026-08-16T01:47:58.292Z,6,C3,NP,no,NA,NA,NA
2026-08-22,MCS,1,32,31.5,2026-08-16T01:47:58.292Z,7,C3,NP,no,NA,NA,NA
2026-08-22,MCS,1,32,31.5,2026-08-16T01:47:58.292Z,8,C3,NP,no,NA,NA,NA
2026-08-22,MCS,1,33,32.5,2026-08-16T01:47:58.292Z,0,C3,NP,yes,NA,NA,NA
2026-08-22,MCS,1,33,32.5,2026-08-16T01:47:58.292Z,1,C3,NP,yes,NA,NA,NA
2026-08-22,MCS,1,33,32.5,2026-08-16T01:47:58.292Z,3,C3,NP,yes,NA,NA,NA
2026-08-22,MCS,1,33,32.5,2026-08-16T01:47:58.292Z,4,C3,NP,no,NA,NA,NA
2026-08-22,MCS,1,33,32.5,2026-08-16T01:47:58.292Z,5,C3,NP,no,NA,NA,NA
2026-08-22,MCS,1,33,32.5,2026-08-16T01:47:58.292Z,6,C3,NP,no,NA,NA,NA
2026-08-15,MCS,1,32,31.5,2026-08-16T01:47:58.292Z,0,C4,GL,yes,NA,NA,NA
2026-08-15,MCS,1,32,31.5,2026-08-16T01:47:58.292Z,2,C4,GL,yes,NA,NA,NA
2026-08-15,MCS,1,32,31.5,2026-08-16T01:47:58.292Z,4,C4,GL,yes,NA,NA,NA
2026-08-15,MCS,1,32,31.5,2026-08-16T01:47:58.292Z,6,C4,GL,yes,NA,NA,NA
2026-08-15,MCS,1,32,31.5,2026-08-16T01:47:58.292Z,7,C4,GL,no,NA,NA,NA
2026-08-15,MCS,1,32,31.5,2026-08-16T01:47:58.292Z,8,C4,GL,no,NA,NA,NA
2026-08-15,MCS,1,33,32.5,2026-08-16T01:47:58.292Z,0,C4,CP,yes,NA,NA,NA
2026-08-15,MCS,1,33,32.5,2026-08-16T01:47:58.292Z,1,C4,CP,yes,NA,NA,NA
2026-08-15,MCS,1,33,32.5,2026-08-16T01:47:58.292Z,3,C4,CP,no,NA,NA,NA
2026-08-15,MCS,1,33,32.5,2026-08-16T01:47:58.292Z,4,C4,CP,no,NA,NA,NA
2026-08-15,MCS,1,33,32.5,2026-08-16T01:47:58.292Z,5,C4,CP,no,NA,NA,NA
2026-08-15,MCS,1,33,32.5,2026-08-16T01:47:58.292Z,6,C4,CP,no,NA,NA,NA
2026-08-16,MCS,1,32,31.5,2026-08-16T01:47:58.292Z,0,C4,CP,yes,NA,NA,NA
2026-08-16,MCS,1,32,31.5,2026-08-16T01:47:58.292Z,2,C4,CP,yes,NA,NA,NA
2026-08-16,MCS,1,32,31.5,2026-08-16T01:47:58.292Z,4,C4,CP,no,NA,NA,NA
2026-08-16,MCS,1,32,31.5,2026-08-16T01:47:58.292Z,6,C4,CP,no,NA,NA,NA
2026-08-16,MCS,1,32,31.5,2026-08-16T01:47:58.292Z,7,C4,CP,no,NA,NA,NA
2026-08-16,MCS,1,32,31.5,2026-08-16T01:47:58.292Z,8,C4,CP,no,NA,NA,NA
2026-08-16,MCS,1,33,32.5,2026-08-16T01:47:58.292Z,0,C4,OP,yes,NA,NA,NA
2026-08-16,MCS,1,33,32.5,2026-08-16T01:47:58.292Z,1,C4,OP,yes,NA,NA,NA
2026-08-16,MCS,1,33,32.5,2026-08-16T01:47:58.292Z,3,C4,OP,no,NA,NA,NA
2026-08-16,MCS,1,33,32.5,2026-08-16T01:47:58.292Z,4,C4,OP,no,NA,NA,NA
2026-08-16,MCS,1,33,32.5,2026-08-16T01:47:58.292Z,5,C4,OP,no,NA,NA,NA
2026-08-16,MCS,1,33,32.5,2026-08-16T01:47:58.292Z,6,C4,OP,no,NA,NA,NA
2026-08-17,MCS,1,32,31.5,2026-08-16T01:47:58.292Z,0,C4,NP,yes,NA,NA,NA
2026-08-17,MCS,1,32,31.5,2026-08-16T01:47:58.292Z,2,C4,NP,yes,NA,NA,NA
2026-08-17,MCS,1,32,31.5,2026-08-16T01:47:58.292Z,4,C4,NP,no,NA,NA,NA
2026-08-17,MCS,1,32,31.5,2026-08-16T01:47:58.292Z,6,C4,NP,no,NA,NA,NA
2026-08-17,MCS,1,32,31.5,2026-08-16T01:47:58.292Z,7,C4,NP,no,NA,NA,NA
2026-08-17,MCS,1,32,31.5,2026-08-16T01:47:58.292Z,8,C4,NP,no,NA,NA,NA
2026-08-17,MCS,1,33,32.5,2026-08-16T01:47:58.292Z,0,C4,NP,yes,NA,NA,NA
2026-08-17,MCS,1,33,32.5,2026-08-16T01:47:58.292Z,1,C4,NP,yes,NA,NA,NA
2026-08-17,MCS,1,33,32.5,2026-08-16T01:47:58.292Z,3,C4,NP,no,NA,NA,NA
2026-08-17,MCS,1,33,32.5,2026-08-16T01:47:58.292Z,4,C4,NP,no,NA,NA,NA
2026-08-17,MCS,1,33,32.5,2026-08-16T01:47:58.292Z,5,C4,NP,no,NA,NA,NA
2026-08-17,MCS,1,33,32.5,2026-08-16T01:47:58.292Z,6,C4,NP,no,NA,NA,NA
2026-08-18,MCS,1,32,31.5,2026-08-16T01:47:58.292Z,0,C4,NP,yes,NA,NA,NA
2026-08-18,MCS,1,32,31.5,2026-08-16T01:47:58.292Z,2,C4,NP,yes,NA,NA,NA
2026-08-18,MCS,1,32,31.5,2026-08-16T01:47:58.292Z,4,C4,NP,yes,NA,NA,NA
2026-08-18,MCS,1,32,31.5,2026-08-16T01:47:58.292Z,6,C4,NP,no,NA,NA,NA
2026-08-18,MCS,1,32,31.5,2026-08-16T01:47:58.292Z,7,C4,NP,no,NA,NA,NA
2026-08-18,MCS,1,32,31.5,2026-08-16T01:47:58.292Z,8,C4,NP,no,NA,NA,NA
2026-08-18,MCS,1,33,32.5,2026-08-16T01:47:58.292Z,0,C4,CP,yes,NA,NA,NA
2026-08-18,MCS,1,33,32.5,2026-08-16T01:47:58.292Z,1,C4,CP,no,NA,NA,NA
2026-08-18,MCS,1,33,32.5,2026-08-16T01:47:58.292Z,3,C4,CP,no,NA,NA,NA
2026-08-18,MCS,1,33,32.5,2026-08-16T01:47:58.292Z,4,C4,CP,no,NA,NA,NA
2026-08-18,MCS,1,33,32.5,2026-08-16T01:47:58.292Z,5,C4,CP,no,NA,NA,NA
2026-08-18,MCS,1,33,32.5,2026-08-16T01:47:58.292Z,6,C4,CP,no,NA,NA,NA
2026-08-19,MCS,1,32,31.5,2026-08-16T01:47:58.292Z,0,C4,GL,yes,NA,NA,NA
2026-08-19,MCS,1,32,31.5,2026-08-16T01:47:58.292Z,2,C4,GL,yes,NA,NA,NA
2026-08-19,MCS,1,32,31.5,2026-08-16T01:47:58.292Z,4,C4,GL,yes,NA,NA,NA
2026-08-19,MCS,1,32,31.5,2026-08-16T01:47:58.292Z,6,C4,GL,yes,NA,NA,NA
2026-08-19,MCS,1,32,31.5,2026-08-16T01:47:58.292Z,7,C4,GL,yes,NA,NA,NA
2026-08-19,MCS,1,32,31.5,2026-08-16T01:47:58.292Z,8,C4,GL,no,NA,NA,NA
2026-08-19,MCS,1,33,32.5,2026-08-16T01:47:58.292Z,0,C4,OP,yes,NA,NA,NA
2026-08-19,MCS,1,33,32.5,2026-08-16T01:47:58.292Z,1,C4,OP,yes,NA,NA,NA
2026-08-19,MCS,1,33,32.5,2026-08-16T01:47:58.292Z,3,C4,OP,no,NA,NA,NA
2026-08-19,MCS,1,33,32.5,2026-08-16T01:47:58.292Z,4,C4,OP,no,NA,NA,NA
2026-08-19,MCS,1,33,32.5,2026-08-16T01:47:58.292Z,5,C4,OP,no,NA,NA,NA
2026-08-19,MCS,1,33,32.5,2026-08-16T01:47:58.292Z,6,C4,OP,no,NA,NA,NA
2026-08-20,MCS,1,32,31.5,2026-08-16T01:47:58.292Z,0,C4,NP,yes,NA,NA,NA
2026-08-20,MCS,1,32,31.5,2026-08-16T01:47:58.292Z,2,C4,NP,no,NA,NA,NA
2026-08-20,MCS,1,32,31.5,2026-08-16T01:47:58.292Z,4,C4,NP,no,NA,NA,NA
2026-08-20,MCS,1,32,31.5,2026-08-16T01:47:58.292Z,6,C4,NP,no,NA,NA,NA
2026-08-20,MCS,1,32,31.5,2026-08-16T01:47:58.292Z,7,C4,NP,no,NA,NA,NA
2026-08-20,MCS,1,32,31.5,2026-08-16T01:47:58.292Z,8,C4,NP,no,NA,NA,NA
2026-08-20,MCS,1,33,32.5,2026-08-16T01:47:58.292Z,0,C4,CP,yes,NA,NA,NA
2026-08-20,MCS,1,33,32.5,2026-08-16T01:47:58.292Z,1,C4,CP,no,NA,NA,NA
2026-08-20,MCS,1,33,32.5,2026-08-16T01:47:58.292Z,3,C4,CP,no,NA,NA,NA
2026-08-20,MCS,1,33,32.5,2026-08-16T01:47:58.292Z,4,C4,CP,no,NA,NA,NA
2026-08-20,MCS,1,33,32.5,2026-08-16T01:47:58.292Z,5,C4,CP,no,NA,NA,NA
2026-08-20,MCS,1,33,32.5,2026-08-16T01:47:58.292Z,6,C4,CP,no,NA,NA,NA
2026-08-21,MCS,1,32,31.5,2026-08-16T01:47:58.292Z,0,C4,NP,yes,NA,NA,NA
2026-08-21,MCS,1,32,31.5,2026-08-16T01:47:58.292Z,2,C4,NP,yes,NA,NA,NA
2026-08-21,MCS,1,32,31.5,2026-08-16T01:47:58.292Z,4,C4,NP,yes,NA,NA,NA
2026-08-21,MCS,1,32,31.5,2026-08-16T01:47:58.292Z,6,C4,NP,yes,NA,NA,NA
2026-08-21,MCS,1,32,31.5,2026-08-16T01:47:58.292Z,7,C4,NP,yes,NA,NA,NA
2026-08-21,MCS,1,32,31.5,2026-08-16T01:47:58.292Z,8,C4,NP,no,NA,NA,NA
2026-08-21,MCS,1,33,32.5,2026-08-16T01:47:58.292Z,0,C4,CP,yes,NA,NA,NA
2026-08-21,MCS,1,33,32.5,2026-08-16T01:47:58.292Z,1,C4,CP,yes,NA,NA,NA
2026-08-21,MCS,1,33,32.5,2026-08-16T01:47:58.292Z,3,C4,CP,no,NA,NA,NA
2026-08-21,MCS,1,33,32.5,2026-08-16T01:47:58.292Z,4,C4,CP,no,NA,NA,NA
2026-08-21,MCS,1,33,32.5,2026-08-16T01:47:58.292Z,5,C4,CP,no,NA,NA,NA
2026-08-21,MCS,1,33,32.5,2026-08-16T01:47:58.292Z,6,C4,CP,no,NA,NA,NA
2026-08-22,MCS,1,32,31.5,2026-08-16T01:47:58.292Z,0,C4,CP,yes,NA,NA,NA
2026-08-22,MCS,1,32,31.5,2026-08-16T01:47:58.292Z,2,C4,CP,no,NA,NA,NA
2026-08-22,MCS,1,32,31.5,2026-08-16T01:47:58.292Z,4,C4,CP,no,NA,NA,NA
2026-08-22,MCS,1,32,31.5,2026-08-16T01:47:58.292Z,6,C4,CP,no,NA,NA,NA
2026-08-22,MCS,1,32,31.5,2026-08-16T01:47:58.292Z,7,C4,CP,no,NA,NA,NA
2026-08-22,MCS,1,32,31.5,2026-08-16T01:47:58.292Z,8,C4,CP,no,NA,NA,NA
2026-08-22,MCS,1,33,32.5,2026-08-16T01:47:58.292Z,0,C4,NP,yes,NA,NA,NA
2026-08-22,MCS,1,33,32.5,2026-08-16T01:47:58.292Z,1,C4,NP,yes,NA,NA,NA
2026-08-22,MCS,1,33,32.5,2026-08-16T01:47:58.292Z,3,C4,NP,yes,NA,NA,NA
2026-08-22,MCS,1,33,32.5,2026-08-16T01:47:58.292Z,4,C4,NP,no,NA,NA,NA
2026-08-22,MCS,1,33,32.5,2026-08-16T01:47:58.292Z,5,C4,NP,no,NA,NA,NA
2026-08-22,MCS,1,33,32.5,2026-08-16T01:47:58.292Z,6,C4,NP,no,NA,NA,NA
2026-08-15,MCS,1,32,31.5,2026-08-16T01:47:58.292Z,0,C5,NP,yes,NA,NA,NA
2026-08-15,MCS,1,32,31.5,2026-08-16T01:47:58.292Z,2,C5,NP,yes,NA,NA,NA
2026-08-15,MCS,1,32,31.5,2026-08-16T01:47:58.292Z,4,C5,NP,yes,NA,NA,NA
2026-08-15,MCS,1,32,31.5,2026-08-16T01:47:58.292Z,6,C5,NP,yes,NA,NA,NA
2026-08-15,MCS,1,32,31.5,2026-08-16T01:47:58.292Z,7,C5,NP,yes,NA,NA,NA
2026-08-15,MCS,1,32,31.5,2026-08-16T01:47:58.292Z,8,C5,NP,no,NA,NA,NA
2026-08-15,MCS,1,33,32.5,2026-08-16T01:47:58.292Z,0,C5,CP,yes,NA,NA,NA
2026-08-15,MCS,1,33,32.5,2026-08-16T01:47:58.292Z,1,C5,CP,yes,NA,NA,NA
2026-08-15,MCS,1,33,32.5,2026-08-16T01:47:58.292Z,3,C5,CP,no,NA,NA,NA
2026-08-15,MCS,1,33,32.5,2026-08-16T01:47:58.292Z,4,C5,CP,no,NA,NA,NA
2026-08-15,MCS,1,33,32.5,2026-08-16T01:47:58.292Z,5,C5,CP,no,NA,NA,NA
2026-08-15,MCS,1,33,32.5,2026-08-16T01:47:58.292Z,6,C5,CP,no,NA,NA,NA
2026-08-16,MCS,1,32,31.5,2026-08-16T01:47:58.292Z,0,C5,CP,yes,NA,NA,NA
2026-08-16,MCS,1,32,31.5,2026-08-16T01:47:58.292Z,2,C5,CP,no,NA,NA,NA
2026-08-16,MCS,1,32,31.5,2026-08-16T01:47:58.292Z,4,C5,CP,yes,NA,NA,NA
2026-08-16,MCS,1,32,31.5,2026-08-16T01:47:58.292Z,6,C5,CP,no,NA,NA,NA
2026-08-16,MCS,1,32,31.5,2026-08-16T01:47:58.292Z,7,C5,CP,no,NA,NA,NA
2026-08-16,MCS,1,32,31.5,2026-08-16T01:47:58.292Z,8,C5,CP,no,NA,NA,NA
2026-08-16,MCS,1,33,32.5,2026-08-16T01:47:58.292Z,0,C5,OP,yes,NA,NA,NA
2026-08-16,MCS,1,33,32.5,2026-08-16T01:47:58.292Z,1,C5,OP,no,NA,NA,NA
2026-08-16,MCS,1,33,32.5,2026-08-16T01:47:58.292Z,3,C5,OP,no,NA,NA,NA
2026-08-16,MCS,1,33,32.5,2026-08-16T01:47:58.292Z,4,C5,OP,no,NA,NA,NA
2026-08-16,MCS,1,33,32.5,2026-08-16T01:47:58.292Z,5,C5,OP,no,NA,NA,NA
2026-08-16,MCS,1,33,32.5,2026-08-16T01:47:58.292Z,6,C5,OP,no,NA,NA,NA
2026-08-17,MCS,1,32,31.5,2026-08-16T01:47:58.292Z,0,C5,CP,yes,NA,NA,NA
2026-08-17,MCS,1,32,31.5,2026-08-16T01:47:58.292Z,2,C5,CP,yes,NA,NA,NA
2026-08-17,MCS,1,32,31.5,2026-08-16T01:47:58.292Z,4,C5,CP,no,NA,NA,NA
2026-08-17,MCS,1,32,31.5,2026-08-16T01:47:58.292Z,6,C5,CP,no,NA,NA,NA
2026-08-17,MCS,1,32,31.5,2026-08-16T01:47:58.292Z,7,C5,CP,no,NA,NA,NA
2026-08-17,MCS,1,32,31.5,2026-08-16T01:47:58.292Z,8,C5,CP,no,NA,NA,NA
2026-08-17,MCS,1,33,32.5,2026-08-16T01:47:58.292Z,0,C5,OP,yes,NA,NA,NA
2026-08-17,MCS,1,33,32.5,2026-08-16T01:47:58.292Z,1,C5,OP,yes,NA,NA,NA
2026-08-17,MCS,1,33,32.5,2026-08-16T01:47:58.292Z,3,C5,OP,yes,NA,NA,NA
2026-08-17,MCS,1,33,32.5,2026-08-16T01:47:58.292Z,4,C5,OP,no,NA,NA,NA
2026-08-17,MCS,1,33,32.5,2026-08-16T01:47:58.292Z,5,C5,OP,no,NA,NA,NA
2026-08-17,MCS,1,33,32.5,2026-08-16T01:47:58.292Z,6,C5,OP,no,NA,NA,NA
2026-08-18,MCS,1,32,31.5,2026-08-16T01:47:58.292Z,0,C5,NP,yes,NA,NA,NA
2026-08-18,MCS,1,32,31.5,2026-08-16T01:47:58.292Z,2,C5,NP,yes,NA,NA,NA
2026-08-18,MCS,1,32,31.5,2026-08-16T01:47:58.292Z,4,C5,NP,yes,NA,NA,NA
2026-08-18,MCS,1,32,31.5,2026-08-16T01:47:58.292Z,6,C5,NP,no,NA,NA,NA
2026-08-18,MCS,1,32,31.5,2026-08-16T01:47:58.292Z,7,C5,NP,yes,NA,NA,NA
2026-08-18,MCS,1,32,31.5,2026-08-16T01:47:58.292Z,8,C5,NP,no,NA,NA,NA
2026-08-18,MCS,1,33,32.5,2026-08-16T01:47:58.292Z,0,C5,NP,yes,NA,NA,NA
2026-08-18,MCS,1,33,32.5,2026-08-16T01:47:58.292Z,1,C5,NP,no,NA,NA,NA
2026-08-18,MCS,1,33,32.5,2026-08-16T01:47:58.292Z,3,C5,NP,no,NA,NA,NA
2026-08-18,MCS,1,33,32.5,2026-08-16T01:47:58.292Z,4,C5,NP,no,NA,NA,NA
2026-08-18,MCS,1,33,32.5,2026-08-16T01:47:58.292Z,5,C5,NP,no,NA,NA,NA
2026-08-18,MCS,1,33,32.5,2026-08-16T01:47:58.292Z,6,C5,NP,no,NA,NA,NA
2026-08-19,MCS,1,32,31.5,2026-08-16T01:47:58.292Z,0,C5,OP,yes,NA,NA,NA
2026-08-19,MCS,1,32,31.5,2026-08-16T01:47:58.292Z,2,C5,OP,yes,NA,NA,NA
2026-08-19,MCS,1,32,31.5,2026-08-16T01:47:58.292Z,4,C5,OP,yes,NA,NA,NA
2026-08-19,MCS,1,32,31.5,2026-08-16T01:47:58.292Z,6,C5,OP,no,NA,NA,NA
2026-08-19,MCS,1,32,31.5,2026-08-16T01:47:58.292Z,7,C5,OP,no,NA,NA,NA
2026-08-19,MCS,1,32,31.5,2026-08-16T01:47:58.292Z,8,C5,OP,no,NA,NA,NA
2026-08-19,MCS,1,33,32.5,2026-08-16T01:47:58.292Z,0,C5,NP,yes,NA,NA,NA
2026-08-19,MCS,1,33,32.5,2026-08-16T01:47:58.292Z,1,C5,NP,yes,NA,NA,NA
2026-08-19,MCS,1,33,32.5,2026-08-16T01:47:58.292Z,3,C5,NP,no,NA,NA,NA
2026-08-19,MCS,1,33,32.5,2026-08-16T01:47:58.292Z,4,C5,NP,no,NA,NA,NA
2026-08-19,MCS,1,33,32.5,2026-08-16T01:47:58.292Z,5,C5,NP,no,NA,NA,NA
2026-08-19,MCS,1,33,32.5,2026-08-16T01:47:58.292Z,6,C5,NP,no,NA,NA,NA
2026-08-20,MCS,1,32,31.5,2026-08-16T01:47:58.292Z,0,C5,GL,yes,NA,NA,NA
2026-08-20,MCS,1,32,31.5,2026-08-16T01:47:58.292Z,2,C5,GL,yes,NA,NA,NA
2026-08-20,MCS,1,32,31.5,2026-08-16T01:47:58.292Z,4,C5,GL,yes,NA,NA,NA
2026-08-20,MCS,1,32,31.5,2026-08-16T01:47:58.292Z,6,C5,GL,yes,NA,NA,NA
2026-08-20,MCS,1,32,31.5,2026-08-16T01:47:58.292Z,7,C5,GL,no,NA,NA,NA
2026-08-20,MCS,1,32,31.5,2026-08-16T01:47:58.292Z,8,C5,GL,no,NA,NA,NA
2026-08-20,MCS,1,33,32.5,2026-08-16T01:47:58.292Z,0,C5,OP,yes,NA,NA,NA
2026-08-20,MCS,1,33,32.5,2026-08-16T01:47:58.292Z,1,C5,OP,no,NA,NA,NA
2026-08-20,MCS,1,33,32.5,2026-08-16T01:47:58.292Z,3,C5,OP,no,NA,NA,NA
2026-08-20,MCS,1,33,32.5,2026-08-16T01:47:58.292Z,4,C5,OP,no,NA,NA,NA
2026-08-20,MCS,1,33,32.5,2026-08-16T01:47:58.292Z,5,C5,OP,no,NA,NA,NA
2026-08-20,MCS,1,33,32.5,2026-08-16T01:47:58.292Z,6,C5,OP,no,NA,NA,NA
2026-08-21,MCS,1,32,31.5,2026-08-16T01:47:58.292Z,0,C5,CP,yes,NA,NA,NA
2026-08-21,MCS,1,32,31.5,2026-08-16T01:47:58.292Z,2,C5,CP,no,NA,NA,NA
2026-08-21,MCS,1,32,31.5,2026-08-16T01:47:58.292Z,4,C5,CP,no,NA,NA,NA
2026-08-21,MCS,1,32,31.5,2026-08-16T01:47:58.292Z,6,C5,CP,no,NA,NA,NA
2026-08-21,MCS,1,32,31.5,2026-08-16T01:47:58.292Z,7,C5,CP,no,NA,NA,NA
2026-08-21,MCS,1,32,31.5,2026-08-16T01:47:58.292Z,8,C5,CP,no,NA,NA,NA
2026-08-21,MCS,1,33,32.5,2026-08-16T01:47:58.292Z,0,C5,CP,yes,NA,NA,NA
2026-08-21,MCS,1,33,32.5,2026-08-16T01:47:58.292Z,1,C5,CP,no,NA,NA,NA
2026-08-21,MCS,1,33,32.5,2026-08-16T01:47:58.292Z,3,C5,CP,no,NA,NA,NA
2026-08-21,MCS,1,33,32.5,2026-08-16T01:47:58.292Z,4,C5,CP,no,NA,NA,NA
2026-08-21,MCS,1,33,32.5,2026-08-16T01:47:58.292Z,5,C5,CP,no,NA,NA,NA
2026-08-21,MCS,1,33,32.5,2026-08-16T01:47:58.292Z,6,C5,CP,no,NA,NA,NA
2026-08-22,MCS,1,32,31.5,2026-08-16T01:47:58.292Z,0,C5,OP,yes,NA,NA,NA
2026-08-22,MCS,1,32,31.5,2026-08-16T01:47:58.292Z,2,C5,OP,yes,NA,NA,NA
2026-08-22,MCS,1,32,31.5,2026-08-16T01:47:58.292Z,4,C5,OP,no,NA,NA,NA
2026-08-22,MCS,1,32,31.5,2026-08-16T01:47:58.292Z,6,C5,OP,no,NA,NA,NA
2026-08-22,MCS,1,32,31.5,2026-08-16T01:47:58.292Z,7,C5,OP,no,NA,NA,NA
2026-08-22,MCS,1,32,31.5,2026-08-16T01:47:58.292Z,8,C5,OP,no,NA,NA,NA
2026-08-22,MCS,1,33,32.5,2026-08-16T01:47:58.292Z,0,C5,OP,yes,NA,NA,NA
2026-08-22,MCS,1,33,32.5,2026-08-16T01:47:58.292Z,1,C5,OP,no,NA,NA,NA
2026-08-22,MCS,1,33,32.5,2026-08-16T01:47:58.292Z,3,C5,OP,no,NA,NA,NA
2026-08-22,MCS,1,33,32.5,2026-08-16T01:47:58.292Z,4,C5,OP,no,NA,NA,NA
2026-08-22,MCS,1,33,32.5,2026-08-16T01:47:58.292Z,5,C5,OP,no,NA,NA,NA
2026-08-22,MCS,1,33,32.5,2026-08-16T01:47:58.292Z,6,C5,OP,no,NA,NA,NA
2026-08-15,MCS,1,32,31.5,2026-08-16T01:47:58.292Z,0,D1,OP,yes,NA,NA,NA
2026-08-15,MCS,1,32,31.5,2026-08-16T01:47:58.292Z,2,D1,OP,yes,NA,NA,NA
2026-08-15,MCS,1,32,31.5,2026-08-16T01:47:58.292Z,4,D1,OP,no,NA,NA,NA
2026-08-15,MCS,1,32,31.5,2026-08-16T01:47:58.292Z,6,D1,OP,no,NA,NA,NA
2026-08-15,MCS,1,32,31.5,2026-08-16T01:47:58.292Z,7,D1,OP,no,NA,NA,NA
2026-08-15,MCS,1,32,31.5,2026-08-16T01:47:58.292Z,8,D1,OP,no,NA,NA,NA
2026-08-15,MCS,1,33,32.5,2026-08-16T01:47:58.292Z,0,D1,NP,yes,NA,NA,NA
2026-08-15,MCS,1,33,32.5,2026-08-16T01:47:58.292Z,1,D1,NP,no,NA,NA,NA
2026-08-15,MCS,1,33,32.5,2026-08-16T01:47:58.292Z,3,D1,NP,yes,NA,NA,NA
2026-08-15,MCS,1,33,32.5,2026-08-16T01:47:58.292Z,4,D1,NP,yes,NA,NA,NA
2026-08-15,MCS,1,33,32.5,2026-08-16T01:47:58.292Z,5,D1,NP,yes,NA,NA,NA
2026-08-15,MCS,1,33,32.5,2026-08-16T01:47:58.292Z,6,D1,NP,no,NA,NA,NA
2026-08-16,MCS,1,32,31.5,2026-08-16T01:47:58.292Z,0,D1,OP,yes,NA,NA,NA
2026-08-16,MCS,1,32,31.5,2026-08-16T01:47:58.292Z,2,D1,OP,no,NA,NA,NA
2026-08-16,MCS,1,32,31.5,2026-08-16T01:47:58.292Z,4,D1,OP,no,NA,NA,NA
2026-08-16,MCS,1,32,31.5,2026-08-16T01:47:58.292Z,6,D1,OP,no,NA,NA,NA
2026-08-16,MCS,1,32,31.5,2026-08-16T01:47:58.292Z,7,D1,OP,no,NA,NA,NA
2026-08-16,MCS,1,32,31.5,2026-08-16T01:47:58.292Z,8,D1,OP,no,NA,NA,NA
2026-08-16,MCS,1,33,32.5,2026-08-16T01:47:58.292Z,0,D1,GL,yes,NA,NA,NA
2026-08-16,MCS,1,33,32.5,2026-08-16T01:47:58.292Z,1,D1,GL,yes,NA,NA,NA
2026-08-16,MCS,1,33,32.5,2026-08-16T01:47:58.292Z,3,D1,GL,yes,NA,NA,NA
2026-08-16,MCS,1,33,32.5,2026-08-16T01:47:58.292Z,4,D1,GL,no,NA,NA,NA
2026-08-16,MCS,1,33,32.5,2026-08-16T01:47:58.292Z,5,D1,GL,yes,NA,NA,NA
2026-08-16,MCS,1,33,32.5,2026-08-16T01:47:58.292Z,6,D1,GL,no,NA,NA,NA
2026-08-17,MCS,1,32,31.5,2026-08-16T01:47:58.292Z,0,D1,NP,yes,NA,NA,NA
2026-08-17,MCS,1,32,31.5,2026-08-16T01:47:58.292Z,2,D1,NP,yes,NA,NA,NA
2026-08-17,MCS,1,32,31.5,2026-08-16T01:47:58.292Z,4,D1,NP,yes,NA,NA,NA
2026-08-17,MCS,1,32,31.5,2026-08-16T01:47:58.292Z,6,D1,NP,yes,NA,NA,NA
2026-08-17,MCS,1,32,31.5,2026-08-16T01:47:58.292Z,7,D1,NP,yes,NA,NA,NA
2026-08-17,MCS,1,32,31.5,2026-08-16T01:47:58.292Z,8,D1,NP,no,NA,NA,NA
2026-08-17,MCS,1,33,32.5,2026-08-16T01:47:58.292Z,0,D1,CP,yes,NA,NA,NA
2026-08-17,MCS,1,33,32.5,2026-08-16T01:47:58.292Z,1,D1,CP,no,NA,NA,NA
2026-08-17,MCS,1,33,32.5,2026-08-16T01:47:58.292Z,3,D1,CP,no,NA,NA,NA
2026-08-17,MCS,1,33,32.5,2026-08-16T01:47:58.292Z,4,D1,CP,no,NA,NA,NA
2026-08-17,MCS,1,33,32.5,2026-08-16T01:47:58.292Z,5,D1,CP,no,NA,NA,NA
2026-08-17,MCS,1,33,32.5,2026-08-16T01:47:58.292Z,6,D1,CP,no,NA,NA,NA
2026-08-18,MCS,1,32,31.5,2026-08-16T01:47:58.292Z,0,D1,GL,yes,NA,NA,NA
2026-08-18,MCS,1,32,31.5,2026-08-16T01:47:58.292Z,2,D1,GL,yes,NA,NA,NA
2026-08-18,MCS,1,32,31.5,2026-08-16T01:47:58.292Z,4,D1,GL,yes,NA,NA,NA
2026-08-18,MCS,1,32,31.5,2026-08-16T01:47:58.292Z,6,D1,GL,no,NA,NA,NA
2026-08-18,MCS,1,32,31.5,2026-08-16T01:47:58.292Z,7,D1,GL,no,NA,NA,NA
2026-08-18,MCS,1,32,31.5,2026-08-16T01:47:58.292Z,8,D1,GL,no,NA,NA,NA
2026-08-18,MCS,1,33,32.5,2026-08-16T01:47:58.292Z,0,D1,GL,yes,NA,NA,NA
2026-08-18,MCS,1,33,32.5,2026-08-16T01:47:58.292Z,1,D1,GL,yes,NA,NA,NA
2026-08-18,MCS,1,33,32.5,2026-08-16T01:47:58.292Z,3,D1,GL,no,NA,NA,NA
2026-08-18,MCS,1,33,32.5,2026-08-16T01:47:58.292Z,4,D1,GL,no,NA,NA,NA
2026-08-18,MCS,1,33,32.5,2026-08-16T01:47:58.292Z,5,D1,GL,no,NA,NA,NA
2026-08-18,MCS,1,33,32.5,2026-08-16T01:47:58.292Z,6,D1,GL,no,NA,NA,NA
2026-08-19,MCS,1,32,31.5,2026-08-16T01:47:58.292Z,0,D1,GL,yes,NA,NA,NA
2026-08-19,MCS,1,32,31.5,2026-08-16T01:47:58.292Z,2,D1,GL,yes,NA,NA,NA
2026-08-19,MCS,1,32,31.5,2026-08-16T01:47:58.292Z,4,D1,GL,no,NA,NA,NA
2026-08-19,MCS,1,32,31.5,2026-08-16T01:47:58.292Z,6,D1,GL,no,NA,NA,NA
2026-08-19,MCS,1,32,31.5,2026-08-16T01:47:58.292Z,7,D1,GL,no,NA,NA,NA
2026-08-19,MCS,1,32,31.5,2026-08-16T01:47:58.292Z,8,D1,GL,no,NA,NA,NA
2026-08-19,MCS,1,33,32.5,2026-08-16T01:47:58.292Z,0,D1,NP,yes,NA,NA,NA
2026-08-19,MCS,1,33,32.5,2026-08-16T01:47:58.292Z,1,D1,NP,no,NA,NA,NA
2026-08-19,MCS,1,33,32.5,2026-08-16T01:47:58.292Z,3,D1,NP,no,NA,NA,NA
2026-08-19,MCS,1,33,32.5,2026-08-16T01:47:58.292Z,4,D1,NP,no,NA,NA,NA
2026-08-19,MCS,1,33,32.5,2026-08-16T01:47:58.292Z,5,D1,NP,no,NA,NA,NA
2026-08-19,MCS,1,33,32.5,2026-08-16T01:47:58.292Z,6,D1,NP,no,NA,NA,NA
2026-08-20,MCS,1,32,31.5,2026-08-16T01:47:58.292Z,0,D1,CP,yes,NA,NA,NA
2026-08-20,MCS,1,32,31.5,2026-08-16T01:47:58.292Z,2,D1,CP,yes,NA,NA,NA
2026-08-20,MCS,1,32,31.5,2026-08-16T01:47:58.292Z,4,D1,CP,yes,NA,NA,NA
2026-08-20,MCS,1,32,31.5,2026-08-16T01:47:58.292Z,6,D1,CP,no,NA,NA,NA
2026-08-20,MCS,1,32,31.5,2026-08-16T01:47:58.292Z,7,D1,CP,no,NA,NA,NA
2026-08-20,MCS,1,32,31.5,2026-08-16T01:47:58.292Z,8,D1,CP,no,NA,NA,NA
2026-08-20,MCS,1,33,32.5,2026-08-16T01:47:58.292Z,0,D1,CP,yes,NA,NA,NA
2026-08-20,MCS,1,33,32.5,2026-08-16T01:47:58.292Z,1,D1,CP,no,NA,NA,NA
2026-08-20,MCS,1,33,32.5,2026-08-16T01:47:58.292Z,3,D1,CP,no,NA,NA,NA
2026-08-20,MCS,1,33,32.5,2026-08-16T01:47:58.292Z,4,D1,CP,no,NA,NA,NA
2026-08-20,MCS,1,33,32.5,2026-08-16T01:47:58.292Z,5,D1,CP,no,NA,NA,NA
2026-08-20,MCS,1,33,32.5,2026-08-16T01:47:58.292Z,6,D1,CP,no,NA,NA,NA
2026-08-21,MCS,1,32,31.5,2026-08-16T01:47:58.292Z,0,D1,GL,yes,NA,NA,NA
2026-08-21,MCS,1,32,31.5,2026-08-16T01:47:58.292Z,2,D1,GL,yes,NA,NA,NA
2026-08-21,MCS,1,32,31.5,2026-08-16T01:47:58.292Z,4,D1,GL,yes,NA,NA,NA
2026-08-21,MCS,1,32,31.5,2026-08-16T01:47:58.292Z,6,D1,GL,yes,NA,NA,NA
2026-08-21,MCS,1,32,31.5,2026-08-16T01:47:58.292Z,7,D1,GL,yes,NA,NA,NA
2026-08-21,MCS,1,32,31.5,2026-08-16T01:47:58.292Z,8,D1,GL,no,NA,NA,NA
2026-08-21,MCS,1,33,32.5,2026-08-16T01:47:58.292Z,0,D1,OP,yes,NA,NA,NA
2026-08-21,MCS,1,33,32.5,2026-08-16T01:47:58.292Z,1,D1,OP,yes,NA,NA,NA
2026-08-21,MCS,1,33,32.5,2026-08-16T01:47:58.292Z,3,D1,OP,yes,NA,NA,NA
2026-08-21,MCS,1,33,32.5,2026-08-16T01:47:58.292Z,4,D1,OP,no,NA,NA,NA
2026-08-21,MCS,1,33,32.5,2026-08-16T01:47:58.292Z,5,D1,OP,no,NA,NA,NA
2026-08-21,MCS,1,33,32.5,2026-08-16T01:47:58.292Z,6,D1,OP,no,NA,NA,NA
2026-08-22,MCS,1,32,31.5,2026-08-16T01:47:58.292Z,0,D1,NP,yes,NA,NA,NA
2026-08-22,MCS,1,32,31.5,2026-08-16T01:47:58.292Z,2,D1,NP,yes,NA,NA,NA
2026-08-22,MCS,1,32,31.5,2026-08-16T01:47:58.292Z,4,D1,NP,yes,NA,NA,NA
2026-08-22,MCS,1,32,31.5,2026-08-16T01:47:58.292Z,6,D1,NP,no,NA,NA,NA
2026-08-22,MCS,1,32,31.5,2026-08-16T01:47:58.292Z,7,D1,NP,no,NA,NA,NA
2026-08-22,MCS,1,32,31.5,2026-08-16T01:47:58.292Z,8,D1,NP,no,NA,NA,NA
2026-08-22,MCS,1,33,32.5,2026-08-16T01:47:58.292Z,0,D1,CP,yes,NA,NA,NA
2026-08-22,MCS,1,33,32.5,2026-08-16T01:47:58.292Z,1,D1,CP,yes,NA,NA,NA
2026-08-22,MCS,1,33,32.5,2026-08-16T01:47:58.292Z,3,D1,CP,no,NA,NA,NA
2026-08-22,MCS,1,33,32.5,2026-08-16T01:47:58.292Z,4,D1,CP,no,NA,NA,NA
2026-08-22,MCS,1,33,32.5,2026-08-16T01:47:58.292Z,5,D1,CP,no,NA,NA,NA
2026-08-22,MCS,1,33,32.5,2026-08-16T01:47:58.292Z,6,D1,CP,no,NA,NA,NA
2026-08-15,MCS,1,32,31.5,2026-08-16T01:47:58.292Z,0,D2,NP,yes,NA,NA,NA
2026-08-15,MCS,1,32,31.5,2026-08-16T01:47:58.292Z,2,D2,NP,yes,NA,NA,NA
2026-08-15,MCS,1,32,31.5,2026-08-16T01:47:58.292Z,4,D2,NP,yes,NA,NA,NA
2026-08-15,MCS,1,32,31.5,2026-08-16T01:47:58.292Z,6,D2,NP,yes,NA,NA,NA
2026-08-15,MCS,1,32,31.5,2026-08-16T01:47:58.292Z,7,D2,NP,no,NA,NA,NA
2026-08-15,MCS,1,32,31.5,2026-08-16T01:47:58.292Z,8,D2,NP,no,NA,NA,NA
2026-08-15,MCS,1,33,32.5,2026-08-16T01:47:58.292Z,0,D2,GL,yes,NA,NA,NA
2026-08-15,MCS,1,33,32.5,2026-08-16T01:47:58.292Z,1,D2,GL,yes,NA,NA,NA
2026-08-15,MCS,1,33,32.5,2026-08-16T01:47:58.292Z,3,D2,GL,yes,NA,NA,NA
2026-08-15,MCS,1,33,32.5,2026-08-16T01:47:58.292Z,4,D2,GL,yes,NA,NA,NA
2026-08-15,MCS,1,33,32.5,2026-08-16T01:47:58.292Z,5,D2,GL,no,NA,NA,NA
2026-08-15,MCS,1,33,32.5,2026-08-16T01:47:58.292Z,6,D2,GL,no,NA,NA,NA
2026-08-16,MCS,1,32,31.5,2026-08-16T01:47:58.292Z,0,D2,CP,yes,NA,NA,NA
2026-08-16,MCS,1,32,31.5,2026-08-16T01:47:58.292Z,2,D2,CP,yes,NA,NA,NA
2026-08-16,MCS,1,32,31.5,2026-08-16T01:47:58.292Z,4,D2,CP,no,NA,NA,NA
2026-08-16,MCS,1,32,31.5,2026-08-16T01:47:58.292Z,6,D2,CP,no,NA,NA,NA
2026-08-16,MCS,1,32,31.5,2026-08-16T01:47:58.292Z,7,D2,CP,no,NA,NA,NA
2026-08-16,MCS,1,32,31.5,2026-08-16T01:47:58.292Z,8,D2,CP,no,NA,NA,NA
2026-08-16,MCS,1,33,32.5,2026-08-16T01:47:58.292Z,0,D2,OP,yes,NA,NA,NA
2026-08-16,MCS,1,33,32.5,2026-08-16T01:47:58.292Z,1,D2,OP,no,NA,NA,NA
2026-08-16,MCS,1,33,32.5,2026-08-16T01:47:58.292Z,3,D2,OP,no,NA,NA,NA
2026-08-16,MCS,1,33,32.5,2026-08-16T01:47:58.292Z,4,D2,OP,no,NA,NA,NA
2026-08-16,MCS,1,33,32.5,2026-08-16T01:47:58.292Z,5,D2,OP,no,NA,NA,NA
2026-08-16,MCS,1,33,32.5,2026-08-16T01:47:58.292Z,6,D2,OP,no,NA,NA,NA
2026-08-17,MCS,1,32,31.5,2026-08-16T01:47:58.292Z,0,D2,CP,yes,NA,NA,NA
2026-08-17,MCS,1,32,31.5,2026-08-16T01:47:58.292Z,2,D2,CP,yes,NA,NA,NA
2026-08-17,MCS,1,32,31.5,2026-08-16T01:47:58.292Z,4,D2,CP,yes,NA,NA,NA
2026-08-17,MCS,1,32,31.5,2026-08-16T01:47:58.292Z,6,D2,CP,no,NA,NA,NA
2026-08-17,MCS,1,32,31.5,2026-08-16T01:47:58.292Z,7,D2,CP,no,NA,NA,NA
2026-08-17,MCS,1,32,31.5,2026-08-16T01:47:58.292Z,8,D2,CP,no,NA,NA,NA
2026-08-17,MCS,1,33,32.5,2026-08-16T01:47:58.292Z,0,D2,NP,yes,NA,NA,NA
2026-08-17,MCS,1,33,32.5,2026-08-16T01:47:58.292Z,1,D2,NP,yes,NA,NA,NA
2026-08-17,MCS,1,33,32.5,2026-08-16T01:47:58.292Z,3,D2,NP,yes,NA,NA,NA
2026-08-17,MCS,1,33,32.5,2026-08-16T01:47:58.292Z,4,D2,NP,no,NA,NA,NA
2026-08-17,MCS,1,33,32.5,2026-08-16T01:47:58.292Z,5,D2,NP,no,NA,NA,NA
2026-08-17,MCS,1,33,32.5,2026-08-16T01:47:58.292Z,6,D2,NP,no,NA,NA,NA
2026-08-18,MCS,1,32,31.5,2026-08-16T01:47:58.292Z,0,D2,CP,yes,NA,NA,NA
2026-08-18,MCS,1,32,31.5,2026-08-16T01:47:58.292Z,2,D2,CP,no,NA,NA,NA
2026-08-18,MCS,1,32,31.5,2026-08-16T01:47:58.292Z,4,D2,CP,yes,NA,NA,NA
2026-08-18,MCS,1,32,31.5,2026-08-16T01:47:58.292Z,6,D2,CP,no,NA,NA,NA
2026-08-18,MCS,1,32,31.5,2026-08-16T01:47:58.292Z,7,D2,CP,no,NA,NA,NA
2026-08-18,MCS,1,32,31.5,2026-08-16T01:47:58.292Z,8,D2,CP,no,NA,NA,NA
2026-08-18,MCS,1,33,32.5,2026-08-16T01:47:58.292Z,0,D2,GL,yes,NA,NA,NA
2026-08-18,MCS,1,33,32.5,2026-08-16T01:47:58.292Z,1,D2,GL,yes,NA,NA,NA
2026-08-18,MCS,1,33,32.5,2026-08-16T01:47:58.292Z,3,D2,GL,no,NA,NA,NA
2026-08-18,MCS,1,33,32.5,2026-08-16T01:47:58.292Z,4,D2,GL,no,NA,NA,NA
2026-08-18,MCS,1,33,32.5,2026-08-16T01:47:58.292Z,5,D2,GL,no,NA,NA,NA
2026-08-18,MCS,1,33,32.5,2026-08-16T01:47:58.292Z,6,D2,GL,no,NA,NA,NA
2026-08-19,MCS,1,32,31.5,2026-08-16T01:47:58.292Z,0,D2,NP,yes,NA,NA,NA
2026-08-19,MCS,1,32,31.5,2026-08-16T01:47:58.292Z,2,D2,NP,yes,NA,NA,NA
2026-08-19,MCS,1,32,31.5,2026-08-16T01:47:58.292Z,4,D2,NP,yes,NA,NA,NA
2026-08-19,MCS,1,32,31.5,2026-08-16T01:47:58.292Z,6,D2,NP,yes,NA,NA,NA
2026-08-19,MCS,1,32,31.5,2026-08-16T01:47:58.292Z,7,D2,NP,no,NA,NA,NA
2026-08-19,MCS,1,32,31.5,2026-08-16T01:47:58.292Z,8,D2,NP,no,NA,NA,NA
2026-08-19,MCS,1,33,32.5,2026-08-16T01:47:58.292Z,0,D2,NP,yes,NA,NA,NA
2026-08-19,MCS,1,33,32.5,2026-08-16T01:47:58.292Z,1,D2,NP,yes,NA,NA,NA
2026-08-19,MCS,1,33,32.5,2026-08-16T01:47:58.292Z,3,D2,NP,yes,NA,NA,NA
2026-08-19,MCS,1,33,32.5,2026-08-16T01:47:58.292Z,4,D2,NP,yes,NA,NA,NA
2026-08-19,MCS,1,33,32.5,2026-08-16T01:47:58.292Z,5,D2,NP,yes,NA,NA,NA
2026-08-19,MCS,1,33,32.5,2026-08-16T01:47:58.292Z,6,D2,NP,no,NA,NA,NA
2026-08-20,MCS,1,32,31.5,2026-08-16T01:47:58.292Z,0,D2,OP,yes,NA,NA,NA
2026-08-20,MCS,1,32,31.5,2026-08-16T01:47:58.292Z,2,D2,OP,no,NA,NA,NA
2026-08-20,MCS,1,32,31.5,2026-08-16T01:47:58.292Z,4,D2,OP,no,NA,NA,NA
2026-08-20,MCS,1,32,31.5,2026-08-16T01:47:58.292Z,6,D2,OP,no,NA,NA,NA
2026-08-20,MCS,1,32,31.5,2026-08-16T01:47:58.292Z,7,D2,OP,no,NA,NA,NA
2026-08-20,MCS,1,32,31.5,2026-08-16T01:47:58.292Z,8,D2,OP,no,NA,NA,NA
2026-08-20,MCS,1,33,32.5,2026-08-16T01:47:58.292Z,0,D2,CP,yes,NA,NA,NA
2026-08-20,MCS,1,33,32.5,2026-08-16T01:47:58.292Z,1,D2,CP,no,NA,NA,NA
2026-08-20,MCS,1,33,32.5,2026-08-16T01:47:58.292Z,3,D2,CP,no,NA,NA,NA
2026-08-20,MCS,1,33,32.5,2026-08-16T01:47:58.292Z,4,D2,CP,no,NA,NA,NA
2026-08-20,MCS,1,33,32.5,2026-08-16T01:47:58.292Z,5,D2,CP,no,NA,NA,NA
2026-08-20,MCS,1,33,32.5,2026-08-16T01:47:58.292Z,6,D2,CP,no,NA,NA,NA
2026-08-21,MCS,1,32,31.5,2026-08-16T01:47:58.292Z,0,D2,OP,yes,NA,NA,NA
2026-08-21,MCS,1,32,31.5,2026-08-16T01:47:58.292Z,2,D2,OP,no,NA,NA,NA
2026-08-21,MCS,1,32,31.5,2026-08-16T01:47:58.292Z,4,D2,OP,no,NA,NA,NA
2026-08-21,MCS,1,32,31.5,2026-08-16T01:47:58.292Z,6,D2,OP,no,NA,NA,NA
2026-08-21,MCS,1,32,31.5,2026-08-16T01:47:58.292Z,7,D2,OP,no,NA,NA,NA
2026-08-21,MCS,1,32,31.5,2026-08-16T01:47:58.292Z,8,D2,OP,no,NA,NA,NA
2026-08-21,MCS,1,33,32.5,2026-08-16T01:47:58.292Z,0,D2,GL,yes,NA,NA,NA
2026-08-21,MCS,1,33,32.5,2026-08-16T01:47:58.292Z,1,D2,GL,yes,NA,NA,NA
2026-08-21,MCS,1,33,32.5,2026-08-16T01:47:58.292Z,3,D2,GL,yes,NA,NA,NA
2026-08-21,MCS,1,33,32.5,2026-08-16T01:47:58.292Z,4,D2,GL,yes,NA,NA,NA
2026-08-21,MCS,1,33,32.5,2026-08-16T01:47:58.292Z,5,D2,GL,yes,NA,NA,NA
2026-08-21,MCS,1,33,32.5,2026-08-16T01:47:58.292Z,6,D2,GL,no,NA,NA,NA
2026-08-22,MCS,1,32,31.5,2026-08-16T01:47:58.292Z,0,D2,CP,yes,NA,NA,NA
2026-08-22,MCS,1,32,31.5,2026-08-16T01:47:58.292Z,2,D2,CP,yes,NA,NA,NA
2026-08-22,MCS,1,32,31.5,2026-08-16T01:47:58.292Z,4,D2,CP,no,NA,NA,NA
2026-08-22,MCS,1,32,31.5,2026-08-16T01:47:58.292Z,6,D2,CP,no,NA,NA,NA
2026-08-22,MCS,1,32,31.5,2026-08-16T01:47:58.292Z,7,D2,CP,no,NA,NA,NA
2026-08-22,MCS,1,32,31.5,2026-08-16T01:47:58.292Z,8,D2,CP,no,NA,NA,NA
2026-08-22,MCS,1,33,32.5,2026-08-16T01:47:58.292Z,0,D2,GL,yes,NA,NA,NA
2026-08-22,MCS,1,33,32.5,2026-08-16T01:47:58.292Z,1,D2,GL,yes,NA,NA,NA
2026-08-22,MCS,1,33,32.5,2026-08-16T01:47:58.292Z,3,D2,GL,yes,NA,NA,NA
2026-08-22,MCS,1,33,32.5,2026-08-16T01:47:58.292Z,4,D2,GL,yes,NA,NA,NA
2026-08-22,MCS,1,33,32.5,2026-08-16T01:47:58.292Z,5,D2,GL,no,NA,NA,NA
2026-08-22,MCS,1,33,32.5,2026-08-16T01:47:58.292Z,6,D2,GL,no,NA,NA,NA
2026-08-15,MCS,1,32,31.5,2026-08-16T01:47:58.292Z,0,D3,OP,yes,NA,NA,NA
2026-08-15,MCS,1,32,31.5,2026-08-16T01:47:58.292Z,2,D3,OP,no,NA,NA,NA
2026-08-15,MCS,1,32,31.5,2026-08-16T01:47:58.292Z,4,D3,OP,no,NA,NA,NA
2026-08-15,MCS,1,32,31.5,2026-08-16T01:47:58.292Z,6,D3,OP,no,NA,NA,NA
2026-08-15,MCS,1,32,31.5,2026-08-16T01:47:58.292Z,7,D3,OP,no,NA,NA,NA
2026-08-15,MCS,1,32,31.5,2026-08-16T01:47:58.292Z,8,D3,OP,no,NA,NA,NA
2026-08-15,MCS,1,33,32.5,2026-08-16T01:47:58.292Z,0,D3,CP,yes,NA,NA,NA
2026-08-15,MCS,1,33,32.5,2026-08-16T01:47:58.292Z,1,D3,CP,yes,NA,NA,NA
2026-08-15,MCS,1,33,32.5,2026-08-16T01:47:58.292Z,3,D3,CP,yes,NA,NA,NA
2026-08-15,MCS,1,33,32.5,2026-08-16T01:47:58.292Z,4,D3,CP,no,NA,NA,NA
2026-08-15,MCS,1,33,32.5,2026-08-16T01:47:58.292Z,5,D3,CP,no,NA,NA,NA
2026-08-15,MCS,1,33,32.5,2026-08-16T01:47:58.292Z,6,D3,CP,no,NA,NA,NA
2026-08-16,MCS,1,32,31.5,2026-08-16T01:47:58.292Z,0,D3,CP,yes,NA,NA,NA
2026-08-16,MCS,1,32,31.5,2026-08-16T01:47:58.292Z,2,D3,CP,no,NA,NA,NA
2026-08-16,MCS,1,32,31.5,2026-08-16T01:47:58.292Z,4,D3,CP,no,NA,NA,NA
2026-08-16,MCS,1,32,31.5,2026-08-16T01:47:58.292Z,6,D3,CP,no,NA,NA,NA
2026-08-16,MCS,1,32,31.5,2026-08-16T01:47:58.292Z,7,D3,CP,no,NA,NA,NA
2026-08-16,MCS,1,32,31.5,2026-08-16T01:47:58.292Z,8,D3,CP,no,NA,NA,NA
2026-08-16,MCS,1,33,32.5,2026-08-16T01:47:58.292Z,0,D3,NP,yes,NA,NA,NA
2026-08-16,MCS,1,33,32.5,2026-08-16T01:47:58.292Z,1,D3,NP,yes,NA,NA,NA
2026-08-16,MCS,1,33,32.5,2026-08-16T01:47:58.292Z,3,D3,NP,no,NA,NA,NA
2026-08-16,MCS,1,33,32.5,2026-08-16T01:47:58.292Z,4,D3,NP,no,NA,NA,NA
2026-08-16,MCS,1,33,32.5,2026-08-16T01:47:58.292Z,5,D3,NP,no,NA,NA,NA
2026-08-16,MCS,1,33,32.5,2026-08-16T01:47:58.292Z,6,D3,NP,no,NA,NA,NA
2026-08-17,MCS,1,32,31.5,2026-08-16T01:47:58.292Z,0,D3,OP,yes,NA,NA,NA
2026-08-17,MCS,1,32,31.5,2026-08-16T01:47:58.292Z,2,D3,OP,yes,NA,NA,NA
2026-08-17,MCS,1,32,31.5,2026-08-16T01:47:58.292Z,4,D3,OP,no,NA,NA,NA
2026-08-17,MCS,1,32,31.5,2026-08-16T01:47:58.292Z,6,D3,OP,no,NA,NA,NA
2026-08-17,MCS,1,32,31.5,2026-08-16T01:47:58.292Z,7,D3,OP,no,NA,NA,NA
2026-08-17,MCS,1,32,31.5,2026-08-16T01:47:58.292Z,8,D3,OP,no,NA,NA,NA
2026-08-17,MCS,1,33,32.5,2026-08-16T01:47:58.292Z,0,D3,GL,yes,NA,NA,NA
2026-08-17,MCS,1,33,32.5,2026-08-16T01:47:58.292Z,1,D3,GL,yes,NA,NA,NA
2026-08-17,MCS,1,33,32.5,2026-08-16T01:47:58.292Z,3,D3,GL,no,NA,NA,NA
2026-08-17,MCS,1,33,32.5,2026-08-16T01:47:58.292Z,4,D3,GL,no,NA,NA,NA
2026-08-17,MCS,1,33,32.5,2026-08-16T01:47:58.292Z,5,D3,GL,no,NA,NA,NA
2026-08-17,MCS,1,33,32.5,2026-08-16T01:47:58.292Z,6,D3,GL,no,NA,NA,NA
2026-08-18,MCS,1,32,31.5,2026-08-16T01:47:58.292Z,0,D3,NP,yes,NA,NA,NA
2026-08-18,MCS,1,32,31.5,2026-08-16T01:47:58.292Z,2,D3,NP,yes,NA,NA,NA
2026-08-18,MCS,1,32,31.5,2026-08-16T01:47:58.292Z,4,D3,NP,yes,NA,NA,NA
2026-08-18,MCS,1,32,31.5,2026-08-16T01:47:58.292Z,6,D3,NP,no,NA,NA,NA
2026-08-18,MCS,1,32,31.5,2026-08-16T01:47:58.292Z,7,D3,NP,no,NA,NA,NA
2026-08-18,MCS,1,32,31.5,2026-08-16T01:47:58.292Z,8,D3,NP,no,NA,NA,NA
2026-08-18,MCS,1,33,32.5,2026-08-16T01:47:58.292Z,0,D3,OP,yes,NA,NA,NA
2026-08-18,MCS,1,33,32.5,2026-08-16T01:47:58.292Z,1,D3,OP,yes,NA,NA,NA
2026-08-18,MCS,1,33,32.5,2026-08-16T01:47:58.292Z,3,D3,OP,no,NA,NA,NA
2026-08-18,MCS,1,33,32.5,2026-08-16T01:47:58.292Z,4,D3,OP,no,NA,NA,NA
2026-08-18,MCS,1,33,32.5,2026-08-16T01:47:58.292Z,5,D3,OP,no,NA,NA,NA
2026-08-18,MCS,1,33,32.5,2026-08-16T01:47:58.292Z,6,D3,OP,yes,NA,NA,NA
2026-08-19,MCS,1,32,31.5,2026-08-16T01:47:58.292Z,0,D3,GL,yes,NA,NA,NA
2026-08-19,MCS,1,32,31.5,2026-08-16T01:47:58.292Z,2,D3,GL,yes,NA,NA,NA
2026-08-19,MCS,1,32,31.5,2026-08-16T01:47:58.292Z,4,D3,GL,yes,NA,NA,NA
2026-08-19,MCS,1,32,31.5,2026-08-16T01:47:58.292Z,6,D3,GL,no,NA,NA,NA
2026-08-19,MCS,1,32,31.5,2026-08-16T01:47:58.292Z,7,D3,GL,no,NA,NA,NA
2026-08-19,MCS,1,32,31.5,2026-08-16T01:47:58.292Z,8,D3,GL,no,NA,NA,NA
2026-08-19,MCS,1,33,32.5,2026-08-16T01:47:58.292Z,0,D3,GL,yes,NA,NA,NA
2026-08-19,MCS,1,33,32.5,2026-08-16T01:47:58.292Z,1,D3,GL,yes,NA,NA,NA
2026-08-19,MCS,1,33,32.5,2026-08-16T01:47:58.292Z,3,D3,GL,yes,NA,NA,NA
2026-08-19,MCS,1,33,32.5,2026-08-16T01:47:58.292Z,4,D3,GL,no,NA,NA,NA
2026-08-19,MCS,1,33,32.5,2026-08-16T01:47:58.292Z,5,D3,GL,no,NA,NA,NA
2026-08-19,MCS,1,33,32.5,2026-08-16T01:47:58.292Z,6,D3,GL,no,NA,NA,NA
2026-08-20,MCS,1,32,31.5,2026-08-16T01:47:58.292Z,0,D3,GL,yes,NA,NA,NA
2026-08-20,MCS,1,32,31.5,2026-08-16T01:47:58.292Z,2,D3,GL,yes,NA,NA,NA
2026-08-20,MCS,1,32,31.5,2026-08-16T01:47:58.292Z,4,D3,GL,yes,NA,NA,NA
2026-08-20,MCS,1,32,31.5,2026-08-16T01:47:58.292Z,6,D3,GL,yes,NA,NA,NA
2026-08-20,MCS,1,32,31.5,2026-08-16T01:47:58.292Z,7,D3,GL,no,NA,NA,NA
2026-08-20,MCS,1,32,31.5,2026-08-16T01:47:58.292Z,8,D3,GL,no,NA,NA,NA
2026-08-20,MCS,1,33,32.5,2026-08-16T01:47:58.292Z,0,D3,GL,yes,NA,NA,NA
2026-08-20,MCS,1,33,32.5,2026-08-16T01:47:58.292Z,1,D3,GL,yes,NA,NA,NA
2026-08-20,MCS,1,33,32.5,2026-08-16T01:47:58.292Z,3,D3,GL,yes,NA,NA,NA
2026-08-20,MCS,1,33,32.5,2026-08-16T01:47:58.292Z,4,D3,GL,yes,NA,NA,NA
2026-08-20,MCS,1,33,32.5,2026-08-16T01:47:58.292Z,5,D3,GL,no,NA,NA,NA
2026-08-20,MCS,1,33,32.5,2026-08-16T01:47:58.292Z,6,D3,GL,no,NA,NA,NA
2026-08-21,MCS,1,32,31.5,2026-08-16T01:47:58.292Z,0,D3,CP,yes,NA,NA,NA
2026-08-21,MCS,1,32,31.5,2026-08-16T01:47:58.292Z,2,D3,CP,yes,NA,NA,NA
2026-08-21,MCS,1,32,31.5,2026-08-16T01:47:58.292Z,4,D3,CP,no,NA,NA,NA
2026-08-21,MCS,1,32,31.5,2026-08-16T01:47:58.292Z,6,D3,CP,no,NA,NA,NA
2026-08-21,MCS,1,32,31.5,2026-08-16T01:47:58.292Z,7,D3,CP,no,NA,NA,NA
2026-08-21,MCS,1,32,31.5,2026-08-16T01:47:58.292Z,8,D3,CP,no,NA,NA,NA
2026-08-21,MCS,1,33,32.5,2026-08-16T01:47:58.292Z,0,D3,OP,yes,NA,NA,NA
2026-08-21,MCS,1,33,32.5,2026-08-16T01:47:58.292Z,1,D3,OP,yes,NA,NA,NA
2026-08-21,MCS,1,33,32.5,2026-08-16T01:47:58.292Z,3,D3,OP,no,NA,NA,NA
2026-08-21,MCS,1,33,32.5,2026-08-16T01:47:58.292Z,4,D3,OP,no,NA,NA,NA
2026-08-21,MCS,1,33,32.5,2026-08-16T01:47:58.292Z,5,D3,OP,no,NA,NA,NA
2026-08-21,MCS,1,33,32.5,2026-08-16T01:47:58.292Z,6,D3,OP,no,NA,NA,NA
2026-08-22,MCS,1,32,31.5,2026-08-16T01:47:58.292Z,0,D3,NP,yes,NA,NA,NA
2026-08-22,MCS,1,32,31.5,2026-08-16T01:47:58.292Z,2,D3,NP,yes,NA,NA,NA
2026-08-22,MCS,1,32,31.5,2026-08-16T01:47:58.292Z,4,D3,NP,yes,NA,NA,NA
2026-08-22,MCS,1,32,31.5,2026-08-16T01:47:58.292Z,6,D3,NP,no,NA,NA,NA
2026-08-22,MCS,1,32,31.5,2026-08-16T01:47:58.292Z,7,D3,NP,no,NA,NA,NA
2026-08-22,MCS,1,32,31.5,2026-08-16T01:47:58.292Z,8,D3,NP,no,NA,NA,NA
2026-08-22,MCS,1,33,32.5,2026-08-16T01:47:58.292Z,0,D3,CP,yes,NA,NA,NA
2026-08-22,MCS,1,33,32.5,2026-08-16T01:47:58.292Z,1,D3,CP,no,NA,NA,NA
2026-08-22,MCS,1,33,32.5,2026-08-16T01:47:58.292Z,3,D3,CP,no,NA,NA,NA
2026-08-22,MCS,1,33,32.5,2026-08-16T01:47:58.292Z,4,D3,CP,no,NA,NA,NA
2026-08-22,MCS,1,33,32.5,2026-08-16T01:47:58.292Z,5,D3,CP,no,NA,NA,NA
2026-08-22,MCS,1,33,32.5,2026-08-16T01:47:58.292Z,6,D3,CP,no,NA,NA,NA
2026-08-15,MCS,1,32,31.5,2026-08-16T01:47:58.292Z,0,D4,NP,yes,NA,NA,NA
2026-08-15,MCS,1,32,31.5,2026-08-16T01:47:58.292Z,2,D4,NP,yes,NA,NA,NA
2026-08-15,MCS,1,32,31.5,2026-08-16T01:47:58.292Z,4,D4,NP,no,NA,NA,NA
2026-08-15,MCS,1,32,31.5,2026-08-16T01:47:58.292Z,6,D4,NP,no,NA,NA,NA
2026-08-15,MCS,1,32,31.5,2026-08-16T01:47:58.292Z,7,D4,NP,no,NA,NA,NA
2026-08-15,MCS,1,32,31.5,2026-08-16T01:47:58.292Z,8,D4,NP,yes,NA,NA,NA
2026-08-15,MCS,1,33,32.5,2026-08-16T01:47:58.292Z,0,D4,OP,yes,NA,NA,NA
2026-08-15,MCS,1,33,32.5,2026-08-16T01:47:58.292Z,1,D4,OP,yes,NA,NA,NA
2026-08-15,MCS,1,33,32.5,2026-08-16T01:47:58.292Z,3,D4,OP,no,NA,NA,NA
2026-08-15,MCS,1,33,32.5,2026-08-16T01:47:58.292Z,4,D4,OP,no,NA,NA,NA
2026-08-15,MCS,1,33,32.5,2026-08-16T01:47:58.292Z,5,D4,OP,no,NA,NA,NA
2026-08-15,MCS,1,33,32.5,2026-08-16T01:47:58.292Z,6,D4,OP,no,NA,NA,NA
2026-08-16,MCS,1,32,31.5,2026-08-16T01:47:58.292Z,0,D4,NP,yes,NA,NA,NA
2026-08-16,MCS,1,32,31.5,2026-08-16T01:47:58.292Z,2,D4,NP,yes,NA,NA,NA
2026-08-16,MCS,1,32,31.5,2026-08-16T01:47:58.292Z,4,D4,NP,no,NA,NA,NA
2026-08-16,MCS,1,32,31.5,2026-08-16T01:47:58.292Z,6,D4,NP,no,NA,NA,NA
2026-08-16,MCS,1,32,31.5,2026-08-16T01:47:58.292Z,7,D4,NP,no,NA,NA,NA
2026-08-16,MCS,1,32,31.5,2026-08-16T01:47:58.292Z,8,D4,NP,no,NA,NA,NA
2026-08-16,MCS,1,33,32.5,2026-08-16T01:47:58.292Z,0,D4,CP,yes,NA,NA,NA
2026-08-16,MCS,1,33,32.5,2026-08-16T01:47:58.292Z,1,D4,CP,no,NA,NA,NA
2026-08-16,MCS,1,33,32.5,2026-08-16T01:47:58.292Z,3,D4,CP,no,NA,NA,NA
2026-08-16,MCS,1,33,32.5,2026-08-16T01:47:58.292Z,4,D4,CP,no,NA,NA,NA
2026-08-16,MCS,1,33,32.5,2026-08-16T01:47:58.292Z,5,D4,CP,no,NA,NA,NA
2026-08-16,MCS,1,33,32.5,2026-08-16T01:47:58.292Z,6,D4,CP,no,NA,NA,NA
2026-08-17,MCS,1,32,31.5,2026-08-16T01:47:58.292Z,0,D4,CP,yes,NA,NA,NA
2026-08-17,MCS,1,32,31.5,2026-08-16T01:47:58.292Z,2,D4,CP,no,NA,NA,NA
2026-08-17,MCS,1,32,31.5,2026-08-16T01:47:58.292Z,4,D4,CP,no,NA,NA,NA
2026-08-17,MCS,1,32,31.5,2026-08-16T01:47:58.292Z,6,D4,CP,no,NA,NA,NA
2026-08-17,MCS,1,32,31.5,2026-08-16T01:47:58.292Z,7,D4,CP,no,NA,NA,NA
2026-08-17,MCS,1,32,31.5,2026-08-16T01:47:58.292Z,8,D4,CP,no,NA,NA,NA
2026-08-17,MCS,1,33,32.5,2026-08-16T01:47:58.292Z,0,D4,NP,yes,NA,NA,NA
2026-08-17,MCS,1,33,32.5,2026-08-16T01:47:58.292Z,1,D4,NP,yes,NA,NA,NA
2026-08-17,MCS,1,33,32.5,2026-08-16T01:47:58.292Z,3,D4,NP,no,NA,NA,NA
2026-08-17,MCS,1,33,32.5,2026-08-16T01:47:58.292Z,4,D4,NP,no,NA,NA,NA
2026-08-17,MCS,1,33,32.5,2026-08-16T01:47:58.292Z,5,D4,NP,no,NA,NA,NA
2026-08-17,MCS,1,33,32.5,2026-08-16T01:47:58.292Z,6,D4,NP,no,NA,NA,NA
2026-08-18,MCS,1,32,31.5,2026-08-16T01:47:58.292Z,0,D4,GL,yes,NA,NA,NA
2026-08-18,MCS,1,32,31.5,2026-08-16T01:47:58.292Z,2,D4,GL,yes,NA,NA,NA
2026-08-18,MCS,1,32,31.5,2026-08-16T01:47:58.292Z,4,D4,GL,no,NA,NA,NA
2026-08-18,MCS,1,32,31.5,2026-08-16T01:47:58.292Z,6,D4,GL,yes,NA,NA,NA
2026-08-18,MCS,1,32,31.5,2026-08-16T01:47:58.292Z,7,D4,GL,no,NA,NA,NA
2026-08-18,MCS,1,32,31.5,2026-08-16T01:47:58.292Z,8,D4,GL,no,NA,NA,NA
2026-08-18,MCS,1,33,32.5,2026-08-16T01:47:58.292Z,0,D4,OP,yes,NA,NA,NA
2026-08-18,MCS,1,33,32.5,2026-08-16T01:47:58.292Z,1,D4,OP,yes,NA,NA,NA
2026-08-18,MCS,1,33,32.5,2026-08-16T01:47:58.292Z,3,D4,OP,no,NA,NA,NA
2026-08-18,MCS,1,33,32.5,2026-08-16T01:47:58.292Z,4,D4,OP,no,NA,NA,NA
2026-08-18,MCS,1,33,32.5,2026-08-16T01:47:58.292Z,5,D4,OP,no,NA,NA,NA
2026-08-18,MCS,1,33,32.5,2026-08-16T01:47:58.292Z,6,D4,OP,no,NA,NA,NA
2026-08-19,MCS,1,32,31.5,2026-08-16T01:47:58.292Z,0,D4,CP,yes,NA,NA,NA
2026-08-19,MCS,1,32,31.5,2026-08-16T01:47:58.292Z,2,D4,CP,yes,NA,NA,NA
2026-08-19,MCS,1,32,31.5,2026-08-16T01:47:58.292Z,4,D4,CP,no,NA,NA,NA
2026-08-19,MCS,1,32,31.5,2026-08-16T01:47:58.292Z,6,D4,CP,no,NA,NA,NA
2026-08-19,MCS,1,32,31.5,2026-08-16T01:47:58.292Z,7,D4,CP,no,NA,NA,NA
2026-08-19,MCS,1,32,31.5,2026-08-16T01:47:58.292Z,8,D4,CP,no,NA,NA,NA
2026-08-19,MCS,1,33,32.5,2026-08-16T01:47:58.292Z,0,D4,OP,yes,NA,NA,NA
2026-08-19,MCS,1,33,32.5,2026-08-16T01:47:58.292Z,1,D4,OP,no,NA,NA,NA
2026-08-19,MCS,1,33,32.5,2026-08-16T01:47:58.292Z,3,D4,OP,no,NA,NA,NA
2026-08-19,MCS,1,33,32.5,2026-08-16T01:47:58.292Z,4,D4,OP,no,NA,NA,NA
2026-08-19,MCS,1,33,32.5,2026-08-16T01:47:58.292Z,5,D4,OP,no,NA,NA,NA
2026-08-19,MCS,1,33,32.5,2026-08-16T01:47:58.292Z,6,D4,OP,no,NA,NA,NA
2026-08-20,MCS,1,32,31.5,2026-08-16T01:47:58.292Z,0,D4,NP,yes,NA,NA,NA
2026-08-20,MCS,1,32,31.5,2026-08-16T01:47:58.292Z,2,D4,NP,yes,NA,NA,NA
2026-08-20,MCS,1,32,31.5,2026-08-16T01:47:58.292Z,4,D4,NP,yes,NA,NA,NA
2026-08-20,MCS,1,32,31.5,2026-08-16T01:47:58.292Z,6,D4,NP,yes,NA,NA,NA
2026-08-20,MCS,1,32,31.5,2026-08-16T01:47:58.292Z,7,D4,NP,no,NA,NA,NA
2026-08-20,MCS,1,32,31.5,2026-08-16T01:47:58.292Z,8,D4,NP,no,NA,NA,NA
2026-08-20,MCS,1,33,32.5,2026-08-16T01:47:58.292Z,0,D4,NP,yes,NA,NA,NA
2026-08-20,MCS,1,33,32.5,2026-08-16T01:47:58.292Z,1,D4,NP,yes,NA,NA,NA
2026-08-20,MCS,1,33,32.5,2026-08-16T01:47:58.292Z,3,D4,NP,yes,NA,NA,NA
2026-08-20,MCS,1,33,32.5,2026-08-16T01:47:58.292Z,4,D4,NP,no,NA,NA,NA
2026-08-20,MCS,1,33,32.5,2026-08-16T01:47:58.292Z,5,D4,NP,no,NA,NA,NA
2026-08-20,MCS,1,33,32.5,2026-08-16T01:47:58.292Z,6,D4,NP,no,NA,NA,NA
2026-08-21,MCS,1,32,31.5,2026-08-16T01:47:58.292Z,0,D4,GL,yes,NA,NA,NA
2026-08-21,MCS,1,32,31.5,2026-08-16T01:47:58.292Z,2,D4,GL,yes,NA,NA,NA
2026-08-21,MCS,1,32,31.5,2026-08-16T01:47:58.292Z,4,D4,GL,yes,NA,NA,NA
2026-08-21,MCS,1,32,31.5,2026-08-16T01:47:58.292Z,6,D4,GL,yes,NA,NA,NA
2026-08-21,MCS,1,32,31.5,2026-08-16T01:47:58.292Z,7,D4,GL,no,NA,NA,NA
2026-08-21,MCS,1,32,31.5,2026-08-16T01:47:58.292Z,8,D4,GL,no,NA,NA,NA
2026-08-21,MCS,1,33,32.5,2026-08-16T01:47:58.292Z,0,D4,GL,yes,NA,NA,NA
2026-08-21,MCS,1,33,32.5,2026-08-16T01:47:58.292Z,1,D4,GL,yes,NA,NA,NA
2026-08-21,MCS,1,33,32.5,2026-08-16T01:47:58.292Z,3,D4,GL,yes,NA,NA,NA
2026-08-21,MCS,1,33,32.5,2026-08-16T01:47:58.292Z,4,D4,GL,yes,NA,NA,NA
2026-08-21,MCS,1,33,32.5,2026-08-16T01:47:58.292Z,5,D4,GL,yes,NA,NA,NA
2026-08-21,MCS,1,33,32.5,2026-08-16T01:47:58.292Z,6,D4,GL,no,NA,NA,NA
2026-08-22,MCS,1,32,31.5,2026-08-16T01:47:58.292Z,0,D4,CP,yes,NA,NA,NA
2026-08-22,MCS,1,32,31.5,2026-08-16T01:47:58.292Z,2,D4,CP,no,NA,NA,NA
2026-08-22,MCS,1,32,31.5,2026-08-16T01:47:58.292Z,4,D4,CP,yes,NA,NA,NA
2026-08-22,MCS,1,32,31.5,2026-08-16T01:47:58.292Z,6,D4,CP,no,NA,NA,NA
2026-08-22,MCS,1,32,31.5,2026-08-16T01:47:58.292Z,7,D4,CP,no,NA,NA,NA
2026-08-22,MCS,1,32,31.5,2026-08-16T01:47:58.292Z,8,D4,CP,no,NA,NA,NA
2026-08-22,MCS,1,33,32.5,2026-08-16T01:47:58.292Z,0,D4,GL,yes,NA,NA,NA
2026-08-22,MCS,1,33,32.5,2026-08-16T01:47:58.292Z,1,D4,GL,no,NA,NA,NA
2026-08-22,MCS,1,33,32.5,2026-08-16T01:47:58.292Z,3,D4,GL,yes,NA,NA,NA
2026-08-22,MCS,1,33,32.5,2026-08-16T01:47:58.292Z,4,D4,GL,no,NA,NA,NA
2026-08-22,MCS,1,33,32.5,2026-08-16T01:47:58.292Z,5,D4,GL,yes,NA,NA,NA
2026-08-22,MCS,1,33,32.5,2026-08-16T01:47:58.292Z,6,D4,GL,no,NA,NA,NA
2026-08-15,MCS,1,32,31.5,2026-08-16T01:47:58.292Z,0,D5,CP,yes,NA,NA,NA
2026-08-15,MCS,1,32,31.5,2026-08-16T01:47:58.292Z,2,D5,CP,yes,NA,NA,NA
2026-08-15,MCS,1,32,31.5,2026-08-16T01:47:58.292Z,4,D5,CP,yes,NA,NA,NA
2026-08-15,MCS,1,32,31.5,2026-08-16T01:47:58.292Z,6,D5,CP,no,NA,NA,NA
2026-08-15,MCS,1,32,31.5,2026-08-16T01:47:58.292Z,7,D5,CP,no,NA,NA,NA
2026-08-15,MCS,1,32,31.5,2026-08-16T01:47:58.292Z,8,D5,CP,no,NA,NA,NA
2026-08-15,MCS,1,33,32.5,2026-08-16T01:47:58.292Z,0,D5,CP,yes,NA,NA,NA
2026-08-15,MCS,1,33,32.5,2026-08-16T01:47:58.292Z,1,D5,CP,no,NA,NA,NA
2026-08-15,MCS,1,33,32.5,2026-08-16T01:47:58.292Z,3,D5,CP,no,NA,NA,NA
2026-08-15,MCS,1,33,32.5,2026-08-16T01:47:58.292Z,4,D5,CP,no,NA,NA,NA
2026-08-15,MCS,1,33,32.5,2026-08-16T01:47:58.292Z,5,D5,CP,no,NA,NA,NA
2026-08-15,MCS,1,33,32.5,2026-08-16T01:47:58.292Z,6,D5,CP,no,NA,NA,NA
2026-08-16,MCS,1,32,31.5,2026-08-16T01:47:58.292Z,0,D5,GL,yes,NA,NA,NA
2026-08-16,MCS,1,32,31.5,2026-08-16T01:47:58.292Z,2,D5,GL,yes,NA,NA,NA
2026-08-16,MCS,1,32,31.5,2026-08-16T01:47:58.292Z,4,D5,GL,yes,NA,NA,NA
2026-08-16,MCS,1,32,31.5,2026-08-16T01:47:58.292Z,6,D5,GL,yes,NA,NA,NA
2026-08-16,MCS,1,32,31.5,2026-08-16T01:47:58.292Z,7,D5,GL,no,NA,NA,NA
2026-08-16,MCS,1,32,31.5,2026-08-16T01:47:58.292Z,8,D5,GL,no,NA,NA,NA
2026-08-16,MCS,1,33,32.5,2026-08-16T01:47:58.292Z,0,D5,GL,yes,NA,NA,NA
2026-08-16,MCS,1,33,32.5,2026-08-16T01:47:58.292Z,1,D5,GL,yes,NA,NA,NA
2026-08-16,MCS,1,33,32.5,2026-08-16T01:47:58.292Z,3,D5,GL,yes,NA,NA,NA
2026-08-16,MCS,1,33,32.5,2026-08-16T01:47:58.292Z,4,D5,GL,yes,NA,NA,NA
2026-08-16,MCS,1,33,32.5,2026-08-16T01:47:58.292Z,5,D5,GL,yes,NA,NA,NA
2026-08-16,MCS,1,33,32.5,2026-08-16T01:47:58.292Z,6,D5,GL,no,NA,NA,NA
2026-08-17,MCS,1,32,31.5,2026-08-16T01:47:58.292Z,0,D5,OP,yes,NA,NA,NA
2026-08-17,MCS,1,32,31.5,2026-08-16T01:47:58.292Z,2,D5,OP,no,NA,NA,NA
2026-08-17,MCS,1,32,31.5,2026-08-16T01:47:58.292Z,4,D5,OP,no,NA,NA,NA
2026-08-17,MCS,1,32,31.5,2026-08-16T01:47:58.292Z,6,D5,OP,no,NA,NA,NA
2026-08-17,MCS,1,32,31.5,2026-08-16T01:47:58.292Z,7,D5,OP,no,NA,NA,NA
2026-08-17,MCS,1,32,31.5,2026-08-16T01:47:58.292Z,8,D5,OP,no,NA,NA,NA
2026-08-17,MCS,1,33,32.5,2026-08-16T01:47:58.292Z,0,D5,CP,yes,NA,NA,NA
2026-08-17,MCS,1,33,32.5,2026-08-16T01:47:58.292Z,1,D5,CP,yes,NA,NA,NA
2026-08-17,MCS,1,33,32.5,2026-08-16T01:47:58.292Z,3,D5,CP,no,NA,NA,NA
2026-08-17,MCS,1,33,32.5,2026-08-16T01:47:58.292Z,4,D5,CP,no,NA,NA,NA
2026-08-17,MCS,1,33,32.5,2026-08-16T01:47:58.292Z,5,D5,CP,no,NA,NA,NA
2026-08-17,MCS,1,33,32.5,2026-08-16T01:47:58.292Z,6,D5,CP,no,NA,NA,NA
2026-08-18,MCS,1,32,31.5,2026-08-16T01:47:58.292Z,0,D5,CP,yes,NA,NA,NA
2026-08-18,MCS,1,32,31.5,2026-08-16T01:47:58.292Z,2,D5,CP,yes,NA,NA,NA
2026-08-18,MCS,1,32,31.5,2026-08-16T01:47:58.292Z,4,D5,CP,no,NA,NA,NA
2026-08-18,MCS,1,32,31.5,2026-08-16T01:47:58.292Z,6,D5,CP,no,NA,NA,NA
2026-08-18,MCS,1,32,31.5,2026-08-16T01:47:58.292Z,7,D5,CP,no,NA,NA,NA
2026-08-18,MCS,1,32,31.5,2026-08-16T01:47:58.292Z,8,D5,CP,no,NA,NA,NA
2026-08-18,MCS,1,33,32.5,2026-08-16T01:47:58.292Z,0,D5,GL,yes,NA,NA,NA
2026-08-18,MCS,1,33,32.5,2026-08-16T01:47:58.292Z,1,D5,GL,yes,NA,NA,NA
2026-08-18,MCS,1,33,32.5,2026-08-16T01:47:58.292Z,3,D5,GL,yes,NA,NA,NA
2026-08-18,MCS,1,33,32.5,2026-08-16T01:47:58.292Z,4,D5,GL,no,NA,NA,NA
2026-08-18,MCS,1,33,32.5,2026-08-16T01:47:58.292Z,5,D5,GL,yes,NA,NA,NA
2026-08-18,MCS,1,33,32.5,2026-08-16T01:47:58.292Z,6,D5,GL,no,NA,NA,NA
2026-08-19,MCS,1,32,31.5,2026-08-16T01:47:58.292Z,0,D5,NP,yes,NA,NA,NA
2026-08-19,MCS,1,32,31.5,2026-08-16T01:47:58.292Z,2,D5,NP,yes,NA,NA,NA
2026-08-19,MCS,1,32,31.5,2026-08-16T01:47:58.292Z,4,D5,NP,yes,NA,NA,NA
2026-08-19,MCS,1,32,31.5,2026-08-16T01:47:58.292Z,6,D5,NP,no,NA,NA,NA
2026-08-19,MCS,1,32,31.5,2026-08-16T01:47:58.292Z,7,D5,NP,no,NA,NA,NA
2026-08-19,MCS,1,32,31.5,2026-08-16T01:47:58.292Z,8,D5,NP,no,NA,NA,NA
2026-08-19,MCS,1,33,32.5,2026-08-16T01:47:58.292Z,0,D5,OP,yes,NA,NA,NA
2026-08-19,MCS,1,33,32.5,2026-08-16T01:47:58.292Z,1,D5,OP,yes,NA,NA,NA
2026-08-19,MCS,1,33,32.5,2026-08-16T01:47:58.292Z,3,D5,OP,yes,NA,NA,NA
2026-08-19,MCS,1,33,32.5,2026-08-16T01:47:58.292Z,4,D5,OP,no,NA,NA,NA
2026-08-19,MCS,1,33,32.5,2026-08-16T01:47:58.292Z,5,D5,OP,no,NA,NA,NA
2026-08-19,MCS,1,33,32.5,2026-08-16T01:47:58.292Z,6,D5,OP,no,NA,NA,NA
2026-08-20,MCS,1,32,31.5,2026-08-16T01:47:58.292Z,0,D5,GL,yes,NA,NA,NA
2026-08-20,MCS,1,32,31.5,2026-08-16T01:47:58.292Z,2,D5,GL,yes,NA,NA,NA
2026-08-20,MCS,1,32,31.5,2026-08-16T01:47:58.292Z,4,D5,GL,no,NA,NA,NA
2026-08-20,MCS,1,32,31.5,2026-08-16T01:47:58.292Z,6,D5,GL,no,NA,NA,NA
2026-08-20,MCS,1,32,31.5,2026-08-16T01:47:58.292Z,7,D5,GL,no,NA,NA,NA
2026-08-20,MCS,1,32,31.5,2026-08-16T01:47:58.292Z,8,D5,GL,no,NA,NA,NA
2026-08-20,MCS,1,33,32.5,2026-08-16T01:47:58.292Z,0,D5,NP,yes,NA,NA,NA
2026-08-20,MCS,1,33,32.5,2026-08-16T01:47:58.292Z,1,D5,NP,no,NA,NA,NA
2026-08-20,MCS,1,33,32.5,2026-08-16T01:47:58.292Z,3,D5,NP,no,NA,NA,NA
2026-08-20,MCS,1,33,32.5,2026-08-16T01:47:58.292Z,4,D5,NP,no,NA,NA,NA
2026-08-20,MCS,1,33,32.5,2026-08-16T01:47:58.292Z,5,D5,NP,no,NA,NA,NA
2026-08-20,MCS,1,33,32.5,2026-08-16T01:47:58.292Z,6,D5,NP,no,NA,NA,NA
2026-08-21,MCS,1,32,31.5,2026-08-16T01:47:58.292Z,0,D5,NP,yes,NA,NA,NA
2026-08-21,MCS,1,32,31.5,2026-08-16T01:47:58.292Z,2,D5,NP,yes,NA,NA,NA
2026-08-21,MCS,1,32,31.5,2026-08-16T01:47:58.292Z,4,D5,NP,yes,NA,NA,NA
2026-08-21,MCS,1,32,31.5,2026-08-16T01:47:58.292Z,6,D5,NP,yes,NA,NA,NA
2026-08-21,MCS,1,32,31.5,2026-08-16T01:47:58.292Z,7,D5,NP,no,NA,NA,NA
2026-08-21,MCS,1,32,31.5,2026-08-16T01:47:58.292Z,8,D5,NP,no,NA,NA,NA
2026-08-21,MCS,1,33,32.5,2026-08-16T01:47:58.292Z,0,D5,GL,yes,NA,NA,NA
2026-08-21,MCS,1,33,32.5,2026-08-16T01:47:58.292Z,1,D5,GL,yes,NA,NA,NA
2026-08-21,MCS,1,33,32.5,2026-08-16T01:47:58.292Z,3,D5,GL,yes,NA,NA,NA
2026-08-21,MCS,1,33,32.5,2026-08-16T01:47:58.292Z,4,D5,GL,no,NA,NA,NA
2026-08-21,MCS,1,33,32.5,2026-08-16T01:47:58.292Z,5,D5,GL,no,NA,NA,NA
2026-08-21,MCS,1,33,32.5,2026-08-16T01:47:58.292Z,6,D5,GL,no,NA,NA,NA
2026-08-22,MCS,1,32,31.5,2026-08-16T01:47:58.292Z,0,D5,OP,yes,NA,NA,NA
2026-08-22,MCS,1,32,31.5,2026-08-16T01:47:58.292Z,2,D5,OP,no,NA,NA,NA
2026-08-22,MCS,1,32,31.5,2026-08-16T01:47:58.292Z,4,D5,OP,no,NA,NA,NA
2026-08-22,MCS,1,32,31.5,2026-08-16T01:47:58.292Z,6,D5,OP,no,NA,NA,NA
2026-08-22,MCS,1,32,31.5,2026-08-16T01:47:58.292Z,7,D5,OP,no,NA,NA,NA
2026-08-22,MCS,1,32,31.5,2026-08-16T01:47:58.292Z,8,D5,OP,no,NA,NA,NA
2026-08-22,MCS,1,33,32.5,2026-08-16T01:47:58.292Z,0,D5,NP,yes,NA,NA,NA
2026-08-22,MCS,1,33,32.5,2026-08-16T01:47:58.292Z,1,D5,NP,yes,NA,NA,NA
2026-08-22,MCS,1,33,32.5,2026-08-16T01:47:58.292Z,3,D5,NP,yes,NA,NA,NA
2026-08-22,MCS,1,33,32.5,2026-08-16T01:47:58.292Z,4,D5,NP,yes,NA,NA,NA
2026-08-22,MCS,1,33,32.5,2026-08-16T01:47:58.292Z,5,D5,NP,no,NA,NA,NA
2026-08-22,MCS,1,33,32.5,2026-08-16T01:47:58.292Z,6,D5,NP,no,NA,NA,NA
