#,Date-Time (EDT),Temperature   (°C),Button Up,Started,Host Connected,End of File
1,04/29/2026 12:23:26,,Logged,,,
2,04/29/2026 12:23:27,17.16,,Logged,,
3,04/29/2026 12:33:27,18.53,,,,
4,04/29/2026 12:43:27,19.43,,,,
5,04/29/2026 12:53:27,19.90,,,,
6,04/29/2026 13:03:27,19.99,,,,
7,04/29/2026 13:13:27,20.29,,,,
8,04/29/2026 13:23:27,20.12,,,,
9,04/29/2026 13:33:27,20.59,,,,
10,04/29/2026 13:43:27,21.10,,,,
11,04/29/2026 13:53:27,21.75,,,,
12,04/29/2026 14:03:27,22.05,,,,
13,04/29/2026 14:13:27,22.18,,,,
14,04/29/2026 14:23:27,22.01,,,,
15,04/29/2026 14:33:27,21.75,,,,
16,04/29/2026 14:43:27,21.75,,,,
17,04/29/2026 14:53:27,21.70,,,,
18,04/29/2026 15:03:27,21.49,,,,
19,04/29/2026 15:13:27,21.15,,,,
20,04/29/2026 15:23:27,20.80,,,,
21,04/29/2026 15:33:27,20.85,,,,
22,04/29/2026 15:43:27,20.55,,,,
23,04/29/2026 15:53:27,20.29,,,,
24,04/29/2026 16:03:27,19.99,,,,
25,04/29/2026 16:13:27,19.56,,,,
26,04/29/2026 16:23:27,19.56,,,,
27,04/29/2026 16:33:27,19.43,,,,
28,04/29/2026 16:43:27,19.35,,,,
29,04/29/2026 16:53:27,18.66,,,,
30,04/29/2026 17:03:27,18.14,,,,
31,04/29/2026 17:13:27,18.02,,,,
32,04/29/2026 17:23:27,17.93,,,,
33,04/29/2026 17:33:27,17.50,,,,
34,04/29/2026 17:43:27,17.07,,,,
35,04/29/2026 17:53:27,16.64,,,,
36,04/29/2026 18:03:27,16.30,,,,
37,04/29/2026 18:13:27,15.91,,,,
38,04/29/2026 18:23:27,15.66,,,,
39,04/29/2026 18:33:27,15.31,,,,
40,04/29/2026 18:43:27,14.93,,,,
41,04/29/2026 18:53:27,14.63,,,,
42,04/29/2026 19:03:27,14.33,,,,
43,04/29/2026 19:13:27,14.03,,,,
44,04/29/2026 19:23:27,13.77,,,,
45,04/29/2026 19:33:27,13.51,,,,
46,04/29/2026 19:43:27,13.34,,,,
47,04/29/2026 19:53:27,13.08,,,,
48,04/29/2026 20:03:27,12.91,,,,
49,04/29/2026 20:13:27,12.78,,,,
50,04/29/2026 20:23:27,12.65,,,,
51,04/29/2026 20:33:27,12.52,,,,
52,04/29/2026 20:43:27,12.40,,,,
53,04/29/2026 20:53:27,12.35,,,,
54,04/29/2026 21:03:27,12.18,,,,
55,04/29/2026 21:13:27,12.10,,,,
56,04/29/2026 21:23:27,12.05,,,,
57,04/29/2026 21:33:27,11.97,,,,
58,04/29/2026 21:43:27,11.92,,,,
59,04/29/2026 21:53:27,11.84,,,,
60,04/29/2026 22:03:27,11.75,,,,
61,04/29/2026 22:13:27,11.71,,,,
62,04/29/2026 22:23:27,11.67,,,,
63,04/29/2026 22:33:27,11.62,,,,
64,04/29/2026 22:43:27,11.62,,,,
65,04/29/2026 22:53:27,11.49,,,,
66,04/29/2026 23:03:27,11.49,,,,
67,04/29/2026 23:13:27,11.45,,,,
68,04/29/2026 23:23:27,11.41,,,,
69,04/29/2026 23:33:27,11.37,,,,
70,04/29/2026 23:43:27,11.32,,,,
71,04/29/2026 23:53:27,11.28,,,,
72,04/30/2026 00:03:27,11.28,,,,
73,04/30/2026 00:13:27,11.24,,,,
74,04/30/2026 00:23:27,11.19,,,,
75,04/30/2026 00:33:27,11.15,,,,
76,04/30/2026 00:43:27,11.15,,,,
77,04/30/2026 00:53:27,11.11,,,,
78,04/30/2026 01:03:27,11.11,,,,
79,04/30/2026 01:13:27,11.07,,,,
80,04/30/2026 01:23:27,11.02,,,,
81,04/30/2026 01:33:27,11.02,,,,
82,04/30/2026 01:43:27,11.02,,,,
83,04/30/2026 01:53:27,10.94,,,,
84,04/30/2026 02:03:27,10.89,,,,
85,04/30/2026 02:13:27,10.89,,,,
86,04/30/2026 02:23:27,10.85,,,,
87,04/30/2026 02:33:27,10.89,,,,
88,04/30/2026 02:43:27,10.81,,,,
89,04/30/2026 02:53:27,10.77,,,,
90,04/30/2026 03:03:27,10.77,,,,
91,04/30/2026 03:13:27,10.72,,,,
92,04/30/2026 03:23:27,10.72,,,,
93,04/30/2026 03:33:27,10.68,,,,
94,04/30/2026 03:43:27,10.72,,,,
95,04/30/2026 03:53:27,10.68,,,,
96,04/30/2026 04:03:27,10.64,,,,
97,04/30/2026 04:13:27,10.64,,,,
98,04/30/2026 04:23:27,10.64,,,,
99,04/30/2026 04:33:27,10.55,,,,
100,04/30/2026 04:43:27,10.55,,,,
101,04/30/2026 04:53:27,10.51,,,,
102,04/30/2026 05:03:27,10.51,,,,
103,04/30/2026 05:13:27,10.46,,,,
104,04/30/2026 05:23:27,10.42,,,,
105,04/30/2026 05:33:27,10.42,,,,
106,04/30/2026 05:43:27,10.42,,,,
107,04/30/2026 05:53:27,10.38,,,,
108,04/30/2026 06:03:27,10.42,,,,
109,04/30/2026 06:13:27,10.38,,,,
110,04/30/2026 06:23:27,10.34,,,,
111,04/30/2026 06:33:27,10.38,,,,
112,04/30/2026 06:43:27,10.38,,,,
113,04/30/2026 06:53:27,10.38,,,,
114,04/30/2026 07:03:27,10.51,,,,
115,04/30/2026 07:13:27,10.51,,,,
116,04/30/2026 07:23:27,10.55,,,,
117,04/30/2026 07:33:27,10.55,,,,
118,04/30/2026 07:43:27,10.59,,,,
119,04/30/2026 07:53:27,10.68,,,,
120,04/30/2026 08:03:27,10.68,,,,
121,04/30/2026 08:13:27,10.81,,,,
122,04/30/2026 08:23:27,10.98,,,,
123,04/30/2026 08:33:27,11.15,,,,
124,04/30/2026 08:43:27,11.19,,,,
125,04/30/2026 08:53:27,11.15,,,,
126,04/30/2026 09:03:27,11.11,,,,
127,04/30/2026 09:13:27,11.15,,,,
128,04/30/2026 09:23:27,11.24,,,,
129,04/30/2026 09:33:27,11.37,,,,
130,04/30/2026 09:43:27,11.49,,,,
131,04/30/2026 09:53:27,11.62,,,,
132,04/30/2026 10:03:27,11.62,,,,
133,04/30/2026 10:13:27,11.71,,,,
134,04/30/2026 10:23:27,11.75,,,,
135,04/30/2026 10:33:27,11.79,,,,
136,04/30/2026 10:43:27,11.84,,,,
137,04/30/2026 10:53:27,11.84,,,,
138,04/30/2026 11:03:27,11.92,,,,
139,04/30/2026 11:13:27,12.05,,,,
140,04/30/2026 11:23:27,12.22,,,,
141,04/30/2026 11:33:27,12.27,,,,
142,04/30/2026 11:43:27,12.35,,,,
143,04/30/2026 11:53:27,12.48,,,,
144,04/30/2026 12:03:27,12.40,,,,
145,04/30/2026 12:13:27,12.44,,,,
146,04/30/2026 12:23:27,12.44,,,,
147,04/30/2026 12:33:27,12.44,,,,
148,04/30/2026 12:43:27,12.52,,,,
149,04/30/2026 12:53:27,12.48,,,,
150,04/30/2026 13:03:27,12.48,,,,
151,04/30/2026 13:13:27,12.40,,,,
152,04/30/2026 13:23:27,12.48,,,,
153,04/30/2026 13:33:27,12.48,,,,
154,04/30/2026 13:43:27,12.57,,,,
155,04/30/2026 13:53:27,12.82,,,,
156,04/30/2026 14:03:27,13.17,,,,
157,04/30/2026 14:13:27,13.30,,,,
158,04/30/2026 14:23:27,13.55,,,,
159,04/30/2026 14:33:27,13.90,,,,
160,04/30/2026 14:43:27,14.11,,,,
161,04/30/2026 14:53:27,14.15,,,,
162,04/30/2026 15:03:27,14.20,,,,
163,04/30/2026 15:13:27,14.15,,,,
164,04/30/2026 15:23:27,14.07,,,,
165,04/30/2026 15:33:27,14.07,,,,
166,04/30/2026 15:43:27,13.94,,,,
167,04/30/2026 15:53:27,13.85,,,,
168,04/30/2026 16:03:27,13.73,,,,
169,04/30/2026 16:13:27,13.68,,,,
170,04/30/2026 16:23:27,13.55,,,,
171,04/30/2026 16:33:27,13.60,,,,
172,04/30/2026 16:43:27,13.55,,,,
173,04/30/2026 16:53:27,13.47,,,,
174,04/30/2026 17:03:27,13.55,,,,
175,04/30/2026 17:13:27,13.51,,,,
176,04/30/2026 17:23:27,13.34,,,,
177,04/30/2026 17:33:27,13.21,,,,
178,04/30/2026 17:43:27,13.12,,,,
179,04/30/2026 17:53:27,13.08,,,,
180,04/30/2026 18:03:27,12.95,,,,
181,04/30/2026 18:13:27,12.87,,,,
182,04/30/2026 18:23:27,12.74,,,,
183,04/30/2026 18:33:27,12.61,,,,
184,04/30/2026 18:43:27,12.57,,,,
185,04/30/2026 18:53:27,12.48,,,,
186,04/30/2026 19:03:27,12.35,,,,
187,04/30/2026 19:13:27,12.35,,,,
188,04/30/2026 19:23:27,12.22,,,,
189,04/30/2026 19:33:27,12.10,,,,
190,04/30/2026 19:43:27,11.97,,,,
191,04/30/2026 19:53:27,11.84,,,,
192,04/30/2026 20:03:27,11.79,,,,
193,04/30/2026 20:13:27,11.75,,,,
194,04/30/2026 20:23:27,11.62,,,,
195,04/30/2026 20:33:27,11.49,,,,
196,04/30/2026 20:43:27,11.41,,,,
197,04/30/2026 20:53:27,11.37,,,,
198,04/30/2026 21:03:27,11.32,,,,
199,04/30/2026 21:13:27,11.32,,,,
200,04/30/2026 21:23:27,11.24,,,,
201,04/30/2026 21:33:27,11.24,,,,
202,04/30/2026 21:43:27,11.19,,,,
203,04/30/2026 21:53:27,11.15,,,,
204,04/30/2026 22:03:27,11.11,,,,
205,04/30/2026 22:13:27,11.11,,,,
206,04/30/2026 22:23:27,11.11,,,,
207,04/30/2026 22:33:27,11.07,,,,
208,04/30/2026 22:43:27,11.02,,,,
209,04/30/2026 22:53:27,11.02,,,,
210,04/30/2026 23:03:27,10.98,,,,
211,04/30/2026 23:13:27,10.89,,,,
212,04/30/2026 23:23:27,10.89,,,,
213,04/30/2026 23:33:27,10.89,,,,
214,04/30/2026 23:43:27,10.85,,,,
215,04/30/2026 23:53:27,10.85,,,,
216,05/01/2026 00:03:27,10.77,,,,
217,05/01/2026 00:13:27,10.77,,,,
218,05/01/2026 00:23:27,10.72,,,,
219,05/01/2026 00:33:27,10.68,,,,
220,05/01/2026 00:43:27,10.68,,,,
221,05/01/2026 00:53:27,10.68,,,,
222,05/01/2026 01:03:27,10.59,,,,
223,05/01/2026 01:13:27,10.55,,,,
224,05/01/2026 01:23:27,10.46,,,,
225,05/01/2026 01:33:27,10.38,,,,
226,05/01/2026 01:43:27,10.29,,,,
227,05/01/2026 01:53:27,10.16,,,,
228,05/01/2026 02:03:27,10.08,,,,
229,05/01/2026 02:13:27,10.04,,,,
230,05/01/2026 02:23:27,9.99,,,,
231,05/01/2026 02:33:27,9.95,,,,
232,05/01/2026 02:43:27,9.78,,,,
233,05/01/2026 02:53:27,9.69,,,,
234,05/01/2026 03:03:27,9.65,,,,
235,05/01/2026 03:13:27,9.56,,,,
236,05/01/2026 03:23:27,9.48,,,,
237,05/01/2026 03:33:27,9.44,,,,
238,05/01/2026 03:43:27,9.35,,,,
239,05/01/2026 03:53:27,9.26,,,,
240,05/01/2026 04:03:27,9.18,,,,
241,05/01/2026 04:13:27,9.09,,,,
242,05/01/2026 04:23:27,9.01,,,,
243,05/01/2026 04:33:27,8.92,,,,
244,05/01/2026 04:43:27,8.88,,,,
245,05/01/2026 04:53:27,8.83,,,,
246,05/01/2026 05:03:27,8.71,,,,
247,05/01/2026 05:13:27,8.62,,,,
248,05/01/2026 05:23:27,8.53,,,,
249,05/01/2026 05:33:27,8.45,,,,
250,05/01/2026 05:43:27,8.45,,,,
251,05/01/2026 05:53:27,8.36,,,,
252,05/01/2026 06:03:27,8.28,,,,
253,05/01/2026 06:13:27,8.28,,,,
254,05/01/2026 06:23:27,8.23,,,,
255,05/01/2026 06:33:27,8.19,,,,
256,05/01/2026 06:43:27,8.15,,,,
257,05/01/2026 06:53:27,8.15,,,,
258,05/01/2026 07:03:27,8.19,,,,
259,05/01/2026 07:13:27,8.23,,,,
260,05/01/2026 07:23:27,8.28,,,,
261,05/01/2026 07:33:27,8.36,,,,
262,05/01/2026 07:43:27,8.49,,,,
263,05/01/2026 07:53:27,8.71,,,,
264,05/01/2026 08:03:27,9.05,,,,
265,05/01/2026 08:13:27,9.48,,,,
266,05/01/2026 08:23:27,9.95,,,,
267,05/01/2026 08:33:27,10.29,,,,
268,05/01/2026 08:43:27,10.77,,,,
269,05/01/2026 08:53:27,11.11,,,,
270,05/01/2026 09:03:27,11.49,,,,
271,05/01/2026 09:13:27,11.97,,,,
272,05/01/2026 09:23:27,12.44,,,,
273,05/01/2026 09:33:27,13.30,,,,
274,05/01/2026 09:43:27,13.98,,,,
275,05/01/2026 09:53:27,14.80,,,,
276,05/01/2026 10:03:27,15.66,,,,
277,05/01/2026 10:13:27,16.08,,,,
278,05/01/2026 10:23:27,16.21,,,,
279,05/01/2026 10:33:27,16.26,,,,
280,05/01/2026 10:43:27,16.04,,,,
281,05/01/2026 10:53:27,16.21,,,,
282,05/01/2026 11:03:27,16.30,,,,
283,05/01/2026 11:13:27,16.94,,,,
284,05/01/2026 11:23:27,17.11,,,,
285,05/01/2026 11:33:27,18.02,,,,
286,05/01/2026 11:43:27,18.40,,,,
287,05/01/2026 11:53:27,18.70,,,,
288,05/01/2026 12:03:27,19.26,,,,
289,05/01/2026 12:13:27,19.86,,,,
290,05/01/2026 12:23:27,20.42,,,,
291,05/01/2026 12:33:27,20.93,,,,
292,05/01/2026 12:43:27,21.28,,,,
293,05/01/2026 12:53:27,21.45,,,,
294,05/01/2026 13:03:27,22.05,,,,
295,05/01/2026 13:13:27,22.18,,,,
296,05/01/2026 13:23:27,22.56,,,,
297,05/01/2026 13:33:27,23.03,,,,
298,05/01/2026 13:43:27,23.34,,,,
299,05/01/2026 13:53:27,23.25,,,,
300,05/01/2026 14:03:27,23.46,,,,
301,05/01/2026 14:13:27,23.94,,,,
302,05/01/2026 14:23:27,24.15,,,,
303,05/01/2026 14:33:27,24.19,,,,
304,05/01/2026 14:43:27,24.28,,,,
305,05/01/2026 14:53:27,23.98,,,,
306,05/01/2026 15:03:27,22.95,,,,
307,05/01/2026 15:13:27,22.56,,,,
308,05/01/2026 15:23:27,22.13,,,,
309,05/01/2026 15:33:27,21.45,,,,
310,05/01/2026 15:43:27,20.72,,,,
311,05/01/2026 15:53:27,21.19,,,,
312,05/01/2026 16:03:27,21.49,,,,
313,05/01/2026 16:13:27,21.40,,,,
314,05/01/2026 16:23:27,21.06,,,,
315,05/01/2026 16:33:27,20.80,,,,
316,05/01/2026 16:43:27,20.29,,,,
317,05/01/2026 16:53:27,20.07,,,,
318,05/01/2026 17:03:27,19.95,,,,
319,05/01/2026 17:13:27,19.95,,,,
320,05/01/2026 17:23:27,19.69,,,,
321,05/01/2026 17:33:27,19.09,,,,
322,05/01/2026 17:43:27,18.49,,,,
323,05/01/2026 17:53:27,18.02,,,,
324,05/01/2026 18:03:27,17.80,,,,
325,05/01/2026 18:13:27,17.37,,,,
326,05/01/2026 18:23:27,17.11,,,,
327,05/01/2026 18:33:27,16.77,,,,
328,05/01/2026 18:43:27,16.26,,,,
329,05/01/2026 18:53:27,15.74,,,,
330,05/01/2026 19:03:27,15.23,,,,
331,05/01/2026 19:13:27,14.75,,,,
332,05/01/2026 19:23:27,14.41,,,,
333,05/01/2026 19:33:27,14.33,,,,
334,05/01/2026 19:43:27,14.03,,,,
335,05/01/2026 19:53:27,13.73,,,,
336,05/01/2026 20:03:27,13.30,,,,
337,05/01/2026 20:13:27,13.08,,,,
338,05/01/2026 20:23:27,12.74,,,,
339,05/01/2026 20:33:27,12.52,,,,
340,05/01/2026 20:43:27,12.27,,,,
341,05/01/2026 20:53:27,12.10,,,,
342,05/01/2026 21:03:27,11.92,,,,
343,05/01/2026 21:13:27,11.71,,,,
344,05/01/2026 21:23:27,11.67,,,,
345,05/01/2026 21:33:27,11.49,,,,
346,05/01/2026 21:43:27,11.41,,,,
347,05/01/2026 21:53:27,11.32,,,,
348,05/01/2026 22:03:27,11.24,,,,
349,05/01/2026 22:13:27,11.19,,,,
350,05/01/2026 22:23:27,11.07,,,,
351,05/01/2026 22:33:27,11.02,,,,
352,05/01/2026 22:43:27,11.02,,,,
353,05/01/2026 22:53:27,10.94,,,,
354,05/01/2026 23:03:27,10.98,,,,
355,05/01/2026 23:13:27,10.89,,,,
356,05/01/2026 23:23:27,10.94,,,,
357,05/01/2026 23:33:27,10.89,,,,
358,05/01/2026 23:43:27,10.94,,,,
359,05/01/2026 23:53:27,10.81,,,,
360,05/02/2026 00:03:27,10.77,,,,
361,05/02/2026 00:13:27,10.77,,,,
362,05/02/2026 00:23:27,10.68,,,,
363,05/02/2026 00:33:27,10.68,,,,
364,05/02/2026 00:43:27,10.64,,,,
365,05/02/2026 00:53:27,10.55,,,,
366,05/02/2026 01:03:27,10.46,,,,
367,05/02/2026 01:13:27,10.34,,,,
368,05/02/2026 01:23:27,10.29,,,,
369,05/02/2026 01:33:27,10.25,,,,
370,05/02/2026 01:43:27,10.25,,,,
371,05/02/2026 01:53:27,10.25,,,,
372,05/02/2026 02:03:27,10.16,,,,
373,05/02/2026 02:13:27,10.08,,,,
374,05/02/2026 02:23:27,9.99,,,,
375,05/02/2026 02:33:27,10.04,,,,
376,05/02/2026 02:43:27,10.08,,,,
377,05/02/2026 02:53:27,10.08,,,,
378,05/02/2026 03:03:27,10.04,,,,
379,05/02/2026 03:13:27,9.99,,,,
380,05/02/2026 03:23:27,9.99,,,,
381,05/02/2026 03:33:27,9.99,,,,
382,05/02/2026 03:43:27,9.99,,,,
383,05/02/2026 03:53:27,9.99,,,,
384,05/02/2026 04:03:27,9.95,,,,
385,05/02/2026 04:13:27,9.95,,,,
386,05/02/2026 04:23:27,9.91,,,,
387,05/02/2026 04:33:27,9.91,,,,
388,05/02/2026 04:43:27,9.86,,,,
389,05/02/2026 04:53:27,9.86,,,,
390,05/02/2026 05:03:27,9.86,,,,
391,05/02/2026 05:13:27,9.82,,,,
392,05/02/2026 05:23:27,9.78,,,,
393,05/02/2026 05:33:27,9.78,,,,
394,05/02/2026 05:43:27,9.78,,,,
395,05/02/2026 05:53:27,9.78,,,,
396,05/02/2026 06:03:27,9.74,,,,
397,05/02/2026 06:13:27,9.74,,,,
398,05/02/2026 06:23:27,9.82,,,,
399,05/02/2026 06:33:27,9.82,,,,
400,05/02/2026 06:43:27,9.91,,,,
401,05/02/2026 06:53:27,9.95,,,,
402,05/02/2026 07:03:27,9.99,,,,
403,05/02/2026 07:13:27,9.95,,,,
404,05/02/2026 07:23:27,9.99,,,,
405,05/02/2026 07:33:27,9.95,,,,
406,05/02/2026 07:43:27,9.99,,,,
407,05/02/2026 07:53:27,9.99,,,,
408,05/02/2026 08:03:27,10.04,,,,
409,05/02/2026 08:13:27,10.04,,,,
410,05/02/2026 08:23:27,9.99,,,,
411,05/02/2026 08:33:27,10.08,,,,
412,05/02/2026 08:43:27,10.16,,,,
413,05/02/2026 08:53:27,10.34,,,,
414,05/02/2026 09:03:27,10.64,,,,
415,05/02/2026 09:13:27,10.89,,,,
416,05/02/2026 09:23:27,11.07,,,,
417,05/02/2026 09:33:27,11.32,,,,
418,05/02/2026 09:43:27,11.67,,,,
419,05/02/2026 09:53:27,12.05,,,,
420,05/02/2026 10:03:27,12.57,,,,
421,05/02/2026 10:13:27,12.78,,,,
422,05/02/2026 10:23:27,12.95,,,,
423,05/02/2026 10:33:27,13.00,,,,
424,05/02/2026 10:43:27,13.17,,,,
425,05/02/2026 10:53:27,13.30,,,,
426,05/02/2026 11:03:27,13.30,,,,
427,05/02/2026 11:13:27,13.38,,,,
428,05/02/2026 11:23:27,13.55,,,,
429,05/02/2026 11:33:27,13.94,,,,
430,05/02/2026 11:43:27,14.41,,,,
431,05/02/2026 11:53:27,14.67,,,,
432,05/02/2026 12:03:27,14.58,,,,
433,05/02/2026 12:13:27,14.54,,,,
434,05/02/2026 12:23:27,14.88,,,,
435,05/02/2026 12:33:27,15.61,,,,
436,05/02/2026 12:43:27,15.96,,,,
437,05/02/2026 12:53:27,16.13,,,,
438,05/02/2026 13:03:27,15.83,,,,
439,05/02/2026 13:13:27,15.66,,,,
440,05/02/2026 13:23:27,15.31,,,,
441,05/02/2026 13:33:27,15.01,,,,
442,05/02/2026 13:43:27,14.67,,,,
443,05/02/2026 13:53:27,14.58,,,,
444,05/02/2026 14:03:27,14.54,,,,
445,05/02/2026 14:13:27,14.67,,,,
446,05/02/2026 14:23:27,14.54,,,,
447,05/02/2026 14:33:27,14.50,,,,
448,05/02/2026 14:43:27,14.37,,,,
449,05/02/2026 14:53:27,14.28,,,,
450,05/02/2026 15:03:27,14.24,,,,
451,05/02/2026 15:13:27,14.11,,,,
452,05/02/2026 15:23:27,13.90,,,,
453,05/02/2026 15:33:27,13.94,,,,
454,05/02/2026 15:43:27,13.85,,,,
455,05/02/2026 15:53:27,13.90,,,,
456,05/02/2026 16:03:27,13.81,,,,
457,05/02/2026 16:13:27,13.60,,,,
458,05/02/2026 16:23:27,13.43,,,,
459,05/02/2026 16:33:27,13.25,,,,
460,05/02/2026 16:43:27,13.00,,,,
461,05/02/2026 16:53:27,12.91,,,,
462,05/02/2026 17:03:27,12.78,,,,
463,05/02/2026 17:13:27,12.74,,,,
464,05/02/2026 17:23:27,12.65,,,,
465,05/02/2026 17:33:27,12.61,,,,
466,05/02/2026 17:43:27,12.52,,,,
467,05/02/2026 17:53:27,12.31,,,,
468,05/02/2026 18:03:27,12.18,,,,
469,05/02/2026 18:13:27,12.14,,,,
470,05/02/2026 18:23:27,12.27,,,,
471,05/02/2026 18:33:27,12.22,,,,
472,05/02/2026 18:43:27,12.14,,,,
473,05/02/2026 18:53:27,12.10,,,,
474,05/02/2026 19:03:27,12.05,,,,
475,05/02/2026 19:13:27,11.88,,,,
476,05/02/2026 19:23:27,11.84,,,,
477,05/02/2026 19:33:27,11.71,,,,
478,05/02/2026 19:43:27,11.67,,,,
479,05/02/2026 19:53:27,11.58,,,,
480,05/02/2026 20:03:27,11.45,,,,
481,05/02/2026 20:13:27,11.37,,,,
482,05/02/2026 20:23:27,11.24,,,,
483,05/02/2026 20:33:27,11.19,,,,
484,05/02/2026 20:43:27,11.15,,,,
485,05/02/2026 20:53:27,11.11,,,,
486,05/02/2026 21:03:27,11.02,,,,
487,05/02/2026 21:13:27,10.98,,,,
488,05/02/2026 21:23:27,10.94,,,,
489,05/02/2026 21:33:27,10.94,,,,
490,05/02/2026 21:43:27,10.81,,,,
491,05/02/2026 21:53:27,10.72,,,,
492,05/02/2026 22:03:27,10.72,,,,
493,05/02/2026 22:13:27,10.68,,,,
494,05/02/2026 22:23:27,10.59,,,,
495,05/02/2026 22:33:27,10.46,,,,
496,05/02/2026 22:43:27,10.38,,,,
497,05/02/2026 22:53:27,10.42,,,,
498,05/02/2026 23:03:27,10.29,,,,
499,05/02/2026 23:13:27,10.25,,,,
500,05/02/2026 23:23:27,10.12,,,,
501,05/02/2026 23:33:27,10.08,,,,
502,05/02/2026 23:43:27,10.04,,,,
503,05/02/2026 23:53:27,9.99,,,,
504,05/03/2026 00:03:27,9.91,,,,
505,05/03/2026 00:13:27,9.82,,,,
506,05/03/2026 00:23:27,9.78,,,,
507,05/03/2026 00:33:27,9.69,,,,
508,05/03/2026 00:43:27,9.65,,,,
509,05/03/2026 00:53:27,9.61,,,,
510,05/03/2026 01:03:27,9.48,,,,
511,05/03/2026 01:13:27,9.48,,,,
512,05/03/2026 01:23:27,9.39,,,,
513,05/03/2026 01:33:27,9.39,,,,
514,05/03/2026 01:43:27,9.26,,,,
515,05/03/2026 01:53:27,9.26,,,,
516,05/03/2026 02:03:27,9.26,,,,
517,05/03/2026 02:13:27,9.26,,,,
518,05/03/2026 02:23:27,9.18,,,,
519,05/03/2026 02:33:27,9.18,,,,
520,05/03/2026 02:43:27,9.09,,,,
521,05/03/2026 02:53:27,9.09,,,,
522,05/03/2026 03:03:27,9.14,,,,
523,05/03/2026 03:13:27,9.09,,,,
524,05/03/2026 03:23:27,9.05,,,,
525,05/03/2026 03:33:27,8.96,,,,
526,05/03/2026 03:43:27,9.01,,,,
527,05/03/2026 03:53:27,8.96,,,,
528,05/03/2026 04:03:27,8.83,,,,
529,05/03/2026 04:13:27,8.83,,,,
530,05/03/2026 04:23:27,8.79,,,,
531,05/03/2026 04:33:27,8.71,,,,
532,05/03/2026 04:43:27,8.66,,,,
533,05/03/2026 04:53:27,8.62,,,,
534,05/03/2026 05:03:27,8.49,,,,
535,05/03/2026 05:13:27,8.45,,,,
536,05/03/2026 05:23:27,8.41,,,,
537,05/03/2026 05:33:27,8.32,,,,
538,05/03/2026 05:43:27,8.32,,,,
539,05/03/2026 05:53:27,8.28,,,,
540,05/03/2026 06:03:27,8.15,,,,
541,05/03/2026 06:13:27,8.15,,,,
542,05/03/2026 06:23:27,8.15,,,,
543,05/03/2026 06:33:27,8.11,,,,
544,05/03/2026 06:43:27,8.06,,,,
545,05/03/2026 06:53:27,8.06,,,,
546,05/03/2026 07:03:27,8.06,,,,
547,05/03/2026 07:13:27,8.15,,,,
548,05/03/2026 07:23:27,8.32,,,,
549,05/03/2026 07:33:27,8.49,,,,
550,05/03/2026 07:43:27,8.75,,,,
551,05/03/2026 07:53:27,8.83,,,,
552,05/03/2026 08:03:27,8.88,,,,
553,05/03/2026 08:13:27,8.96,,,,
554,05/03/2026 08:23:27,8.92,,,,
555,05/03/2026 08:33:27,8.88,,,,
556,05/03/2026 08:43:27,9.14,,,,
557,05/03/2026 08:53:27,9.14,,,,
558,05/03/2026 09:03:27,9.01,,,,
559,05/03/2026 09:13:27,8.96,,,,
560,05/03/2026 09:23:27,9.05,,,,
561,05/03/2026 09:33:27,9.05,,,,
562,05/03/2026 09:43:27,9.22,,,,
563,05/03/2026 09:53:27,9.31,,,,
564,05/03/2026 10:03:27,9.35,,,,
565,05/03/2026 10:13:27,9.44,,,,
566,05/03/2026 10:23:27,9.82,,,,
567,05/03/2026 10:33:27,10.12,,,,
568,05/03/2026 10:43:27,10.21,,,,
569,05/03/2026 10:53:27,10.08,,,,
570,05/03/2026 11:03:27,10.12,,,,
571,05/03/2026 11:13:27,10.04,,,,
572,05/03/2026 11:23:27,10.29,,,,
573,05/03/2026 11:33:27,10.55,,,,
574,05/03/2026 11:43:27,10.89,,,,
575,05/03/2026 11:53:27,11.19,,,,
576,05/03/2026 12:03:27,11.32,,,,
577,05/03/2026 12:13:27,11.62,,,,
578,05/03/2026 12:23:27,12.05,,,,
579,05/03/2026 12:33:27,12.57,,,,
580,05/03/2026 12:43:27,13.00,,,,
581,05/03/2026 12:53:27,13.21,,,,
582,05/03/2026 13:03:27,13.30,,,,
583,05/03/2026 13:13:27,13.51,,,,
584,05/03/2026 13:23:27,13.51,,,,
585,05/03/2026 13:33:27,13.21,,,,
586,05/03/2026 13:43:27,13.08,,,,
587,05/03/2026 13:53:27,13.08,,,,
588,05/03/2026 14:03:27,13.34,,,,
589,05/03/2026 14:13:27,13.73,,,,
590,05/03/2026 14:23:27,14.15,,,,
591,05/03/2026 14:33:27,14.50,,,,
592,05/03/2026 14:43:27,14.41,,,,
593,05/03/2026 14:53:27,14.07,,,,
594,05/03/2026 15:03:27,13.77,,,,
595,05/03/2026 15:13:27,13.38,,,,
596,05/03/2026 15:23:27,13.25,,,,
597,05/03/2026 15:33:27,13.25,,,,
598,05/03/2026 15:43:27,13.38,,,,
599,05/03/2026 15:53:27,13.43,,,,
600,05/03/2026 16:03:27,13.30,,,,
601,05/03/2026 16:13:27,13.21,,,,
602,05/03/2026 16:23:27,13.04,,,,
603,05/03/2026 16:33:27,12.74,,,,
604,05/03/2026 16:43:27,12.48,,,,
605,05/03/2026 16:53:27,12.40,,,,
606,05/03/2026 17:03:27,12.22,,,,
607,05/03/2026 17:13:27,12.18,,,,
608,05/03/2026 17:23:27,12.05,,,,
609,05/03/2026 17:33:27,11.92,,,,
610,05/03/2026 17:43:27,11.88,,,,
611,05/03/2026 17:53:27,11.75,,,,
612,05/03/2026 18:03:27,11.49,,,,
613,05/03/2026 18:13:27,11.37,,,,
614,05/03/2026 18:23:27,11.24,,,,
615,05/03/2026 18:33:27,11.15,,,,
616,05/03/2026 18:43:27,10.98,,,,
617,05/03/2026 18:53:27,10.72,,,,
618,05/03/2026 19:03:27,10.51,,,,
619,05/03/2026 19:13:27,10.34,,,,
620,05/03/2026 19:23:27,10.08,,,,
621,05/03/2026 19:33:27,9.95,,,,
622,05/03/2026 19:43:27,9.69,,,,
623,05/03/2026 19:53:27,9.56,,,,
624,05/03/2026 20:03:27,9.35,,,,
625,05/03/2026 20:13:27,9.18,,,,
626,05/03/2026 20:23:27,9.09,,,,
627,05/03/2026 20:33:27,8.92,,,,
628,05/03/2026 20:43:27,8.75,,,,
629,05/03/2026 20:53:27,8.66,,,,
630,05/03/2026 21:03:27,8.41,,,,
631,05/03/2026 21:13:27,8.28,,,,
632,05/03/2026 21:23:27,8.19,,,,
633,05/03/2026 21:33:27,8.11,,,,
634,05/03/2026 21:43:27,7.98,,,,
635,05/03/2026 21:53:27,7.89,,,,
636,05/03/2026 22:03:27,7.76,,,,
637,05/03/2026 22:13:27,7.68,,,,
638,05/03/2026 22:23:27,7.63,,,,
639,05/03/2026 22:33:27,7.50,,,,
640,05/03/2026 22:43:27,7.38,,,,
641,05/03/2026 22:53:27,7.33,,,,
642,05/03/2026 23:03:27,7.25,,,,
643,05/03/2026 23:13:27,7.16,,,,
644,05/03/2026 23:23:27,7.03,,,,
645,05/03/2026 23:33:27,6.99,,,,
646,05/03/2026 23:43:27,6.90,,,,
647,05/03/2026 23:53:27,6.82,,,,
648,05/04/2026 00:03:27,6.82,,,,
649,05/04/2026 00:13:27,6.73,,,,
650,05/04/2026 00:23:27,6.65,,,,
651,05/04/2026 00:33:27,6.52,,,,
652,05/04/2026 00:43:27,6.52,,,,
653,05/04/2026 00:53:27,6.52,,,,
654,05/04/2026 01:03:27,6.60,,,,
655,05/04/2026 01:13:27,6.69,,,,
656,05/04/2026 01:23:27,6.73,,,,
657,05/04/2026 01:33:27,6.82,,,,
658,05/04/2026 01:43:27,6.90,,,,
659,05/04/2026 01:53:27,6.99,,,,
660,05/04/2026 02:03:27,7.03,,,,
661,05/04/2026 02:13:27,7.08,,,,
662,05/04/2026 02:23:27,7.16,,,,
663,05/04/2026 02:33:27,7.20,,,,
664,05/04/2026 02:43:27,7.25,,,,
665,05/04/2026 02:53:27,7.33,,,,
666,05/04/2026 03:03:27,7.38,,,,
667,05/04/2026 03:13:27,7.42,,,,
668,05/04/2026 03:23:27,7.38,,,,
669,05/04/2026 03:33:27,7.46,,,,
670,05/04/2026 03:43:27,7.50,,,,
671,05/04/2026 03:53:27,7.42,,,,
672,05/04/2026 04:03:27,7.46,,,,
673,05/04/2026 04:13:27,7.50,,,,
674,05/04/2026 04:23:27,7.46,,,,
675,05/04/2026 04:33:27,7.46,,,,
676,05/04/2026 04:43:27,7.46,,,,
677,05/04/2026 04:53:27,7.50,,,,
678,05/04/2026 05:03:27,7.46,,,,
679,05/04/2026 05:13:27,7.46,,,,
680,05/04/2026 05:23:27,7.42,,,,
681,05/04/2026 05:33:27,7.42,,,,
682,05/04/2026 05:43:27,7.42,,,,
683,05/04/2026 05:53:27,7.38,,,,
684,05/04/2026 06:03:27,7.29,,,,
685,05/04/2026 06:13:27,7.25,,,,
686,05/04/2026 06:23:27,7.20,,,,
687,05/04/2026 06:33:27,7.16,,,,
688,05/04/2026 06:43:27,7.20,,,,
689,05/04/2026 06:53:27,7.20,,,,
690,05/04/2026 07:03:27,7.20,,,,
691,05/04/2026 07:13:27,7.20,,,,
692,05/04/2026 07:23:27,7.33,,,,
693,05/04/2026 07:33:27,7.59,,,,
694,05/04/2026 07:43:27,7.76,,,,
695,05/04/2026 07:53:27,7.98,,,,
696,05/04/2026 08:03:27,8.28,,,,
697,05/04/2026 08:13:27,8.62,,,,
698,05/04/2026 08:23:27,8.96,,,,
699,05/04/2026 08:33:27,9.35,,,,
700,05/04/2026 08:43:27,9.99,,,,
701,05/04/2026 08:53:27,10.59,,,,
702,05/04/2026 09:03:27,11.15,,,,
703,05/04/2026 09:13:27,11.71,,,,
704,05/04/2026 09:23:27,12.44,,,,
705,05/04/2026 09:33:27,13.21,,,,
706,05/04/2026 09:43:27,13.77,,,,
707,05/04/2026 09:53:27,14.41,,,,
708,05/04/2026 10:03:27,15.27,,,,
709,05/04/2026 10:13:27,15.91,,,,
710,05/04/2026 10:23:27,16.51,,,,
711,05/04/2026 10:33:27,17.20,,,,
712,05/04/2026 10:43:27,17.67,,,,
713,05/04/2026 10:53:27,18.19,,,,
714,05/04/2026 11:03:27,18.66,,,,
715,05/04/2026 11:13:27,19.09,,,,
716,05/04/2026 11:23:27,19.52,,,,
717,05/04/2026 11:33:27,20.03,,,,
718,05/04/2026 11:43:27,20.33,,,,
719,05/04/2026 11:53:27,20.68,,,,
720,05/04/2026 12:03:27,20.85,,,,
721,05/04/2026 12:13:27,21.15,,,,
722,05/04/2026 12:23:27,21.53,,,,
723,05/04/2026 12:33:27,21.79,,,,
724,05/04/2026 12:43:27,22.05,,,,
725,05/04/2026 12:53:27,22.26,,,,
726,05/04/2026 13:03:27,22.43,,,,
727,05/04/2026 13:13:27,22.73,,,,
728,05/04/2026 13:23:27,23.03,,,,
729,05/04/2026 13:33:27,23.25,,,,
730,05/04/2026 13:43:27,23.46,,,,
731,05/04/2026 13:53:27,23.72,,,,
732,05/04/2026 14:03:27,23.76,,,,
733,05/04/2026 14:13:27,23.81,,,,
734,05/04/2026 14:23:27,23.81,,,,
735,05/04/2026 14:33:27,23.72,,,,
736,05/04/2026 14:43:27,23.81,,,,
737,05/04/2026 14:53:27,23.76,,,,
738,05/04/2026 15:03:27,23.81,,,,
739,05/04/2026 15:13:27,23.94,,,,
740,05/04/2026 15:23:27,23.81,,,,
741,05/04/2026 15:33:27,23.89,,,,
742,05/04/2026 15:43:27,23.64,,,,
743,05/04/2026 15:53:27,23.21,,,,
744,05/04/2026 16:03:27,22.99,,,,
745,05/04/2026 16:13:27,22.78,,,,
746,05/04/2026 16:23:27,22.61,,,,
747,05/04/2026 16:33:27,22.65,,,,
748,05/04/2026 16:43:27,22.52,,,,
749,05/04/2026 16:53:27,22.43,,,,
750,05/04/2026 17:03:27,22.13,,,,
751,05/04/2026 17:13:27,21.88,,,,
752,05/04/2026 17:23:27,21.45,,,,
753,05/04/2026 17:33:27,20.98,,,,
754,05/04/2026 17:43:27,20.50,,,,
755,05/04/2026 17:53:27,20.20,,,,
756,05/04/2026 18:03:27,19.82,,,,
757,05/04/2026 18:13:27,19.35,,,,
758,05/04/2026 18:23:27,18.87,,,,
759,05/04/2026 18:33:27,18.49,,,,
760,05/04/2026 18:43:27,17.93,,,,
761,05/04/2026 18:53:27,17.41,,,,
762,05/04/2026 19:03:27,16.90,,,,
763,05/04/2026 19:13:27,16.39,,,,
764,05/04/2026 19:23:27,15.87,,,,
765,05/04/2026 19:33:27,15.36,,,,
766,05/04/2026 19:43:27,14.84,,,,
767,05/04/2026 19:53:27,14.41,,,,
768,05/04/2026 20:03:27,14.15,,,,
769,05/04/2026 20:13:27,13.77,,,,
770,05/04/2026 20:23:27,13.47,,,,
771,05/04/2026 20:33:27,13.21,,,,
772,05/04/2026 20:43:27,12.95,,,,
773,05/04/2026 20:53:27,12.74,,,,
774,05/04/2026 21:03:27,12.57,,,,
775,05/04/2026 21:13:27,12.35,,,,
776,05/04/2026 21:23:27,12.22,,,,
777,05/04/2026 21:33:27,12.05,,,,
778,05/04/2026 21:43:27,11.97,,,,
779,05/04/2026 21:53:27,11.79,,,,
780,05/04/2026 22:03:27,11.67,,,,
781,05/04/2026 22:13:27,11.58,,,,
782,05/04/2026 22:23:27,11.41,,,,
783,05/04/2026 22:33:27,11.37,,,,
784,05/04/2026 22:43:27,11.28,,,,
785,05/04/2026 22:53:27,11.19,,,,
786,05/04/2026 23:03:27,11.19,,,,
787,05/04/2026 23:13:27,11.11,,,,
788,05/04/2026 23:23:27,11.02,,,,
789,05/04/2026 23:33:27,10.98,,,,
790,05/04/2026 23:43:27,10.89,,,,
791,05/04/2026 23:53:27,10.81,,,,
792,05/05/2026 00:03:27,10.77,,,,
793,05/05/2026 00:13:27,10.68,,,,
794,05/05/2026 00:23:27,10.68,,,,
795,05/05/2026 00:33:27,10.59,,,,
796,05/05/2026 00:43:27,10.55,,,,
797,05/05/2026 00:53:27,10.46,,,,
798,05/05/2026 01:03:27,10.46,,,,
799,05/05/2026 01:13:27,10.38,,,,
800,05/05/2026 01:23:27,10.29,,,,
801,05/05/2026 01:33:27,10.29,,,,
802,05/05/2026 01:43:27,10.29,,,,
803,05/05/2026 01:53:27,10.21,,,,
804,05/05/2026 02:03:27,10.21,,,,
805,05/05/2026 02:13:27,10.12,,,,
806,05/05/2026 02:23:27,10.08,,,,
807,05/05/2026 02:33:27,10.08,,,,
808,05/05/2026 02:43:27,9.99,,,,
809,05/05/2026 02:53:27,9.99,,,,
810,05/05/2026 03:03:27,9.95,,,,
811,05/05/2026 03:13:27,9.91,,,,
812,05/05/2026 03:23:27,9.91,,,,
813,05/05/2026 03:33:27,9.82,,,,
814,05/05/2026 03:43:27,9.82,,,,
815,05/05/2026 03:53:27,9.74,,,,
816,05/05/2026 04:03:27,9.74,,,,
817,05/05/2026 04:13:27,9.69,,,,
818,05/05/2026 04:23:27,9.69,,,,
819,05/05/2026 04:33:27,9.65,,,,
820,05/05/2026 04:43:27,9.65,,,,
821,05/05/2026 04:53:27,9.69,,,,
822,05/05/2026 05:03:27,9.65,,,,
823,05/05/2026 05:13:27,9.69,,,,
824,05/05/2026 05:23:27,9.65,,,,
825,05/05/2026 05:33:27,9.61,,,,
826,05/05/2026 05:43:27,9.61,,,,
827,05/05/2026 05:53:27,9.61,,,,
828,05/05/2026 06:03:27,9.56,,,,
829,05/05/2026 06:13:27,9.61,,,,
830,05/05/2026 06:23:27,9.65,,,,
831,05/05/2026 06:33:27,9.69,,,,
832,05/05/2026 06:43:27,9.74,,,,
833,05/05/2026 06:53:27,9.78,,,,
834,05/05/2026 07:03:27,9.86,,,,
835,05/05/2026 07:13:27,9.99,,,,
836,05/05/2026 07:23:27,10.25,,,,
837,05/05/2026 07:33:27,10.51,,,,
838,05/05/2026 07:43:27,10.72,,,,
839,05/05/2026 07:53:27,10.85,,,,
840,05/05/2026 08:03:27,11.28,,,,
841,05/05/2026 08:13:27,11.75,,,,
842,05/05/2026 08:23:27,12.35,,,,
843,05/05/2026 08:33:27,12.78,,,,
844,05/05/2026 08:43:27,13.51,,,,
845,05/05/2026 08:53:27,14.03,,,,
846,05/05/2026 09:03:27,14.11,,,,
847,05/05/2026 09:13:27,14.07,,,,
848,05/05/2026 09:23:27,14.45,,,,
849,05/05/2026 09:33:27,14.71,,,,
850,05/05/2026 09:43:27,15.27,,,,
851,05/05/2026 09:53:27,16.00,,,,
852,05/05/2026 10:03:27,16.51,,,,
853,05/05/2026 10:13:27,16.90,,,,
854,05/05/2026 10:23:27,17.16,,,,
855,05/05/2026 10:33:27,17.76,,,,
856,05/05/2026 10:43:27,18.57,,,,
857,05/05/2026 10:53:27,19.39,,,,
858,05/05/2026 11:03:27,20.16,,,,
859,05/05/2026 11:13:27,21.06,,,,
860,05/05/2026 11:23:27,21.92,,,,
861,05/05/2026 11:33:27,22.52,,,,
862,05/05/2026 11:43:27,23.16,,,,
863,05/05/2026 11:53:27,23.64,,,,
864,05/05/2026 12:03:27,24.11,,,,
865,05/05/2026 12:13:27,24.49,,,,
866,05/05/2026 12:23:27,24.75,,,,
867,05/05/2026 12:33:27,25.09,,,,
868,05/05/2026 12:43:27,25.35,,,,
869,05/05/2026 12:53:27,25.65,,,,
870,05/05/2026 13:03:27,25.95,,,,
871,05/05/2026 13:13:27,26.21,,,,
872,05/05/2026 13:23:27,26.25,,,,
873,05/05/2026 13:33:27,26.60,,,,
874,05/05/2026 13:43:27,26.60,,,,
875,05/05/2026 13:53:27,26.60,,,,
876,05/05/2026 14:03:27,26.64,,,,
877,05/05/2026 14:13:27,26.30,,,,
878,05/05/2026 14:23:27,26.21,,,,
879,05/05/2026 14:33:27,25.65,,,,
880,05/05/2026 14:43:27,25.74,,,,
881,05/05/2026 14:53:27,25.57,,,,
882,05/05/2026 15:03:27,25.65,,,,
883,05/05/2026 15:13:27,25.52,,,,
884,05/05/2026 15:23:27,25.39,,,,
885,05/05/2026 15:33:27,25.18,,,,
886,05/05/2026 15:43:27,24.97,,,,
887,05/05/2026 15:53:27,24.71,,,,
888,05/05/2026 16:03:27,24.49,,,,
889,05/05/2026 16:13:27,24.11,,,,
890,05/05/2026 16:23:27,23.55,,,,
891,05/05/2026 16:33:27,23.08,,,,
892,05/05/2026 16:43:27,22.82,,,,
893,05/05/2026 16:53:27,22.43,,,,
894,05/05/2026 17:03:27,22.26,,,,
895,05/05/2026 17:13:27,22.05,,,,
896,05/05/2026 17:23:27,21.70,,,,
897,05/05/2026 17:33:27,21.23,,,,
898,05/05/2026 17:43:27,20.89,,,,
899,05/05/2026 17:53:27,20.50,,,,
900,05/05/2026 18:03:27,20.16,,,,
901,05/05/2026 18:13:27,19.95,,,,
902,05/05/2026 18:23:27,19.65,,,,
903,05/05/2026 18:33:27,19.35,,,,
904,05/05/2026 18:43:27,18.96,,,,
905,05/05/2026 18:53:27,18.62,,,,
906,05/05/2026 19:03:27,18.27,,,,
907,05/05/2026 19:13:27,18.06,,,,
908,05/05/2026 19:23:27,17.80,,,,
909,05/05/2026 19:33:27,17.50,,,,
910,05/05/2026 19:43:27,17.29,,,,
911,05/05/2026 19:53:27,16.99,,,,
912,05/05/2026 20:03:27,16.69,,,,
913,05/05/2026 20:13:27,16.39,,,,
914,05/05/2026 20:23:27,16.13,,,,
915,05/05/2026 20:33:27,15.87,,,,
916,05/05/2026 20:43:27,15.70,,,,
917,05/05/2026 20:53:27,15.53,,,,
918,05/05/2026 21:03:27,15.31,,,,
919,05/05/2026 21:13:27,15.18,,,,
920,05/05/2026 21:23:27,15.01,,,,
921,05/05/2026 21:33:27,14.84,,,,
922,05/05/2026 21:43:27,14.80,,,,
923,05/05/2026 21:53:27,14.67,,,,
924,05/05/2026 22:03:27,14.58,,,,
925,05/05/2026 22:13:27,14.45,,,,
926,05/05/2026 22:23:27,14.33,,,,
927,05/05/2026 22:33:27,14.28,,,,
928,05/05/2026 22:43:27,14.20,,,,
929,05/05/2026 22:53:27,14.11,,,,
930,05/05/2026 23:03:27,14.07,,,,
931,05/05/2026 23:13:27,13.98,,,,
932,05/05/2026 23:23:27,13.90,,,,
933,05/05/2026 23:33:27,13.85,,,,
934,05/05/2026 23:43:27,13.77,,,,
935,05/05/2026 23:53:27,13.73,,,,
936,05/06/2026 00:03:27,13.64,,,,
937,05/06/2026 00:13:27,13.60,,,,
938,05/06/2026 00:23:27,13.55,,,,
939,05/06/2026 00:33:27,13.51,,,,
940,05/06/2026 00:43:27,13.47,,,,
941,05/06/2026 00:53:27,13.38,,,,
942,05/06/2026 01:03:27,13.38,,,,
943,05/06/2026 01:13:27,13.34,,,,
944,05/06/2026 01:23:27,13.30,,,,
945,05/06/2026 01:33:27,13.30,,,,
946,05/06/2026 01:43:27,13.30,,,,
947,05/06/2026 01:53:27,13.30,,,,
948,05/06/2026 02:03:27,13.30,,,,
949,05/06/2026 02:13:27,13.25,,,,
950,05/06/2026 02:23:27,13.21,,,,
951,05/06/2026 02:33:27,13.21,,,,
952,05/06/2026 02:43:27,13.17,,,,
953,05/06/2026 02:53:27,13.08,,,,
954,05/06/2026 03:03:27,13.08,,,,
955,05/06/2026 03:13:27,13.08,,,,
956,05/06/2026 03:23:27,13.00,,,,
957,05/06/2026 03:33:27,13.00,,,,
958,05/06/2026 03:43:27,13.00,,,,
959,05/06/2026 03:53:27,12.91,,,,
960,05/06/2026 04:03:27,12.87,,,,
961,05/06/2026 04:13:27,12.82,,,,
962,05/06/2026 04:23:27,12.78,,,,
963,05/06/2026 04:33:27,12.78,,,,
964,05/06/2026 04:43:27,12.74,,,,
965,05/06/2026 04:53:27,12.65,,,,
966,05/06/2026 05:03:27,12.70,,,,
967,05/06/2026 05:13:27,12.61,,,,
968,05/06/2026 05:23:27,12.57,,,,
969,05/06/2026 05:33:27,12.52,,,,
970,05/06/2026 05:43:27,12.57,,,,
971,05/06/2026 05:53:27,12.57,,,,
972,05/06/2026 06:03:27,12.57,,,,
973,05/06/2026 06:13:27,12.61,,,,
974,05/06/2026 06:23:27,12.57,,,,
975,05/06/2026 06:33:27,12.61,,,,
976,05/06/2026 06:43:27,12.74,,,,
977,05/06/2026 06:53:27,12.87,,,,
978,05/06/2026 07:03:27,13.08,,,,
979,05/06/2026 07:13:27,13.25,,,,
980,05/06/2026 07:23:27,13.47,,,,
981,05/06/2026 07:33:27,13.55,,,,
982,05/06/2026 07:43:27,13.64,,,,
983,05/06/2026 07:53:27,13.94,,,,
984,05/06/2026 08:03:27,14.20,,,,
985,05/06/2026 08:13:27,14.41,,,,
986,05/06/2026 08:23:27,14.75,,,,
987,05/06/2026 08:33:27,15.10,,,,
988,05/06/2026 08:43:27,15.44,,,,
989,05/06/2026 08:53:27,15.78,,,,
990,05/06/2026 09:03:27,15.96,,,,
991,05/06/2026 09:13:27,16.13,,,,
992,05/06/2026 09:23:27,16.39,,,,
993,05/06/2026 09:33:27,16.73,,,,
994,05/06/2026 09:43:27,17.11,,,,
995,05/06/2026 09:53:27,17.63,,,,
996,05/06/2026 10:03:27,18.14,,,,
997,05/06/2026 10:13:27,18.57,,,,
998,05/06/2026 10:23:27,18.74,,,,
999,05/06/2026 10:33:27,18.96,,,,
1000,05/06/2026 10:43:27,19.09,,,,
1001,05/06/2026 10:53:27,19.35,,,,
1002,05/06/2026 11:03:27,19.47,,,,
1003,05/06/2026 11:13:27,19.65,,,,
1004,05/06/2026 11:23:27,19.60,,,,
1005,05/06/2026 11:33:27,19.52,,,,
1006,05/06/2026 11:43:27,19.43,,,,
1007,05/06/2026 11:53:27,19.22,,,,
1008,05/06/2026 12:03:27,19.13,,,,
1009,05/06/2026 12:13:27,19.17,,,,
1010,05/06/2026 12:23:27,19.00,,,,
1011,05/06/2026 12:33:27,18.92,,,,
1012,05/06/2026 12:43:27,18.87,,,,
1013,05/06/2026 12:53:27,19.47,,,,
1014,05/06/2026 13:03:27,19.52,,,,
1015,05/06/2026 13:13:27,19.56,,,,
1016,05/06/2026 13:23:27,19.56,,,,
1017,05/06/2026 13:33:27,19.47,,,,
1018,05/06/2026 13:43:27,19.22,,,,
1019,05/06/2026 13:53:27,18.83,,,,
1020,05/06/2026 14:03:27,18.53,,,,
1021,05/06/2026 14:13:27,18.27,,,,
1022,05/06/2026 14:23:27,18.14,,,,
1023,05/06/2026 14:33:27,17.97,,,,
1024,05/06/2026 14:43:27,17.84,,,,
1025,05/06/2026 14:53:27,17.67,,,,
1026,05/06/2026 15:03:27,17.54,,,,
1027,05/06/2026 15:13:27,17.46,,,,
1028,05/06/2026 15:23:27,17.37,,,,
1029,05/06/2026 15:33:27,17.20,,,,
1030,05/06/2026 15:43:27,17.07,,,,
1031,05/06/2026 15:53:27,16.94,,,,
1032,05/06/2026 16:03:27,16.86,,,,
1033,05/06/2026 16:13:27,16.69,,,,
1034,05/06/2026 16:23:27,16.56,,,,
1035,05/06/2026 16:33:27,16.47,,,,
1036,05/06/2026 16:43:27,16.39,,,,
1037,05/06/2026 16:53:27,16.26,,,,
1038,05/06/2026 17:03:27,16.21,,,,
1039,05/06/2026 17:13:27,16.13,,,,
1040,05/06/2026 17:23:27,16.04,,,,
1041,05/06/2026 17:33:27,15.96,,,,
1042,05/06/2026 17:43:27,15.87,,,,
1043,05/06/2026 17:53:27,15.83,,,,
1044,05/06/2026 18:03:27,15.74,,,,
1045,05/06/2026 18:13:27,15.66,,,,
1046,05/06/2026 18:23:27,15.61,,,,
1047,05/06/2026 18:33:27,15.48,,,,
1048,05/06/2026 18:43:27,15.40,,,,
1049,05/06/2026 18:53:27,15.36,,,,
1050,05/06/2026 19:03:27,15.31,,,,
1051,05/06/2026 19:13:27,15.18,,,,
1052,05/06/2026 19:23:27,15.14,,,,
1053,05/06/2026 19:33:27,15.01,,,,
1054,05/06/2026 19:43:27,14.93,,,,
1055,05/06/2026 19:53:27,14.93,,,,
1056,05/06/2026 20:03:27,14.84,,,,
1057,05/06/2026 20:13:27,14.80,,,,
1058,05/06/2026 20:23:27,14.80,,,,
1059,05/06/2026 20:33:27,14.71,,,,
1060,05/06/2026 20:43:27,14.67,,,,
1061,05/06/2026 20:53:27,14.58,,,,
1062,05/06/2026 21:03:27,14.54,,,,
1063,05/06/2026 21:13:27,14.58,,,,
1064,05/06/2026 21:23:27,14.54,,,,
1065,05/06/2026 21:33:27,14.54,,,,
1066,05/06/2026 21:43:27,14.41,,,,
1067,05/06/2026 21:53:27,14.50,,,,
1068,05/06/2026 22:03:27,14.41,,,,
1069,05/06/2026 22:13:27,14.41,,,,
1070,05/06/2026 22:23:27,14.41,,,,
1071,05/06/2026 22:33:27,14.41,,,,
1072,05/06/2026 22:43:27,14.33,,,,
1073,05/06/2026 22:53:27,14.33,,,,
1074,05/06/2026 23:03:27,14.28,,,,
1075,05/06/2026 23:13:27,14.33,,,,
1076,05/06/2026 23:23:27,14.24,,,,
1077,05/06/2026 23:33:27,14.24,,,,
1078,05/06/2026 23:43:27,14.15,,,,
1079,05/06/2026 23:53:27,14.15,,,,
1080,05/07/2026 00:03:27,14.07,,,,
1081,05/07/2026 00:13:27,14.03,,,,
1082,05/07/2026 00:23:27,13.94,,,,
1083,05/07/2026 00:33:27,13.90,,,,
1084,05/07/2026 00:43:27,13.94,,,,
1085,05/07/2026 00:53:27,13.85,,,,
1086,05/07/2026 01:03:27,13.81,,,,
1087,05/07/2026 01:13:27,13.77,,,,
1088,05/07/2026 01:23:27,13.68,,,,
1089,05/07/2026 01:33:27,13.64,,,,
1090,05/07/2026 01:43:27,13.55,,,,
1091,05/07/2026 01:53:27,13.47,,,,
1092,05/07/2026 02:03:27,13.43,,,,
1093,05/07/2026 02:13:27,13.34,,,,
1094,05/07/2026 02:23:27,13.25,,,,
1095,05/07/2026 02:33:27,13.25,,,,
1096,05/07/2026 02:43:27,13.12,,,,
1097,05/07/2026 02:53:27,13.08,,,,
1098,05/07/2026 03:03:27,13.04,,,,
1099,05/07/2026 03:13:27,12.95,,,,
1100,05/07/2026 03:23:27,12.91,,,,
1101,05/07/2026 03:33:27,12.82,,,,
1102,05/07/2026 03:43:27,12.70,,,,
1103,05/07/2026 03:53:27,12.61,,,,
1104,05/07/2026 04:03:27,12.61,,,,
1105,05/07/2026 04:13:27,12.52,,,,
1106,05/07/2026 04:23:27,12.52,,,,
1107,05/07/2026 04:33:27,12.44,,,,
1108,05/07/2026 04:43:27,12.44,,,,
1109,05/07/2026 04:53:27,12.35,,,,
1110,05/07/2026 05:03:27,12.27,,,,
1111,05/07/2026 05:13:27,12.18,,,,
1112,05/07/2026 05:23:27,12.14,,,,
1113,05/07/2026 05:33:27,12.10,,,,
1114,05/07/2026 05:43:27,12.10,,,,
1115,05/07/2026 05:53:27,12.01,,,,
1116,05/07/2026 06:03:27,11.97,,,,
1117,05/07/2026 06:13:27,11.92,,,,
1118,05/07/2026 06:23:27,11.88,,,,
1119,05/07/2026 06:33:27,11.88,,,,
1120,05/07/2026 06:43:27,11.88,,,,
1121,05/07/2026 06:53:27,11.92,,,,
1122,05/07/2026 07:03:27,12.01,,,,
1123,05/07/2026 07:13:27,12.14,,,,
1124,05/07/2026 07:23:27,12.22,,,,
1125,05/07/2026 07:33:27,12.35,,,,
1126,05/07/2026 07:43:27,12.35,,,,
1127,05/07/2026 07:53:27,12.48,,,,
1128,05/07/2026 08:03:27,12.74,,,,
1129,05/07/2026 08:13:27,12.82,,,,
1130,05/07/2026 08:23:27,13.00,,,,
1131,05/07/2026 08:33:27,13.51,,,,
1132,05/07/2026 08:43:27,14.03,,,,
1133,05/07/2026 08:53:27,14.50,,,,
1134,05/07/2026 09:03:27,14.97,,,,
1135,05/07/2026 09:13:27,15.48,,,,
1136,05/07/2026 09:23:27,16.04,,,,
1137,05/07/2026 09:33:27,16.64,,,,
1138,05/07/2026 09:43:27,17.29,,,,
1139,05/07/2026 09:53:27,17.59,,,,
1140,05/07/2026 10:03:27,17.72,,,,
1141,05/07/2026 10:13:27,17.72,,,,
1142,05/07/2026 10:23:27,17.80,,,,
1143,05/07/2026 10:33:27,17.80,,,,
1144,05/07/2026 10:43:27,18.49,,,,
1145,05/07/2026 10:53:27,18.44,,,,
1146,05/07/2026 11:03:27,19.56,,,,
1147,05/07/2026 11:13:27,19.52,,,,
1148,05/07/2026 11:23:27,19.77,,,,
1149,05/07/2026 11:33:27,20.29,,,,
1150,05/07/2026 11:43:27,20.03,,,,
1151,05/07/2026 11:53:27,20.25,,,,
1152,05/07/2026 12:03:27,20.59,,,,
1153,05/07/2026 12:13:27,20.68,,,,
1154,05/07/2026 12:23:27,21.40,,,,
1155,05/07/2026 12:33:27,21.96,,,,
1156,05/07/2026 12:43:27,22.43,,,,
1157,05/07/2026 12:53:27,22.91,,,,
1158,05/07/2026 13:03:27,23.25,,,,
1159,05/07/2026 13:13:27,23.64,,,,
1160,05/07/2026 13:23:27,23.85,,,,
1161,05/07/2026 13:33:27,24.24,,,,
1162,05/07/2026 13:43:27,24.49,,,,
1163,05/07/2026 13:53:27,24.75,,,,
1164,05/07/2026 14:03:27,24.92,,,,
1165,05/07/2026 14:13:27,25.05,,,,
1166,05/07/2026 14:23:27,25.22,,,,
1167,05/07/2026 14:33:27,25.05,,,,
1168,05/07/2026 14:43:27,25.14,,,,
1169,05/07/2026 14:53:27,25.14,,,,
1170,05/07/2026 15:03:27,25.14,,,,
1171,05/07/2026 15:13:27,25.09,,,,
1172,05/07/2026 15:23:27,24.97,,,,
1173,05/07/2026 15:33:27,24.84,,,,
1174,05/07/2026 15:43:27,24.75,,,,
1175,05/07/2026 15:53:27,24.62,,,,
1176,05/07/2026 16:03:27,24.36,,,,
1177,05/07/2026 16:13:27,23.81,,,,
1178,05/07/2026 16:23:27,23.64,,,,
1179,05/07/2026 16:33:27,23.16,,,,
1180,05/07/2026 16:43:27,22.95,,,,
1181,05/07/2026 16:53:27,22.39,,,,
1182,05/07/2026 17:03:27,22.18,,,,
1183,05/07/2026 17:13:27,22.05,,,,
1184,05/07/2026 17:23:27,21.66,,,,
1185,05/07/2026 17:33:27,21.19,,,,
1186,05/07/2026 17:43:27,21.06,,,,
1187,05/07/2026 17:53:27,20.50,,,,
1188,05/07/2026 18:03:27,20.03,,,,
1189,05/07/2026 18:13:27,19.47,,,,
1190,05/07/2026 18:23:27,19.17,,,,
1191,05/07/2026 18:33:27,18.70,,,,
1192,05/07/2026 18:43:27,18.23,,,,
1193,05/07/2026 18:53:27,17.63,,,,
1194,05/07/2026 19:03:27,17.07,,,,
1195,05/07/2026 19:13:27,16.60,,,,
1196,05/07/2026 19:23:27,16.08,,,,
1197,05/07/2026 19:33:27,15.66,,,,
1198,05/07/2026 19:43:27,15.27,,,,
1199,05/07/2026 19:53:27,14.93,,,,
1200,05/07/2026 20:03:27,14.63,,,,
1201,05/07/2026 20:13:27,14.28,,,,
1202,05/07/2026 20:23:27,14.07,,,,
1203,05/07/2026 20:33:27,13.81,,,,
1204,05/07/2026 20:43:27,13.55,,,,
1205,05/07/2026 20:53:27,13.34,,,,
1206,05/07/2026 21:03:27,13.17,,,,
1207,05/07/2026 21:13:27,13.04,,,,
1208,05/07/2026 21:23:27,12.87,,,,
1209,05/07/2026 21:33:27,12.74,,,,
1210,05/07/2026 21:43:27,12.65,,,,
1211,05/07/2026 21:53:27,12.48,,,,
1212,05/07/2026 22:03:27,12.35,,,,
1213,05/07/2026 22:13:27,12.27,,,,
1214,05/07/2026 22:23:27,12.14,,,,
1215,05/07/2026 22:33:27,12.01,,,,
1216,05/07/2026 22:43:27,11.92,,,,
1217,05/07/2026 22:53:27,11.84,,,,
1218,05/07/2026 23:03:27,11.71,,,,
1219,05/07/2026 23:13:27,11.62,,,,
1220,05/07/2026 23:23:27,11.54,,,,
1221,05/07/2026 23:33:27,11.45,,,,
1222,05/07/2026 23:43:27,11.37,,,,
1223,05/07/2026 23:53:27,11.28,,,,
1224,05/08/2026 00:03:27,11.19,,,,
1225,05/08/2026 00:13:27,11.07,,,,
1226,05/08/2026 00:23:27,10.98,,,,
1227,05/08/2026 00:33:27,10.89,,,,
1228,05/08/2026 00:43:27,10.81,,,,
1229,05/08/2026 00:53:27,10.77,,,,
1230,05/08/2026 01:03:27,10.64,,,,
1231,05/08/2026 01:13:27,10.51,,,,
1232,05/08/2026 01:23:27,10.46,,,,
1233,05/08/2026 01:33:27,10.38,,,,
1234,05/08/2026 01:43:27,10.29,,,,
1235,05/08/2026 01:53:27,10.16,,,,
1236,05/08/2026 02:03:27,10.08,,,,
1237,05/08/2026 02:13:27,9.99,,,,
1238,05/08/2026 02:23:27,9.95,,,,
1239,05/08/2026 02:33:27,9.86,,,,
1240,05/08/2026 02:43:27,9.78,,,,
1241,05/08/2026 02:53:27,9.65,,,,
1242,05/08/2026 03:03:27,9.61,,,,
1243,05/08/2026 03:13:27,9.52,,,,
1244,05/08/2026 03:23:27,9.44,,,,
1245,05/08/2026 03:33:27,9.35,,,,
1246,05/08/2026 03:43:27,9.31,,,,
1247,05/08/2026 03:53:27,9.26,,,,
1248,05/08/2026 04:03:27,9.18,,,,
1249,05/08/2026 04:13:27,9.09,,,,
1250,05/08/2026 04:23:27,9.01,,,,
1251,05/08/2026 04:33:27,9.01,,,,
1252,05/08/2026 04:43:27,9.01,,,,
1253,05/08/2026 04:53:27,9.05,,,,
1254,05/08/2026 05:03:27,9.01,,,,
1255,05/08/2026 05:13:27,9.01,,,,
1256,05/08/2026 05:23:27,8.96,,,,
1257,05/08/2026 05:33:27,8.96,,,,
1258,05/08/2026 05:43:27,9.09,,,,
1259,05/08/2026 05:53:27,9.09,,,,
1260,05/08/2026 06:03:27,9.05,,,,
1261,05/08/2026 06:13:27,9.05,,,,
1262,05/08/2026 06:23:27,9.01,,,,
1263,05/08/2026 06:33:27,8.92,,,,
1264,05/08/2026 06:43:27,8.92,,,,
1265,05/08/2026 06:53:27,8.88,,,,
1266,05/08/2026 07:03:27,8.92,,,,
1267,05/08/2026 07:13:27,9.01,,,,
1268,05/08/2026 07:23:27,9.05,,,,
1269,05/08/2026 07:33:27,9.18,,,,
1270,05/08/2026 07:43:27,9.44,,,,
1271,05/08/2026 07:53:27,9.74,,,,
1272,05/08/2026 08:03:27,10.12,,,,
1273,05/08/2026 08:13:27,10.55,,,,
1274,05/08/2026 08:23:27,11.02,,,,
1275,05/08/2026 08:33:27,11.49,,,,
1276,05/08/2026 08:43:27,11.97,,,,
1277,05/08/2026 08:53:27,12.35,,,,
1278,05/08/2026 09:03:27,12.78,,,,
1279,05/08/2026 09:13:27,13.30,,,,
1280,05/08/2026 09:23:27,13.85,,,,
1281,05/08/2026 09:33:27,14.54,,,,
1282,05/08/2026 09:43:27,15.10,,,,
1283,05/08/2026 09:53:27,15.61,,,,
1284,05/08/2026 10:03:27,16.21,,,,
1285,05/08/2026 10:13:27,16.90,,,,
1286,05/08/2026 10:23:27,17.11,,,,
1287,05/08/2026 10:33:27,17.72,,,,
1288,05/08/2026 10:43:27,18.23,,,,
1289,05/08/2026 10:53:27,18.53,,,,
1290,05/08/2026 11:03:27,18.96,,,,
1291,05/08/2026 11:13:27,19.52,,,,
1292,05/08/2026 11:23:27,19.99,,,,
1293,05/08/2026 11:33:27,20.59,,,,
1294,05/08/2026 11:43:27,20.76,,,,
1295,05/08/2026 11:53:27,21.02,,,,
1296,05/08/2026 12:03:27,21.02,,,,
1297,05/08/2026 12:13:27,21.45,,,,
1298,05/08/2026 12:23:27,21.83,,,,
1299,05/08/2026 12:33:27,21.92,,,,
1300,05/08/2026 12:43:27,21.45,,,,
1301,05/08/2026 12:53:27,20.89,,,,
1302,05/08/2026 13:03:27,20.68,,,,
1303,05/08/2026 13:13:27,20.68,,,,
1304,05/08/2026 13:23:27,20.55,,,,
1305,05/08/2026 13:33:27,20.76,,,,
1306,05/08/2026 13:43:27,21.23,,,,
1307,05/08/2026 13:53:27,21.06,,,,
1308,05/08/2026 14:03:27,20.76,,,,
1309,05/08/2026 14:13:27,20.33,,,,
1310,05/08/2026 14:23:27,20.29,,,,
1311,05/08/2026 14:33:27,20.03,,,,
1312,05/08/2026 14:43:27,19.90,,,,
1313,05/08/2026 14:53:27,19.99,,,,
1314,05/08/2026 15:03:27,20.12,,,,
1315,05/08/2026 15:13:27,20.46,,,,
1316,05/08/2026 15:23:27,20.80,,,,
1317,05/08/2026 15:33:27,20.98,,,,
1318,05/08/2026 15:43:27,21.10,,,,
1319,05/08/2026 15:53:27,21.23,,,,
1320,05/08/2026 16:03:27,21.10,,,,
1321,05/08/2026 16:13:27,21.15,,,,
1322,05/08/2026 16:23:27,21.10,,,,
1323,05/08/2026 16:33:27,21.15,,,,
1324,05/08/2026 16:43:27,20.63,,,,
1325,05/08/2026 16:53:27,20.50,,,,
1326,05/08/2026 17:03:27,20.20,,,,
1327,05/08/2026 17:13:27,19.99,,,,
1328,05/08/2026 17:23:27,19.82,,,,
1329,05/08/2026 17:33:27,19.52,,,,
1330,05/08/2026 17:43:27,19.13,,,,
1331,05/08/2026 17:53:27,18.83,,,,
1332,05/08/2026 18:03:27,18.53,,,,
1333,05/08/2026 18:13:27,18.14,,,,
1334,05/08/2026 18:23:27,17.76,,,,
1335,05/08/2026 18:33:27,17.24,,,,
1336,05/08/2026 18:43:27,16.77,,,,
1337,05/08/2026 18:53:27,16.30,,,,
1338,05/08/2026 19:03:27,15.78,,,,
1339,05/08/2026 19:13:27,15.44,,,,
1340,05/08/2026 19:23:27,15.01,,,,
1341,05/08/2026 19:33:27,14.67,,,,
1342,05/08/2026 19:43:27,14.33,,,,
1343,05/08/2026 19:53:27,14.03,,,,
1344,05/08/2026 20:03:27,13.64,,,,
1345,05/08/2026 20:13:27,13.38,,,,
1346,05/08/2026 20:23:27,13.12,,,,
1347,05/08/2026 20:33:27,12.91,,,,
1348,05/08/2026 20:43:27,12.70,,,,
1349,05/08/2026 20:53:27,12.48,,,,
1350,05/08/2026 21:03:27,12.31,,,,
1351,05/08/2026 21:13:27,12.14,,,,
1352,05/08/2026 21:23:27,12.01,,,,
1353,05/08/2026 21:33:27,11.92,,,,
1354,05/08/2026 21:43:27,11.67,,,,
1355,05/08/2026 21:53:27,11.54,,,,
1356,05/08/2026 22:03:27,11.41,,,,
1357,05/08/2026 22:13:27,11.28,,,,
1358,05/08/2026 22:23:27,11.15,,,,
1359,05/08/2026 22:33:27,10.98,,,,
1360,05/08/2026 22:43:27,10.89,,,,
1361,05/08/2026 22:53:27,10.77,,,,
1362,05/08/2026 23:03:27,10.64,,,,
1363,05/08/2026 23:13:27,10.51,,,,
1364,05/08/2026 23:23:27,10.42,,,,
1365,05/08/2026 23:33:27,10.34,,,,
1366,05/08/2026 23:43:27,10.21,,,,
1367,05/08/2026 23:53:27,10.12,,,,
1368,05/09/2026 00:03:27,9.99,,,,
1369,05/09/2026 00:13:27,9.91,,,,
1370,05/09/2026 00:23:27,9.86,,,,
1371,05/09/2026 00:33:27,9.69,,,,
1372,05/09/2026 00:43:27,9.65,,,,
1373,05/09/2026 00:53:27,9.52,,,,
1374,05/09/2026 01:03:27,9.44,,,,
1375,05/09/2026 01:13:27,9.39,,,,
1376,05/09/2026 01:23:27,9.26,,,,
1377,05/09/2026 01:33:27,9.18,,,,
1378,05/09/2026 01:43:27,9.26,,,,
1379,05/09/2026 01:53:27,9.22,,,,
1380,05/09/2026 02:03:27,9.18,,,,
1381,05/09/2026 02:13:27,9.18,,,,
1382,05/09/2026 02:23:27,9.14,,,,
1383,05/09/2026 02:33:27,9.05,,,,
1384,05/09/2026 02:43:27,8.88,,,,
1385,05/09/2026 02:53:27,8.83,,,,
1386,05/09/2026 03:03:27,8.71,,,,
1387,05/09/2026 03:13:27,8.66,,,,
1388,05/09/2026 03:23:27,8.62,,,,
1389,05/09/2026 03:33:27,8.58,,,,
1390,05/09/2026 03:43:27,8.53,,,,
1391,05/09/2026 03:53:27,8.45,,,,
1392,05/09/2026 04:03:27,8.41,,,,
1393,05/09/2026 04:13:27,8.32,,,,
1394,05/09/2026 04:23:27,8.28,,,,
1395,05/09/2026 04:33:27,8.23,,,,
1396,05/09/2026 04:43:27,8.11,,,,
1397,05/09/2026 04:53:27,8.11,,,,
1398,05/09/2026 05:03:27,8.06,,,,
1399,05/09/2026 05:13:27,8.02,,,,
1400,05/09/2026 05:23:27,8.02,,,,
1401,05/09/2026 05:33:27,8.06,,,,
1402,05/09/2026 05:43:27,8.02,,,,
1403,05/09/2026 05:53:27,8.02,,,,
1404,05/09/2026 06:03:27,8.11,,,,
1405,05/09/2026 06:13:27,8.15,,,,
1406,05/09/2026 06:23:27,8.32,,,,
1407,05/09/2026 06:33:27,8.41,,,,
1408,05/09/2026 06:43:27,8.49,,,,
1409,05/09/2026 06:53:27,8.62,,,,
1410,05/09/2026 07:03:27,8.75,,,,
1411,05/09/2026 07:13:27,8.92,,,,
1412,05/09/2026 07:23:27,9.09,,,,
1413,05/09/2026 07:33:27,9.22,,,,
1414,05/09/2026 07:43:27,9.31,,,,
1415,05/09/2026 07:53:27,9.44,,,,
1416,05/09/2026 08:03:27,9.52,,,,
1417,05/09/2026 08:13:27,9.56,,,,
1418,05/09/2026 08:23:27,9.65,,,,
1419,05/09/2026 08:33:27,9.69,,,,
1420,05/09/2026 08:43:27,9.78,,,,
1421,05/09/2026 08:53:27,9.86,,,,
1422,05/09/2026 09:03:27,9.91,,,,
1423,05/09/2026 09:13:27,10.04,,,,
1424,05/09/2026 09:23:27,10.08,,,,
1425,05/09/2026 09:33:27,10.16,,,,
1426,05/09/2026 09:43:27,10.29,,,,
1427,05/09/2026 09:53:27,10.34,,,,
1428,05/09/2026 10:03:27,10.42,,,,
1429,05/09/2026 10:13:27,10.51,,,,
1430,05/09/2026 10:23:27,10.55,,,,
1431,05/09/2026 10:33:27,10.64,,,,
1432,05/09/2026 10:43:27,10.77,,,,
1433,05/09/2026 10:53:27,10.89,,,,
1434,05/09/2026 11:03:27,11.02,,,,
1435,05/09/2026 11:13:27,11.24,,,,
1436,05/09/2026 11:23:27,11.54,,,,
1437,05/09/2026 11:33:27,11.67,,,,
1438,05/09/2026 11:43:27,11.75,,,,
1439,05/09/2026 11:53:27,11.75,,,,
1440,05/09/2026 12:03:27,11.92,,,,
1441,05/09/2026 12:13:27,12.05,,,,
1442,05/09/2026 12:23:27,12.22,,,,
1443,05/09/2026 12:33:27,12.44,,,,
1444,05/09/2026 12:43:27,12.57,,,,
1445,05/09/2026 12:53:27,12.78,,,,
1446,05/09/2026 13:03:27,12.74,,,,
1447,05/09/2026 13:13:27,12.91,,,,
1448,05/09/2026 13:23:27,13.04,,,,
1449,05/09/2026 13:33:27,13.00,,,,
1450,05/09/2026 13:43:27,13.12,,,,
1451,05/09/2026 13:53:27,13.34,,,,
1452,05/09/2026 14:03:27,13.51,,,,
1453,05/09/2026 14:13:27,13.55,,,,
1454,05/09/2026 14:23:27,13.77,,,,
1455,05/09/2026 14:33:27,13.81,,,,
1456,05/09/2026 14:43:27,13.90,,,,
1457,05/09/2026 14:53:27,13.85,,,,
1458,05/09/2026 15:03:27,13.94,,,,
1459,05/09/2026 15:13:27,13.98,,,,
1460,05/09/2026 15:23:27,13.94,,,,
1461,05/09/2026 15:33:27,13.77,,,,
1462,05/09/2026 15:43:27,13.64,,,,
1463,05/09/2026 15:53:27,13.47,,,,
1464,05/09/2026 16:03:27,13.25,,,,
1465,05/09/2026 16:13:27,13.17,,,,
1466,05/09/2026 16:23:27,13.04,,,,
1467,05/09/2026 16:33:27,12.87,,,,
1468,05/09/2026 16:43:27,12.70,,,,
1469,05/09/2026 16:53:27,12.52,,,,
1470,05/09/2026 17:03:27,12.40,,,,
1471,05/09/2026 17:13:27,12.10,,,,
1472,05/09/2026 17:23:27,11.92,,,,
1473,05/09/2026 17:33:27,11.88,,,,
1474,05/09/2026 17:43:27,11.88,,,,
1475,05/09/2026 17:53:27,11.84,,,,
1476,05/09/2026 18:03:27,11.75,,,,
1477,05/09/2026 18:13:27,11.71,,,,
1478,05/09/2026 18:23:27,11.67,,,,
1479,05/09/2026 18:33:27,11.62,,,,
1480,05/09/2026 18:43:27,11.54,,,,
1481,05/09/2026 18:53:27,11.41,,,,
1482,05/09/2026 19:03:27,11.41,,,,
1483,05/09/2026 19:13:27,11.32,,,,
1484,05/09/2026 19:23:27,11.24,,,,
1485,05/09/2026 19:33:27,11.15,,,,
1486,05/09/2026 19:43:27,11.02,,,,
1487,05/09/2026 19:53:27,10.98,,,,
1488,05/09/2026 20:03:27,10.98,,,,
1489,05/09/2026 20:13:27,10.94,,,,
1490,05/09/2026 20:23:27,10.89,,,,
1491,05/09/2026 20:33:27,10.85,,,,
1492,05/09/2026 20:43:27,10.77,,,,
1493,05/09/2026 20:53:27,10.77,,,,
1494,05/09/2026 21:03:27,10.77,,,,
1495,05/09/2026 21:13:27,10.77,,,,
1496,05/09/2026 21:23:27,10.72,,,,
1497,05/09/2026 21:33:27,10.72,,,,
1498,05/09/2026 21:43:27,10.72,,,,
1499,05/09/2026 21:53:27,10.72,,,,
1500,05/09/2026 22:03:27,10.72,,,,
1501,05/09/2026 22:13:27,10.77,,,,
1502,05/09/2026 22:23:27,10.72,,,,
1503,05/09/2026 22:33:27,10.77,,,,
1504,05/09/2026 22:43:27,10.77,,,,
1505,05/09/2026 22:53:27,10.77,,,,
1506,05/09/2026 23:03:27,10.77,,,,
1507,05/09/2026 23:13:27,10.72,,,,
1508,05/09/2026 23:23:27,10.77,,,,
1509,05/09/2026 23:33:27,10.72,,,,
1510,05/09/2026 23:43:27,10.72,,,,
1511,05/09/2026 23:53:27,10.59,,,,
1512,05/10/2026 00:03:27,10.51,,,,
1513,05/10/2026 00:13:27,10.51,,,,
1514,05/10/2026 00:23:27,10.59,,,,
1515,05/10/2026 00:33:27,10.59,,,,
1516,05/10/2026 00:43:27,10.55,,,,
1517,05/10/2026 00:53:27,10.59,,,,
1518,05/10/2026 01:03:27,10.59,,,,
1519,05/10/2026 01:13:27,10.51,,,,
1520,05/10/2026 01:23:27,10.55,,,,
1521,05/10/2026 01:33:27,10.59,,,,
1522,05/10/2026 01:43:27,10.59,,,,
1523,05/10/2026 01:53:27,10.59,,,,
1524,05/10/2026 02:03:27,10.55,,,,
1525,05/10/2026 02:13:27,10.55,,,,
1526,05/10/2026 02:23:27,10.55,,,,
1527,05/10/2026 02:33:27,10.55,,,,
1528,05/10/2026 02:43:27,10.46,,,,
1529,05/10/2026 02:53:27,10.38,,,,
1530,05/10/2026 03:03:27,10.34,,,,
1531,05/10/2026 03:13:27,10.34,,,,
1532,05/10/2026 03:23:27,10.29,,,,
1533,05/10/2026 03:33:27,10.21,,,,
1534,05/10/2026 03:43:27,10.04,,,,
1535,05/10/2026 03:53:27,9.99,,,,
1536,05/10/2026 04:03:27,9.86,,,,
1537,05/10/2026 04:13:27,9.78,,,,
1538,05/10/2026 04:23:27,9.74,,,,
1539,05/10/2026 04:33:27,9.65,,,,
1540,05/10/2026 04:43:27,9.52,,,,
1541,05/10/2026 04:53:27,9.48,,,,
1542,05/10/2026 05:03:27,9.48,,,,
1543,05/10/2026 05:13:27,9.52,,,,
1544,05/10/2026 05:23:27,9.48,,,,
1545,05/10/2026 05:33:27,9.52,,,,
1546,05/10/2026 05:43:27,9.61,,,,
1547,05/10/2026 05:53:27,9.61,,,,
1548,05/10/2026 06:03:27,9.74,,,,
1549,05/10/2026 06:13:27,9.78,,,,
1550,05/10/2026 06:23:27,9.86,,,,
1551,05/10/2026 06:33:27,9.99,,,,
1552,05/10/2026 06:43:27,9.99,,,,
1553,05/10/2026 06:53:27,10.08,,,,
1554,05/10/2026 07:03:27,10.29,,,,
1555,05/10/2026 07:13:27,10.38,,,,
1556,05/10/2026 07:23:27,10.46,,,,
1557,05/10/2026 07:33:27,10.59,,,,
1558,05/10/2026 07:43:27,10.77,,,,
1559,05/10/2026 07:53:27,10.98,,,,
1560,05/10/2026 08:03:27,11.24,,,,
1561,05/10/2026 08:13:27,11.41,,,,
1562,05/10/2026 08:23:27,11.67,,,,
1563,05/10/2026 08:33:27,11.79,,,,
1564,05/10/2026 08:43:27,12.05,,,,
1565,05/10/2026 08:53:27,12.31,,,,
1566,05/10/2026 09:03:27,12.57,,,,
1567,05/10/2026 09:13:27,12.82,,,,
1568,05/10/2026 09:23:27,13.21,,,,
1569,05/10/2026 09:33:27,13.64,,,,
1570,05/10/2026 09:43:27,13.90,,,,
1571,05/10/2026 09:53:27,14.15,,,,
1572,05/10/2026 10:03:27,14.20,,,,
1573,05/10/2026 10:13:27,14.24,,,,
1574,05/10/2026 10:23:27,14.28,,,,
1575,05/10/2026 10:33:27,14.41,,,,
1576,05/10/2026 10:43:27,14.75,,,,
1577,05/10/2026 10:53:27,15.40,,,,
1578,05/10/2026 11:03:27,16.26,,,,
1579,05/10/2026 11:13:27,17.07,,,,
1580,05/10/2026 11:23:27,17.84,,,,
1581,05/10/2026 11:33:27,18.53,,,,
1582,05/10/2026 11:43:27,19.26,,,,
1583,05/10/2026 11:53:27,19.69,,,,
1584,05/10/2026 12:03:27,20.42,,,,
1585,05/10/2026 12:13:27,20.68,,,,
1586,05/10/2026 12:23:27,21.28,,,,
1587,05/10/2026 12:33:27,21.58,,,,
1588,05/10/2026 12:43:27,21.79,,,,
1589,05/10/2026 12:53:27,21.45,,,,
1590,05/10/2026 13:03:27,21.10,,,,
1591,05/10/2026 13:13:27,21.10,,,,
1592,05/10/2026 13:23:27,21.62,,,,
1593,05/10/2026 13:33:27,22.18,,,,
1594,05/10/2026 13:43:27,22.09,,,,
1595,05/10/2026 13:53:27,21.66,,,,
1596,05/10/2026 14:03:27,22.01,,,,
1597,05/10/2026 14:13:27,22.26,,,,
1598,05/10/2026 14:23:27,22.39,,,,
1599,05/10/2026 14:33:27,22.52,,,,
1600,05/10/2026 14:43:27,22.35,,,,
1601,05/10/2026 14:53:27,22.52,,,,
1602,05/10/2026 15:03:27,22.69,,,,
1603,05/10/2026 15:13:27,22.86,,,,
1604,05/10/2026 15:23:27,23.03,,,,
1605,05/10/2026 15:33:27,23.03,,,,
1606,05/10/2026 15:43:27,22.61,,,,
1607,05/10/2026 15:53:27,22.01,,,,
1608,05/10/2026 16:03:27,21.62,,,,
1609,05/10/2026 16:13:27,21.23,,,,
1610,05/10/2026 16:23:27,20.85,,,,
1611,05/10/2026 16:33:27,20.46,,,,
1612,05/10/2026 16:43:27,20.12,,,,
1613,05/10/2026 16:53:27,19.86,,,,
1614,05/10/2026 17:03:27,19.47,,,,
1615,05/10/2026 17:13:27,19.13,,,,
1616,05/10/2026 17:23:27,18.74,,,,
1617,05/10/2026 17:33:27,18.49,,,,
1618,05/10/2026 17:43:27,18.14,,,,
1619,05/10/2026 17:53:27,17.89,,,,
1620,05/10/2026 18:03:27,17.63,,,,
1621,05/10/2026 18:13:27,17.37,,,,
1622,05/10/2026 18:23:27,17.20,,,,
1623,05/10/2026 18:33:27,16.94,,,,
1624,05/10/2026 18:43:27,16.64,,,,
1625,05/10/2026 18:53:27,16.47,,,,
1626,05/10/2026 19:03:27,16.30,,,,
1627,05/10/2026 19:13:27,16.08,,,,
1628,05/10/2026 19:23:27,15.96,,,,
1629,05/10/2026 19:33:27,15.83,,,,
1630,05/10/2026 19:43:27,15.66,,,,
1631,05/10/2026 19:53:27,15.44,,,,
1632,05/10/2026 20:03:27,15.27,,,,
1633,05/10/2026 20:13:27,15.10,,,,
1634,05/10/2026 20:23:27,14.93,,,,
1635,05/10/2026 20:33:27,14.75,,,,
1636,05/10/2026 20:43:27,14.58,,,,
1637,05/10/2026 20:53:27,14.41,,,,
1638,05/10/2026 21:03:27,14.28,,,,
1639,05/10/2026 21:13:27,14.20,,,,
1640,05/10/2026 21:23:27,14.15,,,,
1641,05/10/2026 21:33:27,14.03,,,,
1642,05/10/2026 21:43:27,13.90,,,,
1643,05/10/2026 21:53:27,13.73,,,,
1644,05/10/2026 22:03:27,13.68,,,,
1645,05/10/2026 22:13:27,13.60,,,,
1646,05/10/2026 22:23:27,13.55,,,,
1647,05/10/2026 22:33:27,13.47,,,,
1648,05/10/2026 22:43:27,13.43,,,,
1649,05/10/2026 22:53:27,13.38,,,,
1650,05/10/2026 23:03:27,13.34,,,,
1651,05/10/2026 23:13:27,13.30,,,,
1652,05/10/2026 23:23:27,13.21,,,,
1653,05/10/2026 23:33:27,13.17,,,,
1654,05/10/2026 23:43:27,13.17,,,,
1655,05/10/2026 23:53:27,13.12,,,,
1656,05/11/2026 00:03:27,13.17,,,,
1657,05/11/2026 00:13:27,13.12,,,,
1658,05/11/2026 00:23:27,13.08,,,,
1659,05/11/2026 00:33:27,13.04,,,,
1660,05/11/2026 00:43:27,12.91,,,,
1661,05/11/2026 00:53:27,12.82,,,,
1662,05/11/2026 01:03:27,12.82,,,,
1663,05/11/2026 01:13:27,12.78,,,,
1664,05/11/2026 01:23:27,12.78,,,,
1665,05/11/2026 01:33:27,12.65,,,,
1666,05/11/2026 01:43:27,12.61,,,,
1667,05/11/2026 01:53:27,12.52,,,,
1668,05/11/2026 02:03:27,12.44,,,,
1669,05/11/2026 02:13:27,12.44,,,,
1670,05/11/2026 02:23:27,12.31,,,,
1671,05/11/2026 02:33:27,12.35,,,,
1672,05/11/2026 02:43:27,12.35,,,,
1673,05/11/2026 02:53:27,12.31,,,,
1674,05/11/2026 03:03:27,12.27,,,,
1675,05/11/2026 03:13:27,12.22,,,,
1676,05/11/2026 03:23:27,12.18,,,,
1677,05/11/2026 03:33:27,12.14,,,,
1678,05/11/2026 03:43:27,12.05,,,,
1679,05/11/2026 03:53:27,11.92,,,,
1680,05/11/2026 04:03:27,11.84,,,,
1681,05/11/2026 04:13:27,11.88,,,,
1682,05/11/2026 04:23:27,11.79,,,,
1683,05/11/2026 04:33:27,11.75,,,,
1684,05/11/2026 04:43:27,11.71,,,,
1685,05/11/2026 04:53:27,11.67,,,,
1686,05/11/2026 05:03:27,11.58,,,,
1687,05/11/2026 05:13:27,11.58,,,,
1688,05/11/2026 05:23:27,11.54,,,,
1689,05/11/2026 05:33:27,11.54,,,,
1690,05/11/2026 05:43:27,11.54,,,,
1691,05/11/2026 05:53:27,11.49,,,,
1692,05/11/2026 06:03:27,11.49,,,,
1693,05/11/2026 06:13:27,11.49,,,,
1694,05/11/2026 06:23:27,11.54,,,,
1695,05/11/2026 06:33:27,11.54,,,,
1696,05/11/2026 06:43:27,11.62,,,,
1697,05/11/2026 06:53:27,11.62,,,,
1698,05/11/2026 07:03:27,11.62,,,,
1699,05/11/2026 07:13:27,11.71,,,,
1700,05/11/2026 07:23:27,11.79,,,,
1701,05/11/2026 07:33:27,11.92,,,,
1702,05/11/2026 07:43:27,12.05,,,,
1703,05/11/2026 07:53:27,12.10,,,,
1704,05/11/2026 08:03:27,12.22,,,,
1705,05/11/2026 08:13:27,12.31,,,,
1706,05/11/2026 08:23:27,12.35,,,,
1707,05/11/2026 08:33:27,12.57,,,,
1708,05/11/2026 08:43:27,12.74,,,,
1709,05/11/2026 08:53:27,12.95,,,,
1710,05/11/2026 09:03:27,13.12,,,,
1711,05/11/2026 09:13:27,13.34,,,,
1712,05/11/2026 09:23:27,13.77,,,,
1713,05/11/2026 09:33:27,14.07,,,,
1714,05/11/2026 09:43:27,14.63,,,,
1715,05/11/2026 09:53:27,15.14,,,,
1716,05/11/2026 10:03:27,15.48,,,,
1717,05/11/2026 10:13:27,15.91,,,,
1718,05/11/2026 10:23:27,16.69,,,,
1719,05/11/2026 10:33:27,17.20,,,,
1720,05/11/2026 10:43:27,17.93,,,,
1721,05/11/2026 10:53:27,18.53,,,,
1722,05/11/2026 11:03:27,18.83,,,,
1723,05/11/2026 11:13:27,18.83,,,,
1724,05/11/2026 11:23:27,19.17,,,,
1725,05/11/2026 11:33:27,19.56,,,,
1726,05/11/2026 11:43:27,19.82,,,,
1727,05/11/2026 11:53:27,19.90,,,,
1728,05/11/2026 12:03:27,20.12,,,,
1729,05/11/2026 12:13:27,20.42,,,,
1730,05/11/2026 12:23:27,20.89,,,,
1731,05/11/2026 12:33:27,21.06,,,,
1732,05/11/2026 12:43:27,21.10,,,,
1733,05/11/2026 12:53:27,21.49,,,,
1734,05/11/2026 13:03:27,21.83,,,,
1735,05/11/2026 13:13:27,21.79,,,,
1736,05/11/2026 13:23:27,21.92,,,,
1737,05/11/2026 13:33:27,22.01,,,,
1738,05/11/2026 13:43:27,21.96,,,,
1739,05/11/2026 13:53:27,21.75,,,,
1740,05/11/2026 14:03:27,21.53,,,,
1741,05/11/2026 14:13:27,21.23,,,,
1742,05/11/2026 14:23:27,20.98,,,,
1743,05/11/2026 14:33:27,20.63,,,,
1744,05/11/2026 14:43:27,20.37,,,,
1745,05/11/2026 14:53:27,20.07,,,,
1746,05/11/2026 15:03:27,19.77,,,,
1747,05/11/2026 15:13:27,19.56,,,,
1748,05/11/2026 15:23:27,19.35,,,,
1749,05/11/2026 15:33:27,18.92,,,,
1750,05/11/2026 15:43:27,18.62,,,,
1751,05/11/2026 15:53:27,18.36,,,,
1752,05/11/2026 16:03:27,18.06,,,,
1753,05/11/2026 16:13:27,17.84,,,,
1754,05/11/2026 16:23:27,17.59,,,,
1755,05/11/2026 16:33:27,17.29,,,,
1756,05/11/2026 16:43:27,17.11,,,,
1757,05/11/2026 16:53:27,16.86,,,,
1758,05/11/2026 17:03:27,16.69,,,,
1759,05/11/2026 17:13:27,16.43,,,,
1760,05/11/2026 17:23:27,16.13,,,,
1761,05/11/2026 17:33:27,15.96,,,,
1762,05/11/2026 17:43:27,15.66,,,,
1763,05/11/2026 17:53:27,15.57,,,,
1764,05/11/2026 18:03:27,15.44,,,,
1765,05/11/2026 18:13:27,15.31,,,,
1766,05/11/2026 18:23:27,15.10,,,,
1767,05/11/2026 18:33:27,14.93,,,,
1768,05/11/2026 18:43:27,14.75,,,,
1769,05/11/2026 18:53:27,14.58,,,,
1770,05/11/2026 19:03:27,14.50,,,,
1771,05/11/2026 19:13:27,14.33,,,,
1772,05/11/2026 19:23:27,14.11,,,,
1773,05/11/2026 19:33:27,13.98,,,,
1774,05/11/2026 19:43:27,13.81,,,,
1775,05/11/2026 19:53:27,13.68,,,,
1776,05/11/2026 20:03:27,13.51,,,,
1777,05/11/2026 20:13:27,13.43,,,,
1778,05/11/2026 20:23:27,13.25,,,,
1779,05/11/2026 20:33:27,13.12,,,,
1780,05/11/2026 20:43:27,13.00,,,,
1781,05/11/2026 20:53:27,12.82,,,,
1782,05/11/2026 21:03:27,12.65,,,,
1783,05/11/2026 21:13:27,12.57,,,,
1784,05/11/2026 21:23:27,12.35,,,,
1785,05/11/2026 21:33:27,12.22,,,,
1786,05/11/2026 21:43:27,12.14,,,,
1787,05/11/2026 21:53:27,11.92,,,,
1788,05/11/2026 22:03:27,11.84,,,,
1789,05/11/2026 22:13:27,11.75,,,,
1790,05/11/2026 22:23:27,11.67,,,,
1791,05/11/2026 22:33:27,11.58,,,,
1792,05/11/2026 22:43:27,11.45,,,,
1793,05/11/2026 22:53:27,11.32,,,,
1794,05/11/2026 23:03:27,11.24,,,,
1795,05/11/2026 23:13:27,11.15,,,,
1796,05/11/2026 23:23:27,11.02,,,,
1797,05/11/2026 23:33:27,10.89,,,,
1798,05/11/2026 23:43:27,10.81,,,,
1799,05/11/2026 23:53:27,10.77,,,,
1800,05/12/2026 00:03:27,10.68,,,,
1801,05/12/2026 00:13:27,10.55,,,,
1802,05/12/2026 00:23:27,10.51,,,,
1803,05/12/2026 00:33:27,10.42,,,,
1804,05/12/2026 00:43:27,10.34,,,,
1805,05/12/2026 00:53:27,10.25,,,,
1806,05/12/2026 01:03:27,10.21,,,,
1807,05/12/2026 01:13:27,10.08,,,,
1808,05/12/2026 01:23:27,10.04,,,,
1809,05/12/2026 01:33:27,9.95,,,,
1810,05/12/2026 01:43:27,9.91,,,,
1811,05/12/2026 01:53:27,9.82,,,,
1812,05/12/2026 02:03:27,9.74,,,,
1813,05/12/2026 02:13:27,9.65,,,,
1814,05/12/2026 02:23:27,9.74,,,,
1815,05/12/2026 02:33:27,9.74,,,,
1816,05/12/2026 02:43:27,9.78,,,,
1817,05/12/2026 02:53:27,9.74,,,,
1818,05/12/2026 03:03:27,9.74,,,,
1819,05/12/2026 03:13:27,9.78,,,,
1820,05/12/2026 03:23:27,9.82,,,,
1821,05/12/2026 03:33:27,9.74,,,,
1822,05/12/2026 03:43:27,9.82,,,,
1823,05/12/2026 03:53:27,9.82,,,,
1824,05/12/2026 04:03:27,9.82,,,,
1825,05/12/2026 04:13:27,9.78,,,,
1826,05/12/2026 04:23:27,9.78,,,,
1827,05/12/2026 04:33:27,9.74,,,,
1828,05/12/2026 04:43:27,9.74,,,,
1829,05/12/2026 04:53:27,9.69,,,,
1830,05/12/2026 05:03:27,9.61,,,,
1831,05/12/2026 05:13:27,9.61,,,,
1832,05/12/2026 05:23:27,9.52,,,,
1833,05/12/2026 05:33:27,9.44,,,,
1834,05/12/2026 05:43:27,9.31,,,,
1835,05/12/2026 05:53:27,9.26,,,,
1836,05/12/2026 06:03:27,9.18,,,,
1837,05/12/2026 06:13:27,9.14,,,,
1838,05/12/2026 06:23:27,9.14,,,,
1839,05/12/2026 06:33:27,9.05,,,,
1840,05/12/2026 06:43:27,9.01,,,,
1841,05/12/2026 06:53:27,8.92,,,,
1842,05/12/2026 07:03:27,9.01,,,,
1843,05/12/2026 07:13:27,9.09,,,,
1844,05/12/2026 07:23:27,9.14,,,,
1845,05/12/2026 07:33:27,9.35,,,,
1846,05/12/2026 07:43:27,9.65,,,,
1847,05/12/2026 07:53:27,9.65,,,,
1848,05/12/2026 08:03:27,9.78,,,,
1849,05/12/2026 08:13:27,10.16,,,,
1850,05/12/2026 08:23:27,10.55,,,,
1851,05/12/2026 08:33:27,10.98,,,,
1852,05/12/2026 08:43:27,11.32,,,,
1853,05/12/2026 08:53:27,11.75,,,,
1854,05/12/2026 09:03:27,12.22,,,,
1855,05/12/2026 09:13:27,12.74,,,,
1856,05/12/2026 09:23:27,13.34,,,,
1857,05/12/2026 09:33:27,13.85,,,,
1858,05/12/2026 09:43:27,14.50,,,,
1859,05/12/2026 09:53:27,15.01,,,,
1860,05/12/2026 10:03:27,15.66,,,,
1861,05/12/2026 10:13:27,16.43,,,,
1862,05/12/2026 10:23:27,16.99,,,,
1863,05/12/2026 10:33:27,17.59,,,,
1864,05/12/2026 10:43:27,17.89,,,,
1865,05/12/2026 10:53:27,18.36,,,,
1866,05/12/2026 11:03:27,19.17,,,,
1867,05/12/2026 11:13:27,19.22,,,,
1868,05/12/2026 11:23:27,18.74,,,,
1869,05/12/2026 11:33:27,18.49,,,,
1870,05/12/2026 11:43:27,18.14,,,,
1871,05/12/2026 11:53:27,18.32,,,,
1872,05/12/2026 12:03:27,18.53,,,,
1873,05/12/2026 12:13:27,18.36,,,,
1874,05/12/2026 12:23:27,18.57,,,,
1875,05/12/2026 12:33:27,18.44,,,,
1876,05/12/2026 12:43:27,18.83,,,,
1877,05/12/2026 12:53:27,19.47,,,,
1878,05/12/2026 13:03:27,19.39,,,,
1879,05/12/2026 13:13:27,19.35,,,,
1880,05/12/2026 13:23:27,19.86,,,,
1881,05/12/2026 13:33:27,20.42,,,,
1882,05/12/2026 13:43:27,21.19,,,,
1883,05/12/2026 13:53:27,21.49,,,,
1884,05/12/2026 14:03:27,21.96,,,,
1885,05/12/2026 14:13:27,22.31,,,,
1886,05/12/2026 14:23:27,22.18,,,,
1887,05/12/2026 14:33:27,22.56,,,,
1888,05/12/2026 14:43:27,22.82,,,,
1889,05/12/2026 14:53:27,22.43,,,,
1890,05/12/2026 15:03:27,22.39,,,,
1891,05/12/2026 15:13:27,22.65,,,,
1892,05/12/2026 15:23:27,22.82,,,,
1893,05/12/2026 15:33:27,22.73,,,,
1894,05/12/2026 15:43:27,22.69,,,,
1895,05/12/2026 15:53:27,22.69,,,,
1896,05/12/2026 16:03:27,22.35,,,,
1897,05/12/2026 16:13:27,22.35,,,,
1898,05/12/2026 16:23:27,22.22,,,,
1899,05/12/2026 16:33:27,22.01,,,,
1900,05/12/2026 16:43:27,21.83,,,,
1901,05/12/2026 16:53:27,21.58,,,,
1902,05/12/2026 17:03:27,21.32,,,,
1903,05/12/2026 17:13:27,21.06,,,,
1904,05/12/2026 17:23:27,20.72,,,,
1905,05/12/2026 17:33:27,20.29,,,,
1906,05/12/2026 17:43:27,20.03,,,,
1907,05/12/2026 17:53:27,19.65,,,,
1908,05/12/2026 18:03:27,19.26,,,,
1909,05/12/2026 18:13:27,18.79,,,,
1910,05/12/2026 18:23:27,18.49,,,,
1911,05/12/2026 18:33:27,18.02,,,,
1912,05/12/2026 18:43:27,17.72,,,,
1913,05/12/2026 18:53:27,17.24,,,,
1914,05/12/2026 19:03:27,16.77,,,,
1915,05/12/2026 19:13:27,16.21,,,,
1916,05/12/2026 19:23:27,15.83,,,,
1917,05/12/2026 19:33:27,15.44,,,,
1918,05/12/2026 19:43:27,15.10,,,,
1919,05/12/2026 19:53:27,14.84,,,,
1920,05/12/2026 20:03:27,14.50,,,,
1921,05/12/2026 20:13:27,14.24,,,,
1922,05/12/2026 20:23:27,13.94,,,,
1923,05/12/2026 20:33:27,13.68,,,,
1924,05/12/2026 20:43:27,13.47,,,,
1925,05/12/2026 20:53:27,13.30,,,,
1926,05/12/2026 21:03:27,13.12,,,,
1927,05/12/2026 21:13:27,12.91,,,,
1928,05/12/2026 21:23:27,12.78,,,,
1929,05/12/2026 21:33:27,12.52,,,,
1930,05/12/2026 21:43:27,12.40,,,,
1931,05/12/2026 21:53:27,12.22,,,,
1932,05/12/2026 22:03:27,12.14,,,,
1933,05/12/2026 22:13:27,12.01,,,,
1934,05/12/2026 22:23:27,11.92,,,,
1935,05/12/2026 22:33:27,11.79,,,,
1936,05/12/2026 22:43:27,11.75,,,,
1937,05/12/2026 22:53:27,11.67,,,,
1938,05/12/2026 23:03:27,11.49,,,,
1939,05/12/2026 23:13:27,11.37,,,,
1940,05/12/2026 23:23:27,11.28,,,,
1941,05/12/2026 23:33:27,11.11,,,,
1942,05/12/2026 23:43:27,11.07,,,,
1943,05/12/2026 23:53:27,10.94,,,,
1944,05/13/2026 00:03:27,10.89,,,,
1945,05/13/2026 00:13:27,10.77,,,,
1946,05/13/2026 00:23:27,10.72,,,,
1947,05/13/2026 00:33:27,10.64,,,,
1948,05/13/2026 00:43:27,10.55,,,,
1949,05/13/2026 00:53:27,10.46,,,,
1950,05/13/2026 01:03:27,10.38,,,,
1951,05/13/2026 01:13:27,10.34,,,,
1952,05/13/2026 01:23:27,10.21,,,,
1953,05/13/2026 01:33:27,10.16,,,,
1954,05/13/2026 01:43:27,10.08,,,,
1955,05/13/2026 01:53:27,10.04,,,,
1956,05/13/2026 02:03:27,10.04,,,,
1957,05/13/2026 02:13:27,10.08,,,,
1958,05/13/2026 02:23:27,10.04,,,,
1959,05/13/2026 02:33:27,10.04,,,,
1960,05/13/2026 02:43:27,10.04,,,,
1961,05/13/2026 02:53:27,10.04,,,,
1962,05/13/2026 03:03:27,10.08,,,,
1963,05/13/2026 03:13:27,10.04,,,,
1964,05/13/2026 03:23:27,9.99,,,,
1965,05/13/2026 03:33:27,9.99,,,,
1966,05/13/2026 03:43:27,9.99,,,,
1967,05/13/2026 03:53:27,10.04,,,,
1968,05/13/2026 04:03:27,9.99,,,,
1969,05/13/2026 04:13:27,10.04,,,,
1970,05/13/2026 04:23:27,9.99,,,,
1971,05/13/2026 04:33:27,10.04,,,,
1972,05/13/2026 04:43:27,10.08,,,,
1973,05/13/2026 04:53:27,10.04,,,,
1974,05/13/2026 05:03:27,10.04,,,,
1975,05/13/2026 05:13:27,9.99,,,,
1976,05/13/2026 05:23:27,10.04,,,,
1977,05/13/2026 05:33:27,10.08,,,,
1978,05/13/2026 05:43:27,10.04,,,,
1979,05/13/2026 05:53:27,10.04,,,,
1980,05/13/2026 06:03:27,10.04,,,,
1981,05/13/2026 06:13:27,10.08,,,,
1982,05/13/2026 06:23:27,10.12,,,,
1983,05/13/2026 06:33:27,10.12,,,,
1984,05/13/2026 06:43:27,10.21,,,,
1985,05/13/2026 06:53:27,10.25,,,,
1986,05/13/2026 07:03:27,10.38,,,,
1987,05/13/2026 07:13:27,10.46,,,,
1988,05/13/2026 07:23:27,10.68,,,,
1989,05/13/2026 07:33:27,10.81,,,,
1990,05/13/2026 07:43:27,10.94,,,,
1991,05/13/2026 07:53:27,11.11,,,,
1992,05/13/2026 08:03:27,11.15,,,,
1993,05/13/2026 08:13:27,11.28,,,,
1994,05/13/2026 08:23:27,11.32,,,,
1995,05/13/2026 08:33:27,11.37,,,,
1996,05/13/2026 08:43:27,11.49,,,,
1997,05/13/2026 08:53:27,11.49,,,,
1998,05/13/2026 09:03:27,11.58,,,,
1999,05/13/2026 09:13:27,11.67,,,,
2000,05/13/2026 09:23:27,11.79,,,,
2001,05/13/2026 09:33:27,12.05,,,,
2002,05/13/2026 09:43:27,12.14,,,,
2003,05/13/2026 09:53:27,12.31,,,,
2004,05/13/2026 10:03:27,12.48,,,,
2005,05/13/2026 10:13:27,12.61,,,,
2006,05/13/2026 10:23:27,12.82,,,,
2007,05/13/2026 10:33:27,12.87,,,,
2008,05/13/2026 10:43:27,12.95,,,,
2009,05/13/2026 10:53:27,12.95,,,,
2010,05/13/2026 11:03:27,13.00,,,,
2011,05/13/2026 11:13:27,13.08,,,,
2012,05/13/2026 11:23:27,13.21,,,,
2013,05/13/2026 11:33:27,13.47,,,,
2014,05/13/2026 11:43:27,13.55,,,,
2015,05/13/2026 11:53:27,13.64,,,,
2016,05/13/2026 12:03:27,13.73,,,,
2017,05/13/2026 12:13:27,13.77,,,,
2018,05/13/2026 12:23:27,13.81,,,,
2019,05/13/2026 12:33:27,13.77,,,,
2020,05/13/2026 12:43:27,13.81,,,,
2021,05/13/2026 12:53:27,13.81,,,,
2022,05/13/2026 13:03:27,13.81,,,,
2023,05/13/2026 13:13:27,13.81,,,,
2024,05/13/2026 13:23:27,13.90,,,,
2025,05/13/2026 13:33:27,14.15,,,,
2026,05/13/2026 13:43:27,14.37,,,,
2027,05/13/2026 13:53:27,14.50,,,,
2028,05/13/2026 14:03:27,14.93,,,,
2029,05/13/2026 14:13:27,15.23,,,,
2030,05/13/2026 14:23:27,15.48,,,,
2031,05/13/2026 14:33:27,15.61,,,,
2032,05/13/2026 14:43:27,15.66,,,,
2033,05/13/2026 14:53:27,15.87,,,,
2034,05/13/2026 15:03:27,16.08,,,,
2035,05/13/2026 15:13:27,16.34,,,,
2036,05/13/2026 15:23:27,16.43,,,,
2037,05/13/2026 15:33:27,16.30,,,,
2038,05/13/2026 15:43:27,16.21,,,,
2039,05/13/2026 15:53:27,16.17,,,,
2040,05/13/2026 16:03:27,16.08,,,,
2041,05/13/2026 16:13:27,16.04,,,,
2042,05/13/2026 16:23:27,15.96,,,,
2043,05/13/2026 16:33:27,15.87,,,,
2044,05/13/2026 16:43:27,15.78,,,,
2045,05/13/2026 16:53:27,15.66,,,,
2046,05/13/2026 17:03:27,15.53,,,,
2047,05/13/2026 17:13:27,15.40,,,,
2048,05/13/2026 17:23:27,15.31,,,,
2049,05/13/2026 17:33:27,15.14,,,,
2050,05/13/2026 17:43:27,15.01,,,,
2051,05/13/2026 17:53:27,14.88,,,,
2052,05/13/2026 18:03:27,14.80,,,,
2053,05/13/2026 18:13:27,14.63,,,,
2054,05/13/2026 18:23:27,14.50,,,,
2055,05/13/2026 18:33:27,14.37,,,,
2056,05/13/2026 18:43:27,14.20,,,,
2057,05/13/2026 18:53:27,14.11,,,,
2058,05/13/2026 19:03:27,13.94,,,,
2059,05/13/2026 19:13:27,13.90,,,,
2060,05/13/2026 19:23:27,13.73,,,,
2061,05/13/2026 19:33:27,13.68,,,,
2062,05/13/2026 19:43:27,13.47,,,,
2063,05/13/2026 19:53:27,13.38,,,,
2064,05/13/2026 20:03:27,13.25,,,,
2065,05/13/2026 20:13:27,13.17,,,,
2066,05/13/2026 20:23:27,13.04,,,,
2067,05/13/2026 20:33:27,13.00,,,,
2068,05/13/2026 20:43:27,12.95,,,,
2069,05/13/2026 20:53:27,12.82,,,,
2070,05/13/2026 21:03:27,12.78,,,,
2071,05/13/2026 21:13:27,12.70,,,,
2072,05/13/2026 21:23:27,12.61,,,,
2073,05/13/2026 21:33:27,12.57,,,,
2074,05/13/2026 21:43:27,12.52,,,,
2075,05/13/2026 21:53:27,12.44,,,,
2076,05/13/2026 22:03:27,12.35,,,,
2077,05/13/2026 22:13:27,12.31,,,,
2078,05/13/2026 22:23:27,12.27,,,,
2079,05/13/2026 22:33:27,12.27,,,,
2080,05/13/2026 22:43:27,12.14,,,,
2081,05/13/2026 22:53:27,12.14,,,,
2082,05/13/2026 23:03:27,12.01,,,,
2083,05/13/2026 23:13:27,11.97,,,,
2084,05/13/2026 23:23:27,11.88,,,,
2085,05/13/2026 23:33:27,11.79,,,,
2086,05/13/2026 23:43:27,11.75,,,,
2087,05/13/2026 23:53:27,11.71,,,,
2088,05/14/2026 00:03:27,11.67,,,,
2089,05/14/2026 00:13:27,11.62,,,,
2090,05/14/2026 00:23:27,11.62,,,,
2091,05/14/2026 00:33:27,11.54,,,,
2092,05/14/2026 00:43:27,11.54,,,,
2093,05/14/2026 00:53:27,11.54,,,,
2094,05/14/2026 01:03:27,11.54,,,,
2095,05/14/2026 01:13:27,11.54,,,,
2096,05/14/2026 01:23:27,11.49,,,,
2097,05/14/2026 01:33:27,11.45,,,,
2098,05/14/2026 01:43:27,11.45,,,,
2099,05/14/2026 01:53:27,11.45,,,,
2100,05/14/2026 02:03:27,11.41,,,,
2101,05/14/2026 02:13:27,11.41,,,,
2102,05/14/2026 02:23:27,11.37,,,,
2103,05/14/2026 02:33:27,11.37,,,,
2104,05/14/2026 02:43:27,11.37,,,,
2105,05/14/2026 02:53:27,11.32,,,,
2106,05/14/2026 03:03:27,11.37,,,,
2107,05/14/2026 03:13:27,11.37,,,,
2108,05/14/2026 03:23:27,11.37,,,,
2109,05/14/2026 03:33:27,11.32,,,,
2110,05/14/2026 03:43:27,11.28,,,,
2111,05/14/2026 03:53:27,11.32,,,,
2112,05/14/2026 04:03:27,11.32,,,,
2113,05/14/2026 04:13:27,11.28,,,,
2114,05/14/2026 04:23:27,11.24,,,,
2115,05/14/2026 04:33:27,11.24,,,,
2116,05/14/2026 04:43:27,11.24,,,,
2117,05/14/2026 04:53:27,11.24,,,,
2118,05/14/2026 05:03:27,11.28,,,,
2119,05/14/2026 05:13:27,11.24,,,,
2120,05/14/2026 05:23:27,11.28,,,,
2121,05/14/2026 05:33:27,11.24,,,,
2122,05/14/2026 05:43:27,11.28,,,,
2123,05/14/2026 05:53:27,11.28,,,,
2124,05/14/2026 06:03:27,11.32,,,,
2125,05/14/2026 06:13:27,11.37,,,,
2126,05/14/2026 06:23:27,11.37,,,,
2127,05/14/2026 06:33:27,11.37,,,,
2128,05/14/2026 06:43:27,11.41,,,,
2129,05/14/2026 06:53:27,11.54,,,,
2130,05/14/2026 07:03:27,11.54,,,,
2131,05/14/2026 07:13:27,11.54,,,,
2132,05/14/2026 07:23:27,11.58,,,,
2133,05/14/2026 07:33:27,11.62,,,,
2134,05/14/2026 07:43:27,11.67,,,,
2135,05/14/2026 07:53:27,11.75,,,,
2136,05/14/2026 08:03:27,11.75,,,,
2137,05/14/2026 08:13:27,11.79,,,,
2138,05/14/2026 08:23:27,11.88,,,,
2139,05/14/2026 08:33:27,12.01,,,,
2140,05/14/2026 08:43:27,12.22,,,,
2141,05/14/2026 08:53:27,12.40,,,,
2142,05/14/2026 09:03:27,12.65,,,,
2143,05/14/2026 09:13:27,12.70,,,,
2144,05/14/2026 09:23:27,12.82,,,,
2145,05/14/2026 09:33:27,12.95,,,,
2146,05/14/2026 09:43:27,13.12,,,,
2147,05/14/2026 09:53:27,13.43,,,,
2148,05/14/2026 10:03:27,13.73,,,,
2149,05/14/2026 10:13:27,13.90,,,,
2150,05/14/2026 10:23:27,14.20,,,,
2151,05/14/2026 10:33:27,14.63,,,,
2152,05/14/2026 10:43:27,14.84,,,,
2153,05/14/2026 10:53:27,14.97,,,,
2154,05/14/2026 11:03:27,15.14,,,,
2155,05/14/2026 11:13:27,15.14,,,,
2156,05/14/2026 11:23:27,15.14,,,,
2157,05/14/2026 11:33:27,15.23,,,,
2158,05/14/2026 11:43:27,15.23,,,,
2159,05/14/2026 11:53:27,15.27,,,,
2160,05/14/2026 12:03:27,15.31,,,,
2161,05/14/2026 12:13:27,15.36,,,,
2162,05/14/2026 12:23:27,15.31,,,,
2163,05/14/2026 12:33:27,15.40,,,,
2164,05/14/2026 12:43:27,15.40,,,,
2165,05/14/2026 12:53:27,15.48,,,,
2166,05/14/2026 13:03:27,15.57,,,,
2167,05/14/2026 13:13:27,15.48,,,,
2168,05/14/2026 13:23:27,15.40,,,,
2169,05/14/2026 13:33:27,15.27,,,,
2170,05/14/2026 13:43:27,15.31,,,,
2171,05/14/2026 13:53:27,15.44,,,,
2172,05/14/2026 14:03:27,15.40,,,,
2173,05/14/2026 14:13:27,15.27,,,,
2174,05/14/2026 14:23:27,15.18,,,,
2175,05/14/2026 14:33:27,15.06,,,,
2176,05/14/2026 14:43:27,15.01,,,,
2177,05/14/2026 14:53:27,14.97,,,,
2178,05/14/2026 15:03:27,14.97,,,,
2179,05/14/2026 15:13:27,14.84,,,,
2180,05/14/2026 15:23:27,14.80,,,,
2181,05/14/2026 15:33:27,14.67,,,,
2182,05/14/2026 15:43:27,14.63,,,,
2183,05/14/2026 15:53:27,14.54,,,,
2184,05/14/2026 16:03:27,14.41,,,,
2185,05/14/2026 16:13:27,14.37,,,,
2186,05/14/2026 16:23:27,14.24,,,,
2187,05/14/2026 16:33:27,14.15,,,,
2188,05/14/2026 16:43:27,13.98,,,,
2189,05/14/2026 16:53:27,14.03,,,,
2190,05/14/2026 17:03:27,13.98,,,,
2191,05/14/2026 17:13:27,13.90,,,,
2192,05/14/2026 17:23:27,13.90,,,,
2193,05/14/2026 17:33:27,13.81,,,,
2194,05/14/2026 17:43:27,13.77,,,,
2195,05/14/2026 17:53:27,13.73,,,,
2196,05/14/2026 18:03:27,13.68,,,,
2197,05/14/2026 18:13:27,13.60,,,,
2198,05/14/2026 18:23:27,13.55,,,,
2199,05/14/2026 18:33:27,13.55,,,,
2200,05/14/2026 18:43:27,13.51,,,,
2201,05/14/2026 18:53:27,13.43,,,,
2202,05/14/2026 19:03:27,13.34,,,,
2203,05/14/2026 19:13:27,13.34,,,,
2204,05/14/2026 19:23:27,13.25,,,,
2205,05/14/2026 19:33:27,13.17,,,,
2206,05/14/2026 19:43:27,13.08,,,,
2207,05/14/2026 19:53:27,13.04,,,,
2208,05/14/2026 20:03:27,12.91,,,,
2209,05/14/2026 20:13:27,12.91,,,,
2210,05/14/2026 20:23:27,12.78,,,,
2211,05/14/2026 20:33:27,12.78,,,,
2212,05/14/2026 20:43:27,12.70,,,,
2213,05/14/2026 20:53:27,12.70,,,,
2214,05/14/2026 21:03:27,12.65,,,,
2215,05/14/2026 21:13:27,12.65,,,,
2216,05/14/2026 21:23:27,12.65,,,,
2217,05/14/2026 21:33:27,12.61,,,,
2218,05/14/2026 21:43:27,12.57,,,,
2219,05/14/2026 21:53:27,12.52,,,,
2220,05/14/2026 22:03:27,12.52,,,,
2221,05/14/2026 22:13:27,12.52,,,,
2222,05/14/2026 22:23:27,12.48,,,,
2223,05/14/2026 22:33:27,12.44,,,,
2224,05/14/2026 22:43:27,12.40,,,,
2225,05/14/2026 22:53:27,12.35,,,,
2226,05/14/2026 23:03:27,12.31,,,,
2227,05/14/2026 23:13:27,12.31,,,,
2228,05/14/2026 23:23:27,12.31,,,,
2229,05/14/2026 23:33:27,12.22,,,,
2230,05/14/2026 23:43:27,12.27,,,,
2231,05/14/2026 23:53:27,12.22,,,,
2232,05/15/2026 00:03:27,12.22,,,,
2233,05/15/2026 00:13:27,12.27,,,,
2234,05/15/2026 00:23:27,12.22,,,,
2235,05/15/2026 00:33:27,12.18,,,,
2236,05/15/2026 00:43:27,12.18,,,,
2237,05/15/2026 00:53:27,12.10,,,,
2238,05/15/2026 01:03:27,12.10,,,,
2239,05/15/2026 01:13:27,12.10,,,,
2240,05/15/2026 01:23:27,11.97,,,,
2241,05/15/2026 01:33:27,11.97,,,,
2242,05/15/2026 01:43:27,11.92,,,,
2243,05/15/2026 01:53:27,11.88,,,,
2244,05/15/2026 02:03:27,11.84,,,,
2245,05/15/2026 02:13:27,11.79,,,,
2246,05/15/2026 02:23:27,11.79,,,,
2247,05/15/2026 02:33:27,11.75,,,,
2248,05/15/2026 02:43:27,11.75,,,,
2249,05/15/2026 02:53:27,11.79,,,,
2250,05/15/2026 03:03:27,11.71,,,,
2251,05/15/2026 03:13:27,11.71,,,,
2252,05/15/2026 03:23:27,11.71,,,,
2253,05/15/2026 03:33:27,11.75,,,,
2254,05/15/2026 03:43:27,11.71,,,,
2255,05/15/2026 03:53:27,11.67,,,,
2256,05/15/2026 04:03:27,11.67,,,,
2257,05/15/2026 04:13:27,11.67,,,,
2258,05/15/2026 04:23:27,11.67,,,,
2259,05/15/2026 04:33:27,11.67,,,,
2260,05/15/2026 04:43:27,11.62,,,,
2261,05/15/2026 04:53:27,11.58,,,,
2262,05/15/2026 05:03:27,11.58,,,,
2263,05/15/2026 05:13:27,11.62,,,,
2264,05/15/2026 05:23:27,11.58,,,,
2265,05/15/2026 05:33:27,11.62,,,,
2266,05/15/2026 05:43:27,11.54,,,,
2267,05/15/2026 05:53:27,11.58,,,,
2268,05/15/2026 06:03:27,11.62,,,,
2269,05/15/2026 06:13:27,11.62,,,,
2270,05/15/2026 06:23:27,11.67,,,,
2271,05/15/2026 06:33:27,11.67,,,,
2272,05/15/2026 06:43:27,11.67,,,,
2273,05/15/2026 06:53:27,11.84,,,,
2274,05/15/2026 07:03:27,11.92,,,,
2275,05/15/2026 07:13:27,12.10,,,,
2276,05/15/2026 07:23:27,12.10,,,,
2277,05/15/2026 07:33:27,12.14,,,,
2278,05/15/2026 07:43:27,12.18,,,,
2279,05/15/2026 07:53:27,12.31,,,,
2280,05/15/2026 08:03:27,12.40,,,,
2281,05/15/2026 08:13:27,12.52,,,,
2282,05/15/2026 08:23:27,12.57,,,,
2283,05/15/2026 08:33:27,12.82,,,,
2284,05/15/2026 08:43:27,12.95,,,,
2285,05/15/2026 08:53:27,13.00,,,,
2286,05/15/2026 09:03:27,13.08,,,,
2287,05/15/2026 09:13:27,13.08,,,,
2288,05/15/2026 09:23:27,13.08,,,,
2289,05/15/2026 09:33:27,13.12,,,,
2290,05/15/2026 09:43:27,13.12,,,,
2291,05/15/2026 09:53:27,13.12,,,,
2292,05/15/2026 10:03:27,13.30,,,,
2293,05/15/2026 10:13:27,13.30,,,,
2294,05/15/2026 10:23:27,13.25,,,,
2295,05/15/2026 10:33:27,13.30,,,,
2296,05/15/2026 10:43:27,13.30,,,,
2297,05/15/2026 10:53:27,13.55,,,,
2298,05/15/2026 11:03:27,13.60,,,,
2299,05/15/2026 11:13:27,13.55,,,,
2300,05/15/2026 11:23:27,13.60,,,,
2301,05/15/2026 11:33:27,13.51,,,,
2302,05/15/2026 11:43:27,13.47,,,,
2303,05/15/2026 11:53:27,13.47,,,,
2304,05/15/2026 12:03:27,13.51,,,,
2305,05/15/2026 12:13:27,13.64,,,,
2306,05/15/2026 12:23:27,13.73,,,,
2307,05/15/2026 12:33:27,13.94,,,,
2308,05/15/2026 12:43:27,13.85,,,,
2309,05/15/2026 12:53:27,13.94,,,,
2310,05/15/2026 13:03:27,13.94,,,,
2311,05/15/2026 13:13:27,14.03,,,,
2312,05/15/2026 13:23:27,14.03,,,,
2313,05/15/2026 13:33:27,14.03,,,,
2314,05/15/2026 13:43:27,13.94,,,,
2315,05/15/2026 13:53:27,13.94,,,,
2316,05/15/2026 14:03:27,13.85,,,,
2317,05/15/2026 14:13:27,13.85,,,,
2318,05/15/2026 14:23:27,13.77,,,,
2319,05/15/2026 14:33:27,13.77,,,,
2320,05/15/2026 14:43:27,13.77,,,,
2321,05/15/2026 14:53:27,13.77,,,,
2322,05/15/2026 15:03:27,13.81,,,,
2323,05/15/2026 15:13:27,13.94,,,,
2324,05/15/2026 15:23:27,13.85,,,,
2325,05/15/2026 15:33:27,13.85,,,,
2326,05/15/2026 15:43:27,13.85,,,,
2327,05/15/2026 15:53:27,13.90,,,,
2328,05/15/2026 16:03:27,13.98,,,,
2329,05/15/2026 16:13:27,13.90,,,,
2330,05/15/2026 16:23:27,13.90,,,,
2331,05/15/2026 16:33:27,13.90,,,,
2332,05/15/2026 16:43:27,13.94,,,,
2333,05/15/2026 16:53:27,13.94,,,,
2334,05/15/2026 17:03:27,13.98,,,,
2335,05/15/2026 17:13:27,14.03,,,,
2336,05/15/2026 17:23:27,14.15,,,,
2337,05/15/2026 17:33:27,14.15,,,,
2338,05/15/2026 17:43:27,14.11,,,,
2339,05/15/2026 17:53:27,14.11,,,,
2340,05/15/2026 18:03:27,14.11,,,,
2341,05/15/2026 18:13:27,14.03,,,,
2342,05/15/2026 18:23:27,13.94,,,,
2343,05/15/2026 18:33:27,13.90,,,,
2344,05/15/2026 18:43:27,13.85,,,,
2345,05/15/2026 18:53:27,13.77,,,,
2346,05/15/2026 19:03:27,13.73,,,,
2347,05/15/2026 19:13:27,13.68,,,,
2348,05/15/2026 19:23:27,13.55,,,,
2349,05/15/2026 19:33:27,13.51,,,,
2350,05/15/2026 19:43:27,13.43,,,,
2351,05/15/2026 19:53:27,13.30,,,,
2352,05/15/2026 20:03:27,13.12,,,,
2353,05/15/2026 20:13:27,13.00,,,,
2354,05/15/2026 20:23:27,12.82,,,,
2355,05/15/2026 20:33:27,12.70,,,,
2356,05/15/2026 20:43:27,12.61,,,,
2357,05/15/2026 20:53:27,12.44,,,,
2358,05/15/2026 21:03:27,12.31,,,,
2359,05/15/2026 21:13:27,12.27,,,,
2360,05/15/2026 21:23:27,12.14,,,,
2361,05/15/2026 21:33:27,12.01,,,,
2362,05/15/2026 21:43:27,11.88,,,,
2363,05/15/2026 21:53:27,11.84,,,,
2364,05/15/2026 22:03:27,11.79,,,,
2365,05/15/2026 22:13:27,11.71,,,,
2366,05/15/2026 22:23:27,11.62,,,,
2367,05/15/2026 22:33:27,11.58,,,,
2368,05/15/2026 22:43:27,11.49,,,,
2369,05/15/2026 22:53:27,11.37,,,,
2370,05/15/2026 23:03:27,11.32,,,,
2371,05/15/2026 23:13:27,11.28,,,,
2372,05/15/2026 23:23:27,11.24,,,,
2373,05/15/2026 23:33:27,11.19,,,,
2374,05/15/2026 23:43:27,11.15,,,,
2375,05/15/2026 23:53:27,11.11,,,,
2376,05/16/2026 00:03:27,11.07,,,,
2377,05/16/2026 00:13:27,11.02,,,,
2378,05/16/2026 00:23:27,11.02,,,,
2379,05/16/2026 00:33:27,11.02,,,,
2380,05/16/2026 00:43:27,10.98,,,,
2381,05/16/2026 00:53:27,10.98,,,,
2382,05/16/2026 01:03:27,10.94,,,,
2383,05/16/2026 01:13:27,10.94,,,,
2384,05/16/2026 01:23:27,10.81,,,,
2385,05/16/2026 01:33:27,10.77,,,,
2386,05/16/2026 01:43:27,10.77,,,,
2387,05/16/2026 01:53:27,10.72,,,,
2388,05/16/2026 02:03:27,10.64,,,,
2389,05/16/2026 02:13:27,10.55,,,,
2390,05/16/2026 02:23:27,10.55,,,,
2391,05/16/2026 02:33:27,10.46,,,,
2392,05/16/2026 02:43:27,10.38,,,,
2393,05/16/2026 02:53:27,10.38,,,,
2394,05/16/2026 03:03:27,10.34,,,,
2395,05/16/2026 03:13:27,10.29,,,,
2396,05/16/2026 03:23:27,10.16,,,,
2397,05/16/2026 03:33:27,10.21,,,,
2398,05/16/2026 03:43:27,10.12,,,,
2399,05/16/2026 03:53:27,10.08,,,,
2400,05/16/2026 04:03:27,10.04,,,,
2401,05/16/2026 04:13:27,9.99,,,,
2402,05/16/2026 04:23:27,9.99,,,,
2403,05/16/2026 04:33:27,9.91,,,,
2404,05/16/2026 04:43:27,9.91,,,,
2405,05/16/2026 04:53:27,9.82,,,,
2406,05/16/2026 05:03:27,9.74,,,,
2407,05/16/2026 05:13:27,9.74,,,,
2408,05/16/2026 05:23:27,9.74,,,,
2409,05/16/2026 05:33:27,9.65,,,,
2410,05/16/2026 05:43:27,9.74,,,,
2411,05/16/2026 05:53:27,9.69,,,,
2412,05/16/2026 06:03:27,9.69,,,,
2413,05/16/2026 06:13:27,9.69,,,,
2414,05/16/2026 06:23:27,9.69,,,,
2415,05/16/2026 06:33:27,9.69,,,,
2416,05/16/2026 06:43:27,9.74,,,,
2417,05/16/2026 06:53:27,9.78,,,,
2418,05/16/2026 07:03:27,9.82,,,,
2419,05/16/2026 07:13:27,9.86,,,,
2420,05/16/2026 07:23:27,9.91,,,,
2421,05/16/2026 07:33:27,10.08,,,,
2422,05/16/2026 07:43:27,10.29,,,,
2423,05/16/2026 07:53:27,10.64,,,,
2424,05/16/2026 08:03:27,11.02,,,,
2425,05/16/2026 08:13:27,11.37,,,,
2426,05/16/2026 08:23:27,11.75,,,,
2427,05/16/2026 08:33:27,12.14,,,,
2428,05/16/2026 08:43:27,12.52,,,,
2429,05/16/2026 08:53:27,13.00,,,,
2430,05/16/2026 09:03:27,13.43,,,,
2431,05/16/2026 09:13:27,13.98,,,,
2432,05/16/2026 09:23:27,14.50,,,,
2433,05/16/2026 09:33:27,15.01,,,,
2434,05/16/2026 09:43:27,15.53,,,,
2435,05/16/2026 09:53:27,15.96,,,,
2436,05/16/2026 10:03:27,16.51,,,,
2437,05/16/2026 10:13:27,17.07,,,,
2438,05/16/2026 10:23:27,17.63,,,,
2439,05/16/2026 10:33:27,18.10,,,,
2440,05/16/2026 10:43:27,18.49,,,,
2441,05/16/2026 10:53:27,18.92,,,,
2442,05/16/2026 11:03:27,19.30,,,,
2443,05/16/2026 11:13:27,19.69,,,,
2444,05/16/2026 11:23:27,20.03,,,,
2445,05/16/2026 11:33:27,20.29,,,,
2446,05/16/2026 11:43:27,20.63,,,,
2447,05/16/2026 11:53:27,20.98,,,,
2448,05/16/2026 12:03:27,21.28,,,,
2449,05/16/2026 12:13:27,21.49,,,,
2450,05/16/2026 12:23:27,21.79,,,,
2451,05/16/2026 12:33:27,22.01,,,,
2452,05/16/2026 12:43:27,22.18,,,,
2453,05/16/2026 12:53:27,22.31,,,,
2454,05/16/2026 13:03:27,22.39,,,,
2455,05/16/2026 13:13:27,22.61,,,,
2456,05/16/2026 13:23:27,22.73,,,,
2457,05/16/2026 13:33:27,22.91,,,,
2458,05/16/2026 13:43:27,22.82,,,,
2459,05/16/2026 13:53:27,22.82,,,,
2460,05/16/2026 14:03:27,22.91,,,,
2461,05/16/2026 14:13:27,22.95,,,,
2462,05/16/2026 14:23:27,23.08,,,,
2463,05/16/2026 14:33:27,23.08,,,,
2464,05/16/2026 14:43:27,23.03,,,,
2465,05/16/2026 14:53:27,22.82,,,,
2466,05/16/2026 15:03:27,22.86,,,,
2467,05/16/2026 15:13:27,22.95,,,,
2468,05/16/2026 15:23:27,22.95,,,,
2469,05/16/2026 15:33:27,22.91,,,,
2470,05/16/2026 15:43:27,22.91,,,,
2471,05/16/2026 15:53:27,22.78,,,,
2472,05/16/2026 16:03:27,22.52,,,,
2473,05/16/2026 16:13:27,22.48,,,,
2474,05/16/2026 16:23:27,22.39,,,,
2475,05/16/2026 16:33:27,22.13,,,,
2476,05/16/2026 16:43:27,21.96,,,,
2477,05/16/2026 16:53:27,21.83,,,,
2478,05/16/2026 17:03:27,21.75,,,,
2479,05/16/2026 17:13:27,21.40,,,,
2480,05/16/2026 17:23:27,21.23,,,,
2481,05/16/2026 17:33:27,21.02,,,,
2482,05/16/2026 17:43:27,20.76,,,,
2483,05/16/2026 17:53:27,20.50,,,,
2484,05/16/2026 18:03:27,20.29,,,,
2485,05/16/2026 18:13:27,20.03,,,,
2486,05/16/2026 18:23:27,19.73,,,,
2487,05/16/2026 18:33:27,19.43,,,,
2488,05/16/2026 18:43:27,19.00,,,,
2489,05/16/2026 18:53:27,18.66,,,,
2490,05/16/2026 19:03:27,18.27,,,,
2491,05/16/2026 19:13:27,17.89,,,,
2492,05/16/2026 19:23:27,17.50,,,,
2493,05/16/2026 19:33:27,17.20,,,,
2494,05/16/2026 19:43:27,16.86,,,,
2495,05/16/2026 19:53:27,16.60,,,,
2496,05/16/2026 20:03:27,16.34,,,,
2497,05/16/2026 20:13:27,16.13,,,,
2498,05/16/2026 20:23:27,16.00,,,,
2499,05/16/2026 20:33:27,15.78,,,,
2500,05/16/2026 20:43:27,15.66,,,,
2501,05/16/2026 20:53:27,15.57,,,,
2502,05/16/2026 21:03:27,15.36,,,,
2503,05/16/2026 21:13:27,15.27,,,,
2504,05/16/2026 21:23:27,15.18,,,,
2505,05/16/2026 21:33:27,15.10,,,,
2506,05/16/2026 21:43:27,14.93,,,,
2507,05/16/2026 21:53:27,14.84,,,,
2508,05/16/2026 22:03:27,14.75,,,,
2509,05/16/2026 22:13:27,14.71,,,,
2510,05/16/2026 22:23:27,14.67,,,,
2511,05/16/2026 22:33:27,14.58,,,,
2512,05/16/2026 22:43:27,14.58,,,,
2513,05/16/2026 22:53:27,14.50,,,,
2514,05/16/2026 23:03:27,14.45,,,,
2515,05/16/2026 23:13:27,14.41,,,,
2516,05/16/2026 23:23:27,14.28,,,,
2517,05/16/2026 23:33:27,14.33,,,,
2518,05/16/2026 23:43:27,14.28,,,,
2519,05/16/2026 23:53:27,14.28,,,,
2520,05/17/2026 00:03:27,14.24,,,,
2521,05/17/2026 00:13:27,14.20,,,,
2522,05/17/2026 00:23:27,14.20,,,,
2523,05/17/2026 00:33:27,14.20,,,,
2524,05/17/2026 00:43:27,14.15,,,,
2525,05/17/2026 00:53:27,14.15,,,,
2526,05/17/2026 01:03:27,14.20,,,,
2527,05/17/2026 01:13:27,14.20,,,,
2528,05/17/2026 01:23:27,14.11,,,,
2529,05/17/2026 01:33:27,14.15,,,,
2530,05/17/2026 01:43:27,14.20,,,,
2531,05/17/2026 01:53:27,14.20,,,,
2532,05/17/2026 02:03:27,14.20,,,,
2533,05/17/2026 02:13:27,14.20,,,,
2534,05/17/2026 02:23:27,14.24,,,,
2535,05/17/2026 02:33:27,14.20,,,,
2536,05/17/2026 02:43:27,14.15,,,,
2537,05/17/2026 02:53:27,14.20,,,,
2538,05/17/2026 03:03:27,14.15,,,,
2539,05/17/2026 03:13:27,14.07,,,,
2540,05/17/2026 03:23:27,13.98,,,,
2541,05/17/2026 03:33:27,13.90,,,,
2542,05/17/2026 03:43:27,13.81,,,,
2543,05/17/2026 03:53:27,13.73,,,,
2544,05/17/2026 04:03:27,13.73,,,,
2545,05/17/2026 04:13:27,13.60,,,,
2546,05/17/2026 04:23:27,13.51,,,,
2547,05/17/2026 04:33:27,13.38,,,,
2548,05/17/2026 04:43:27,13.38,,,,
2549,05/17/2026 04:53:27,13.30,,,,
2550,05/17/2026 05:03:27,13.21,,,,
2551,05/17/2026 05:13:27,13.17,,,,
2552,05/17/2026 05:23:27,13.12,,,,
2553,05/17/2026 05:33:27,13.08,,,,
2554,05/17/2026 05:43:27,12.95,,,,
2555,05/17/2026 05:53:27,12.95,,,,
2556,05/17/2026 06:03:27,12.95,,,,
2557,05/17/2026 06:13:27,12.91,,,,
2558,05/17/2026 06:23:27,12.91,,,,
2559,05/17/2026 06:33:27,12.87,,,,
2560,05/17/2026 06:43:27,12.91,,,,
2561,05/17/2026 06:53:27,12.95,,,,
2562,05/17/2026 07:03:27,13.04,,,,
2563,05/17/2026 07:13:27,13.12,,,,
2564,05/17/2026 07:23:27,13.21,,,,
2565,05/17/2026 07:33:27,13.47,,,,
2566,05/17/2026 07:43:27,13.77,,,,
2567,05/17/2026 07:53:27,14.20,,,,
2568,05/17/2026 08:03:27,14.63,,,,
2569,05/17/2026 08:13:27,15.01,,,,
2570,05/17/2026 08:23:27,15.48,,,,
2571,05/17/2026 08:33:27,15.83,,,,
2572,05/17/2026 08:43:27,16.30,,,,
2573,05/17/2026 08:53:27,16.81,,,,
2574,05/17/2026 09:03:27,17.24,,,,
2575,05/17/2026 09:13:27,17.84,,,,
2576,05/17/2026 09:23:27,18.36,,,,
2577,05/17/2026 09:33:27,18.87,,,,
2578,05/17/2026 09:43:27,19.47,,,,
2579,05/17/2026 09:53:27,19.90,,,,
2580,05/17/2026 10:03:27,20.63,,,,
2581,05/17/2026 10:13:27,21.19,,,,
2582,05/17/2026 10:23:27,21.66,,,,
2583,05/17/2026 10:33:27,22.09,,,,
2584,05/17/2026 10:43:27,22.56,,,,
2585,05/17/2026 10:53:27,22.99,,,,
2586,05/17/2026 11:03:27,23.34,,,,
2587,05/17/2026 11:13:27,23.72,,,,
2588,05/17/2026 11:23:27,24.11,,,,
2589,05/17/2026 11:33:27,24.49,,,,
2590,05/17/2026 11:43:27,24.97,,,,
2591,05/17/2026 11:53:27,25.39,,,,
2592,05/17/2026 12:03:27,25.69,,,,
2593,05/17/2026 12:13:27,25.95,,,,
2594,05/17/2026 12:23:27,26.17,,,,
2595,05/17/2026 12:33:27,26.47,,,,
2596,05/17/2026 12:43:27,26.64,,,,
2597,05/17/2026 12:53:27,26.64,,,,
2598,05/17/2026 13:03:27,26.72,,,,
2599,05/17/2026 13:13:27,26.72,,,,
2600,05/17/2026 13:23:27,26.55,,,,
2601,05/17/2026 13:33:27,26.25,,,,
2602,05/17/2026 13:43:27,25.91,,,,
2603,05/17/2026 13:53:27,25.99,,,,
2604,05/17/2026 14:03:27,26.25,,,,
2605,05/17/2026 14:13:27,26.42,,,,
2606,05/17/2026 14:23:27,26.47,,,,
2607,05/17/2026 14:33:27,26.64,,,,
2608,05/17/2026 14:43:27,26.64,,,,
2609,05/17/2026 14:53:27,26.64,,,,
2610,05/17/2026 15:03:27,26.72,,,,
2611,05/17/2026 15:13:27,26.98,,,,
2612,05/17/2026 15:23:27,26.72,,,,
2613,05/17/2026 15:33:27,26.94,,,,
2614,05/17/2026 15:43:27,26.90,,,,
2615,05/17/2026 15:53:27,26.90,,,,
2616,05/17/2026 16:03:27,26.51,,,,
2617,05/17/2026 16:13:27,26.38,,,,
2618,05/17/2026 16:23:27,26.21,,,,
2619,05/17/2026 16:33:27,25.99,,,,
2620,05/17/2026 16:43:27,25.87,,,,
2621,05/17/2026 16:53:27,25.61,,,,
2622,05/17/2026 17:03:27,25.31,,,,
2623,05/17/2026 17:13:27,24.92,,,,
2624,05/17/2026 17:23:27,24.66,,,,
2625,05/17/2026 17:33:27,24.36,,,,
2626,05/17/2026 17:43:27,24.11,,,,
2627,05/17/2026 17:53:27,23.85,,,,
2628,05/17/2026 18:03:27,23.59,,,,
2629,05/17/2026 18:13:27,23.21,,,,
2630,05/17/2026 18:23:27,22.82,,,,
2631,05/17/2026 18:33:27,22.43,,,,
2632,05/17/2026 18:43:27,22.05,,,,
2633,05/17/2026 18:53:27,21.70,,,,
2634,05/17/2026 19:03:27,21.32,,,,
2635,05/17/2026 19:13:27,20.89,,,,
2636,05/17/2026 19:23:27,20.59,,,,
2637,05/17/2026 19:33:27,20.25,,,,
2638,05/17/2026 19:43:27,19.99,,,,
2639,05/17/2026 19:53:27,19.73,,,,
2640,05/17/2026 20:03:27,19.47,,,,
2641,05/17/2026 20:13:27,19.26,,,,
2642,05/17/2026 20:23:27,18.96,,,,
2643,05/17/2026 20:33:27,18.74,,,,
2644,05/17/2026 20:43:27,18.53,,,,
2645,05/17/2026 20:53:27,18.40,,,,
2646,05/17/2026 21:03:27,18.19,,,,
2647,05/17/2026 21:13:27,18.06,,,,
2648,05/17/2026 21:23:27,17.93,,,,
2649,05/17/2026 21:33:27,17.80,,,,
2650,05/17/2026 21:43:27,17.63,,,,
2651,05/17/2026 21:53:27,17.54,,,,
2652,05/17/2026 22:03:27,17.41,,,,
2653,05/17/2026 22:13:27,17.37,,,,
2654,05/17/2026 22:23:27,17.24,,,,
2655,05/17/2026 22:33:27,17.20,,,,
2656,05/17/2026 22:43:27,17.11,,,,
2657,05/17/2026 22:53:27,16.99,,,,
2658,05/17/2026 23:03:27,16.94,,,,
2659,05/17/2026 23:13:27,16.81,,,,
2660,05/17/2026 23:23:27,16.77,,,,
2661,05/17/2026 23:33:27,16.69,,,,
2662,05/17/2026 23:43:27,16.69,,,,
2663,05/17/2026 23:53:27,16.60,,,,
2664,05/18/2026 00:03:27,16.51,,,,
2665,05/18/2026 00:13:27,16.51,,,,
2666,05/18/2026 00:23:27,16.43,,,,
2667,05/18/2026 00:33:27,16.39,,,,
2668,05/18/2026 00:43:27,16.34,,,,
2669,05/18/2026 00:53:27,16.26,,,,
2670,05/18/2026 01:03:27,16.26,,,,
2671,05/18/2026 01:13:27,16.26,,,,
2672,05/18/2026 01:23:27,16.21,,,,
2673,05/18/2026 01:33:27,16.13,,,,
2674,05/18/2026 01:43:27,16.08,,,,
2675,05/18/2026 01:53:27,16.04,,,,
2676,05/18/2026 02:03:27,16.04,,,,
2677,05/18/2026 02:13:27,15.96,,,,
2678,05/18/2026 02:23:27,15.91,,,,
2679,05/18/2026 02:33:27,15.83,,,,
2680,05/18/2026 02:43:27,15.83,,,,
2681,05/18/2026 02:53:27,15.74,,,,
2682,05/18/2026 03:03:27,15.66,,,,
2683,05/18/2026 03:13:27,15.57,,,,
2684,05/18/2026 03:23:27,15.48,,,,
2685,05/18/2026 03:33:27,15.40,,,,
2686,05/18/2026 03:43:27,15.36,,,,
2687,05/18/2026 03:53:27,15.27,,,,
2688,05/18/2026 04:03:27,15.23,,,,
2689,05/18/2026 04:13:27,15.14,,,,
2690,05/18/2026 04:23:27,15.01,,,,
2691,05/18/2026 04:33:27,14.93,,,,
2692,05/18/2026 04:43:27,14.84,,,,
2693,05/18/2026 04:53:27,14.84,,,,
2694,05/18/2026 05:03:27,14.75,,,,
2695,05/18/2026 05:13:27,14.71,,,,
2696,05/18/2026 05:23:27,14.67,,,,
2697,05/18/2026 05:33:27,14.54,,,,
2698,05/18/2026 05:43:27,14.50,,,,
2699,05/18/2026 05:53:27,14.50,,,,
2700,05/18/2026 06:03:27,14.54,,,,
2701,05/18/2026 06:13:27,14.58,,,,
2702,05/18/2026 06:23:27,14.58,,,,
2703,05/18/2026 06:33:27,14.63,,,,
2704,05/18/2026 06:43:27,14.58,,,,
2705,05/18/2026 06:53:27,14.67,,,,
2706,05/18/2026 07:03:27,14.71,,,,
2707,05/18/2026 07:13:27,14.84,,,,
2708,05/18/2026 07:23:27,15.01,,,,
2709,05/18/2026 07:33:27,15.18,,,,
2710,05/18/2026 07:43:27,15.44,,,,
2711,05/18/2026 07:53:27,15.74,,,,
2712,05/18/2026 08:03:27,16.26,,,,
2713,05/18/2026 08:13:27,16.51,,,,
2714,05/18/2026 08:23:27,16.81,,,,
2715,05/18/2026 08:33:27,17.03,,,,
2716,05/18/2026 08:43:27,17.46,,,,
2717,05/18/2026 08:53:27,17.72,,,,
2718,05/18/2026 09:03:27,17.84,,,,
2719,05/18/2026 09:13:27,18.19,,,,
2720,05/18/2026 09:23:27,18.79,,,,
2721,05/18/2026 09:33:27,19.39,,,,
2722,05/18/2026 09:43:27,20.07,,,,
2723,05/18/2026 09:53:27,20.55,,,,
2724,05/18/2026 10:03:27,21.10,,,,
2725,05/18/2026 10:13:27,21.79,,,,
2726,05/18/2026 10:23:27,22.39,,,,
2727,05/18/2026 10:33:27,22.82,,,,
2728,05/18/2026 10:43:27,23.38,,,,
2729,05/18/2026 10:53:27,23.76,,,,
2730,05/18/2026 11:03:27,24.28,,,,
2731,05/18/2026 11:13:27,24.62,,,,
2732,05/18/2026 11:23:27,25.05,,,,
2733,05/18/2026 11:33:27,25.39,,,,
2734,05/18/2026 11:43:27,25.69,,,,
2735,05/18/2026 11:53:27,26.12,,,,
2736,05/18/2026 12:03:27,26.42,,,,
2737,05/18/2026 12:13:27,26.77,,,,
2738,05/18/2026 12:23:27,27.07,,,,
2739,05/18/2026 12:33:27,27.28,,,,
2740,05/18/2026 12:43:27,27.50,,,,
2741,05/18/2026 12:53:27,27.67,,,,
2742,05/18/2026 13:03:27,27.75,,,,
2743,05/18/2026 13:13:27,27.93,,,,
2744,05/18/2026 13:23:27,28.01,,,,
2745,05/18/2026 13:33:27,28.14,,,,
2746,05/18/2026 13:43:27,28.18,,,,
2747,05/18/2026 13:53:27,28.27,,,,
2748,05/18/2026 14:03:27,28.27,,,,
2749,05/18/2026 14:13:27,28.27,,,,
2750,05/18/2026 14:23:27,28.27,,,,
2751,05/18/2026 14:33:27,28.18,,,,
2752,05/18/2026 14:43:27,28.14,,,,
2753,05/18/2026 14:53:27,28.10,,,,
2754,05/18/2026 15:03:27,28.10,,,,
2755,05/18/2026 15:13:27,28.10,,,,
2756,05/18/2026 15:23:27,27.97,,,,
2757,05/18/2026 15:33:27,27.88,,,,
2758,05/18/2026 15:43:27,27.71,,,,
2759,05/18/2026 15:53:27,27.54,,,,
2760,05/18/2026 16:03:27,27.32,,,,
2761,05/18/2026 16:13:27,27.20,,,,
2762,05/18/2026 16:23:27,27.11,,,,
2763,05/18/2026 16:33:27,26.90,,,,
2764,05/18/2026 16:43:27,26.72,,,,
2765,05/18/2026 16:53:27,26.47,,,,
2766,05/18/2026 17:03:27,26.08,,,,
2767,05/18/2026 17:13:27,25.87,,,,
2768,05/18/2026 17:23:27,25.65,,,,
2769,05/18/2026 17:33:27,25.44,,,,
2770,05/18/2026 17:43:27,25.14,,,,
2771,05/18/2026 17:53:27,24.84,,,,
2772,05/18/2026 18:03:27,24.49,,,,
2773,05/18/2026 18:13:27,24.15,,,,
2774,05/18/2026 18:23:27,23.85,,,,
2775,05/18/2026 18:33:27,23.55,,,,
2776,05/18/2026 18:43:27,23.21,,,,
2777,05/18/2026 18:53:27,22.82,,,,
2778,05/18/2026 19:03:27,22.35,,,,
2779,05/18/2026 19:13:27,22.01,,,,
2780,05/18/2026 19:23:27,21.62,,,,
2781,05/18/2026 19:33:27,21.23,,,,
2782,05/18/2026 19:43:27,20.98,,,,
2783,05/18/2026 19:53:27,20.80,,,,
2784,05/18/2026 20:03:27,20.46,,,,
2785,05/18/2026 20:13:27,20.20,,,,
2786,05/18/2026 20:23:27,19.95,,,,
2787,05/18/2026 20:33:27,19.73,,,,
2788,05/18/2026 20:43:27,19.52,,,,
2789,05/18/2026 20:53:27,19.35,,,,
2790,05/18/2026 21:03:27,19.17,,,,
2791,05/18/2026 21:13:27,18.92,,,,
2792,05/18/2026 21:23:27,18.74,,,,
2793,05/18/2026 21:33:27,18.62,,,,
2794,05/18/2026 21:43:27,18.57,,,,
2795,05/18/2026 21:53:27,18.40,,,,
2796,05/18/2026 22:03:27,18.32,,,,
2797,05/18/2026 22:13:27,18.19,,,,
2798,05/18/2026 22:23:27,18.14,,,,
2799,05/18/2026 22:33:27,18.02,,,,
2800,05/18/2026 22:43:27,17.93,,,,
2801,05/18/2026 22:53:27,17.84,,,,
2802,05/18/2026 23:03:27,17.76,,,,
2803,05/18/2026 23:13:27,17.67,,,,
2804,05/18/2026 23:23:27,17.59,,,,
2805,05/18/2026 23:33:27,17.50,,,,
2806,05/18/2026 23:43:27,17.37,,,,
2807,05/18/2026 23:53:27,17.41,,,,
2808,05/19/2026 00:03:27,17.29,,,,
2809,05/19/2026 00:13:27,17.20,,,,
2810,05/19/2026 00:23:27,17.16,,,,
2811,05/19/2026 00:33:27,17.11,,,,
2812,05/19/2026 00:43:27,17.03,,,,
2813,05/19/2026 00:53:27,16.94,,,,
2814,05/19/2026 01:03:27,16.86,,,,
2815,05/19/2026 01:13:27,16.81,,,,
2816,05/19/2026 01:23:27,16.73,,,,
2817,05/19/2026 01:33:27,16.64,,,,
2818,05/19/2026 01:43:27,16.56,,,,
2819,05/19/2026 01:53:27,16.51,,,,
2820,05/19/2026 02:03:27,16.47,,,,
2821,05/19/2026 02:13:27,16.43,,,,
2822,05/19/2026 02:23:27,16.39,,,,
2823,05/19/2026 02:33:27,16.30,,,,
2824,05/19/2026 02:43:27,16.26,,,,
2825,05/19/2026 02:53:27,16.21,,,,
2826,05/19/2026 03:03:27,16.21,,,,
2827,05/19/2026 03:13:27,16.17,,,,
2828,05/19/2026 03:23:27,16.08,,,,
2829,05/19/2026 03:33:27,16.04,,,,
2830,05/19/2026 03:43:27,16.08,,,,
2831,05/19/2026 03:53:27,16.04,,,,
2832,05/19/2026 04:03:27,15.96,,,,
2833,05/19/2026 04:13:27,15.91,,,,
2834,05/19/2026 04:23:27,15.91,,,,
2835,05/19/2026 04:33:27,15.91,,,,
2836,05/19/2026 04:43:27,15.91,,,,
2837,05/19/2026 04:53:27,15.83,,,,
2838,05/19/2026 05:03:27,15.83,,,,
2839,05/19/2026 05:13:27,15.74,,,,
2840,05/19/2026 05:23:27,15.74,,,,
2841,05/19/2026 05:33:27,15.78,,,,
2842,05/19/2026 05:43:27,15.74,,,,
2843,05/19/2026 05:53:27,15.74,,,,
2844,05/19/2026 06:03:27,15.74,,,,
2845,05/19/2026 06:13:27,15.83,,,,
2846,05/19/2026 06:23:27,15.87,,,,
2847,05/19/2026 06:33:27,15.96,,,,
2848,05/19/2026 06:43:27,15.96,,,,
2849,05/19/2026 06:53:27,16.08,,,,
2850,05/19/2026 07:03:27,16.17,,,,
2851,05/19/2026 07:13:27,16.26,,,,
2852,05/19/2026 07:23:27,16.43,,,,
2853,05/19/2026 07:33:27,16.73,,,,
2854,05/19/2026 07:43:27,17.03,,,,
2855,05/19/2026 07:53:27,17.50,,,,
2856,05/19/2026 08:03:27,18.10,,,,
2857,05/19/2026 08:13:27,18.49,,,,
2858,05/19/2026 08:23:27,18.79,,,,
2859,05/19/2026 08:33:27,19.22,,,,
2860,05/19/2026 08:43:27,19.73,,,,
2861,05/19/2026 08:53:27,20.29,,,,
2862,05/19/2026 09:03:27,20.85,,,,
2863,05/19/2026 09:13:27,21.40,,,,
2864,05/19/2026 09:23:27,22.05,,,,
2865,05/19/2026 09:33:27,22.69,,,,
2866,05/19/2026 09:43:27,23.25,,,,
2867,05/19/2026 09:53:27,23.89,,,,
2868,05/19/2026 10:03:27,24.32,,,,
2869,05/19/2026 10:13:27,24.97,,,,
2870,05/19/2026 10:23:27,25.57,,,,
2871,05/19/2026 10:33:27,26.12,,,,
2872,05/19/2026 10:43:27,26.64,,,,
2873,05/19/2026 10:53:27,27.20,,,,
2874,05/19/2026 11:03:27,27.63,,,,
2875,05/19/2026 11:13:27,28.05,,,,
2876,05/19/2026 11:23:27,28.40,,,,
2877,05/19/2026 11:33:27,28.74,,,,
2878,05/19/2026 11:43:27,28.95,,,,
2879,05/19/2026 11:53:27,29.17,,,,
2880,05/19/2026 12:03:27,29.38,,,,
2881,05/19/2026 12:13:27,29.56,,,,
2882,05/19/2026 12:23:27,29.90,,,,
2883,05/19/2026 12:33:27,30.16,,,,
2884,05/19/2026 12:43:27,30.37,,,,
2885,05/19/2026 12:53:27,30.59,,,,
2886,05/19/2026 13:03:27,30.67,,,,
2887,05/19/2026 13:13:27,30.76,,,,
2888,05/19/2026 13:23:27,30.93,,,,
2889,05/19/2026 13:33:27,30.97,,,,
2890,05/19/2026 13:43:27,31.06,,,,
2891,05/19/2026 13:53:27,31.06,,,,
2892,05/19/2026 14:03:27,31.14,,,,
2893,05/19/2026 14:13:27,31.23,,,,
2894,05/19/2026 14:23:27,31.31,,,,
2895,05/19/2026 14:33:27,31.31,,,,
2896,05/19/2026 14:43:27,31.10,,,,
2897,05/19/2026 14:53:27,31.06,,,,
2898,05/19/2026 15:03:27,30.63,,,,
2899,05/19/2026 15:13:27,29.98,,,,
2900,05/19/2026 15:23:27,29.60,,,,
2901,05/19/2026 15:33:27,29.17,,,,
2902,05/19/2026 15:43:27,28.91,,,,
2903,05/19/2026 15:53:27,28.74,,,,
2904,05/19/2026 16:03:27,29.00,,,,
2905,05/19/2026 16:13:27,28.87,,,,
2906,05/19/2026 16:23:27,28.35,,,,
2907,05/19/2026 16:33:27,27.80,,,,
2908,05/19/2026 16:43:27,27.15,,,,
2909,05/19/2026 16:53:27,26.60,,,,
2910,05/19/2026 17:03:27,26.12,,,,
2911,05/19/2026 17:13:27,25.87,,,,
2912,05/19/2026 17:23:27,25.61,,,,
2913,05/19/2026 17:33:27,25.39,,,,
2914,05/19/2026 17:43:27,25.35,,,,
2915,05/19/2026 17:53:27,25.44,,,,
2916,05/19/2026 18:03:27,25.31,,,,
2917,05/19/2026 18:13:27,25.22,,,,
2918,05/19/2026 18:23:27,25.01,,,,
2919,05/19/2026 18:33:27,24.84,,,,
2920,05/19/2026 18:43:27,24.71,,,,
2921,05/19/2026 18:53:27,24.54,,,,
2922,05/19/2026 19:03:27,24.24,,,,
2923,05/19/2026 19:13:27,23.94,,,,
2924,05/19/2026 19:23:27,23.64,,,,
2925,05/19/2026 19:33:27,23.42,,,,
2926,05/19/2026 19:43:27,23.16,,,,
2927,05/19/2026 19:53:27,22.95,,,,
2928,05/19/2026 20:03:27,22.69,,,,
2929,05/19/2026 20:13:27,22.52,,,,
2930,05/19/2026 20:23:27,22.26,,,,
2931,05/19/2026 20:33:27,22.09,,,,
2932,05/19/2026 20:43:27,21.92,,,,
2933,05/19/2026 20:53:27,21.75,,,,
2934,05/19/2026 21:03:27,21.53,,,,
2935,05/19/2026 21:13:27,21.45,,,,
2936,05/19/2026 21:23:27,21.36,,,,
2937,05/19/2026 21:33:27,21.23,,,,
2938,05/19/2026 21:43:27,21.15,,,,
2939,05/19/2026 21:53:27,21.06,,,,
2940,05/19/2026 22:03:27,20.93,,,,
2941,05/19/2026 22:13:27,20.89,,,,
2942,05/19/2026 22:23:27,20.76,,,,
2943,05/19/2026 22:33:27,20.68,,,,
2944,05/19/2026 22:43:27,20.59,,,,
2945,05/19/2026 22:53:27,20.55,,,,
2946,05/19/2026 23:03:27,20.46,,,,
2947,05/19/2026 23:13:27,20.37,,,,
2948,05/19/2026 23:23:27,20.29,,,,
2949,05/19/2026 23:33:27,20.29,,,,
2950,05/19/2026 23:43:27,20.20,,,,
2951,05/19/2026 23:53:27,20.12,,,,
2952,05/20/2026 00:03:27,20.12,,,,
2953,05/20/2026 00:13:27,20.03,,,,
2954,05/20/2026 00:23:27,19.99,,,,
2955,05/20/2026 00:33:27,19.95,,,,
2956,05/20/2026 00:43:27,19.90,,,,
2957,05/20/2026 00:53:27,19.82,,,,
2958,05/20/2026 01:03:27,19.77,,,,
2959,05/20/2026 01:13:27,19.65,,,,
2960,05/20/2026 01:23:27,19.60,,,,
2961,05/20/2026 01:33:27,19.56,,,,
2962,05/20/2026 01:43:27,19.47,,,,
2963,05/20/2026 01:53:27,19.43,,,,
2964,05/20/2026 02:03:27,19.39,,,,
2965,05/20/2026 02:13:27,19.35,,,,
2966,05/20/2026 02:23:27,19.30,,,,
2967,05/20/2026 02:33:27,19.26,,,,
2968,05/20/2026 02:43:27,19.26,,,,
2969,05/20/2026 02:53:27,19.13,,,,
2970,05/20/2026 03:03:27,19.09,,,,
2971,05/20/2026 03:13:27,19.05,,,,
2972,05/20/2026 03:23:27,19.05,,,,
2973,05/20/2026 03:33:27,19.00,,,,
2974,05/20/2026 03:43:27,19.00,,,,
2975,05/20/2026 03:53:27,18.92,,,,
2976,05/20/2026 04:03:27,18.87,,,,
2977,05/20/2026 04:13:27,18.83,,,,
2978,05/20/2026 04:23:27,18.74,,,,
2979,05/20/2026 04:33:27,18.70,,,,
2980,05/20/2026 04:43:27,18.70,,,,
2981,05/20/2026 04:53:27,18.53,,,,
2982,05/20/2026 05:03:27,18.44,,,,
2983,05/20/2026 05:13:27,18.44,,,,
2984,05/20/2026 05:23:27,18.36,,,,
2985,05/20/2026 05:33:27,18.36,,,,
2986,05/20/2026 05:43:27,18.36,,,,
2987,05/20/2026 05:53:27,18.40,,,,
2988,05/20/2026 06:03:27,18.49,,,,
2989,05/20/2026 06:13:27,18.53,,,,
2990,05/20/2026 06:23:27,18.53,,,,
2991,05/20/2026 06:33:27,18.57,,,,
2992,05/20/2026 06:43:27,18.53,,,,
2993,05/20/2026 06:53:27,18.62,,,,
2994,05/20/2026 07:03:27,18.66,,,,
2995,05/20/2026 07:13:27,18.83,,,,
2996,05/20/2026 07:23:27,18.96,,,,
2997,05/20/2026 07:33:27,19.30,,,,
2998,05/20/2026 07:43:27,19.52,,,,
2999,05/20/2026 07:53:27,19.99,,,,
3000,05/20/2026 08:03:27,20.37,,,,
3001,05/20/2026 08:13:27,20.85,,,,
3002,05/20/2026 08:23:27,21.28,,,,
3003,05/20/2026 08:33:27,21.75,,,,
3004,05/20/2026 08:43:27,22.18,,,,
3005,05/20/2026 08:53:27,22.61,,,,
3006,05/20/2026 09:03:27,23.12,,,,
3007,05/20/2026 09:13:27,23.68,,,,
3008,05/20/2026 09:23:27,24.19,,,,
3009,05/20/2026 09:33:27,24.62,,,,
3010,05/20/2026 09:43:27,25.22,,,,
3011,05/20/2026 09:53:27,25.61,,,,
3012,05/20/2026 10:03:27,26.21,,,,
3013,05/20/2026 10:13:27,26.68,,,,
3014,05/20/2026 10:23:27,27.07,,,,
3015,05/20/2026 10:33:27,27.50,,,,
3016,05/20/2026 10:43:27,27.80,,,,
3017,05/20/2026 10:53:27,28.18,,,,
3018,05/20/2026 11:03:27,28.61,,,,
3019,05/20/2026 11:13:27,28.91,,,,
3020,05/20/2026 11:23:27,29.26,,,,
3021,05/20/2026 11:33:27,29.64,,,,
3022,05/20/2026 11:43:27,29.86,,,,
3023,05/20/2026 11:53:27,30.11,,,,
3024,05/20/2026 12:03:27,29.98,,,,
3025,05/20/2026 12:13:27,29.86,,,,
3026,05/20/2026 12:23:27,29.47,,,,
3027,05/20/2026 12:33:27,29.68,,,,
3028,05/20/2026 12:43:27,29.98,,,,
3029,05/20/2026 12:53:27,30.50,,,,
3030,05/20/2026 13:03:27,30.84,,,,
3031,05/20/2026 13:13:27,31.19,,,,
3032,05/20/2026 13:23:27,31.49,,,,
3033,05/20/2026 13:33:27,31.61,,,,
3034,05/20/2026 13:43:27,31.53,,,,
3035,05/20/2026 13:53:27,31.61,,,,
3036,05/20/2026 14:03:27,31.74,,,,
3037,05/20/2026 14:13:27,31.66,,,,
3038,05/20/2026 14:23:27,31.66,,,,
3039,05/20/2026 14:33:27,31.83,,,,
3040,05/20/2026 14:43:27,31.74,,,,
3041,05/20/2026 14:53:27,31.49,,,,
3042,05/20/2026 15:03:27,30.89,,,,
3043,05/20/2026 15:13:27,30.28,,,,
3044,05/20/2026 15:23:27,30.07,,,,
3045,05/20/2026 15:33:27,29.98,,,,
3046,05/20/2026 15:43:27,29.98,,,,
3047,05/20/2026 15:53:27,29.98,,,,
3048,05/20/2026 16:03:27,29.86,,,,
3049,05/20/2026 16:13:27,29.47,,,,
3050,05/20/2026 16:23:27,29.34,,,,
3051,05/20/2026 16:33:27,29.08,,,,
3052,05/20/2026 16:43:27,28.74,,,,
3053,05/20/2026 16:53:27,28.48,,,,
3054,05/20/2026 17:03:27,28.18,,,,
3055,05/20/2026 17:13:27,27.88,,,,
3056,05/20/2026 17:23:27,27.67,,,,
3057,05/20/2026 17:33:27,27.15,,,,
3058,05/20/2026 17:43:27,26.72,,,,
3059,05/20/2026 17:53:27,26.42,,,,
3060,05/20/2026 18:03:27,26.04,,,,
3061,05/20/2026 18:13:27,25.78,,,,
3062,05/20/2026 18:23:27,25.57,,,,
3063,05/20/2026 18:33:27,25.18,,,,
3064,05/20/2026 18:43:27,24.79,,,,
3065,05/20/2026 18:53:27,24.36,,,,
3066,05/20/2026 19:03:27,23.76,,,,
3067,05/20/2026 19:13:27,23.42,,,,
3068,05/20/2026 19:23:27,22.99,,,,
3069,05/20/2026 19:33:27,22.69,,,,
3070,05/20/2026 19:43:27,22.43,,,,
3071,05/20/2026 19:53:27,22.13,,,,
3072,05/20/2026 20:03:27,21.88,,,,
3073,05/20/2026 20:13:27,21.62,,,,
3074,05/20/2026 20:23:27,21.28,,,,
3075,05/20/2026 20:33:27,21.10,,,,
3076,05/20/2026 20:43:27,20.89,,,,
3077,05/20/2026 20:53:27,20.68,,,,
3078,05/20/2026 21:03:27,20.46,,,,
3079,05/20/2026 21:13:27,20.37,,,,
3080,05/20/2026 21:23:27,20.20,,,,
3081,05/20/2026 21:33:27,20.12,,,,
3082,05/20/2026 21:43:27,19.95,,,,
3083,05/20/2026 21:53:27,19.90,,,,
3084,05/20/2026 22:03:27,19.77,,,,
3085,05/20/2026 22:13:27,19.69,,,,
3086,05/20/2026 22:23:27,19.56,,,,
3087,05/20/2026 22:33:27,19.56,,,,
3088,05/20/2026 22:43:27,19.47,,,,
3089,05/20/2026 22:53:27,19.47,,,,
3090,05/20/2026 23:03:27,19.39,,,,
3091,05/20/2026 23:13:27,19.30,,,,
3092,05/20/2026 23:23:27,19.30,,,,
3093,05/20/2026 23:33:27,19.22,,,,
3094,05/20/2026 23:43:27,19.09,,,,
3095,05/20/2026 23:53:27,19.05,,,,
3096,05/21/2026 00:03:27,19.05,,,,
3097,05/21/2026 00:13:27,19.00,,,,
3098,05/21/2026 00:23:27,18.87,,,,
3099,05/21/2026 00:33:27,18.87,,,,
3100,05/21/2026 00:43:27,18.87,,,,
3101,05/21/2026 00:53:27,18.83,,,,
3102,05/21/2026 01:03:27,18.66,,,,
3103,05/21/2026 01:13:27,18.66,,,,
3104,05/21/2026 01:23:27,18.57,,,,
3105,05/21/2026 01:33:27,18.40,,,,
3106,05/21/2026 01:43:27,18.27,,,,
3107,05/21/2026 01:53:27,18.14,,,,
3108,05/21/2026 02:03:27,18.06,,,,
3109,05/21/2026 02:13:27,17.93,,,,
3110,05/21/2026 02:23:27,17.93,,,,
3111,05/21/2026 02:33:27,17.84,,,,
3112,05/21/2026 02:43:27,17.76,,,,
3113,05/21/2026 02:53:27,17.63,,,,
3114,05/21/2026 03:03:27,17.50,,,,
3115,05/21/2026 03:13:27,17.33,,,,
3116,05/21/2026 03:23:27,17.24,,,,
3117,05/21/2026 03:33:27,17.11,,,,
3118,05/21/2026 03:43:27,17.03,,,,
3119,05/21/2026 03:53:27,16.94,,,,
3120,05/21/2026 04:03:27,16.86,,,,
3121,05/21/2026 04:13:27,16.86,,,,
3122,05/21/2026 04:23:27,16.81,,,,
3123,05/21/2026 04:33:27,16.81,,,,
3124,05/21/2026 04:43:27,16.77,,,,
3125,05/21/2026 04:53:27,16.73,,,,
3126,05/21/2026 05:03:27,16.69,,,,
3127,05/21/2026 05:13:27,16.60,,,,
3128,05/21/2026 05:23:27,16.51,,,,
3129,05/21/2026 05:33:27,16.43,,,,
3130,05/21/2026 05:43:27,16.30,,,,
3131,05/21/2026 05:53:27,16.17,,,,
3132,05/21/2026 06:03:27,16.08,,,,
3133,05/21/2026 06:13:27,16.00,,,,
3134,05/21/2026 06:23:27,15.87,,,,
3135,05/21/2026 06:33:27,15.87,,,,
3136,05/21/2026 06:43:27,15.87,,,,
3137,05/21/2026 06:53:27,15.83,,,,
3138,05/21/2026 07:03:27,15.78,,,,
3139,05/21/2026 07:13:27,15.83,,,,
3140,05/21/2026 07:23:27,15.83,,,,
3141,05/21/2026 07:33:27,15.87,,,,
3142,05/21/2026 07:43:27,15.87,,,,
3143,05/21/2026 07:53:27,15.96,,,,
3144,05/21/2026 08:03:27,15.96,,,,
3145,05/21/2026 08:13:27,16.00,,,,
3146,05/21/2026 08:23:27,16.08,,,,
3147,05/21/2026 08:33:27,16.21,,,,
3148,05/21/2026 08:43:27,16.30,,,,
3149,05/21/2026 08:53:27,16.60,,,,
3150,05/21/2026 09:03:27,16.94,,,,
3151,05/21/2026 09:13:27,17.16,,,,
3152,05/21/2026 09:23:27,17.50,,,,
3153,05/21/2026 09:33:27,17.97,,,,
3154,05/21/2026 09:43:27,18.19,,,,
3155,05/21/2026 09:53:27,18.57,,,,
3156,05/21/2026 10:03:27,19.13,,,,
3157,05/21/2026 10:13:27,19.99,,,,
3158,05/21/2026 10:23:27,20.68,,,,
3159,05/21/2026 10:33:27,20.93,,,,
3160,05/21/2026 10:43:27,21.23,,,,
3161,05/21/2026 10:53:27,21.40,,,,
3162,05/21/2026 11:03:27,21.58,,,,
3163,05/21/2026 11:13:27,21.92,,,,
3164,05/21/2026 11:23:27,22.56,,,,
3165,05/21/2026 11:33:27,22.95,,,,
3166,05/21/2026 11:43:27,23.21,,,,
3167,05/21/2026 11:53:27,23.59,,,,
3168,05/21/2026 12:03:27,23.68,,,,
3169,05/21/2026 12:13:27,24.19,,,,
3170,05/21/2026 12:23:27,24.19,,,,
3171,05/21/2026 12:33:27,24.54,,,,
3172,05/21/2026 12:43:27,24.62,,,,
3173,05/21/2026 12:53:27,24.79,,,,
3174,05/21/2026 13:03:27,24.71,,,,
3175,05/21/2026 13:13:27,24.75,,,,
3176,05/21/2026 13:23:27,24.58,,,,
3177,05/21/2026 13:33:27,24.45,,,,
3178,05/21/2026 13:43:27,24.19,,,,
3179,05/21/2026 13:53:27,24.02,,,,
3180,05/21/2026 14:03:27,23.94,,,,
3181,05/21/2026 14:13:27,24.15,,,,
3182,05/21/2026 14:23:27,24.19,,,,
3183,05/21/2026 14:33:27,24.24,,,,
3184,05/21/2026 14:43:27,24.19,,,,
3185,05/21/2026 14:53:27,23.98,,,,
3186,05/21/2026 15:03:27,23.68,,,,
3187,05/21/2026 15:13:27,23.51,,,,
3188,05/21/2026 15:23:27,23.21,,,,
3189,05/21/2026 15:33:27,22.91,,,,
3190,05/21/2026 15:43:27,22.48,,,,
3191,05/21/2026 15:53:27,22.22,,,,
3192,05/21/2026 16:03:27,21.96,,,,
3193,05/21/2026 16:13:27,21.62,,,,
3194,05/21/2026 16:23:27,21.32,,,,
3195,05/21/2026 16:33:27,21.19,,,,
3196,05/21/2026 16:43:27,20.93,,,,
3197,05/21/2026 16:53:27,20.68,,,,
3198,05/21/2026 17:03:27,20.55,,,,
3199,05/21/2026 17:13:27,20.29,,,,
3200,05/21/2026 17:23:27,20.16,,,,
3201,05/21/2026 17:33:27,19.99,,,,
3202,05/21/2026 17:43:27,19.82,,,,
3203,05/21/2026 17:53:27,19.69,,,,
3204,05/21/2026 18:03:27,19.56,,,,
3205,05/21/2026 18:13:27,19.43,,,,
3206,05/21/2026 18:23:27,19.26,,,,
3207,05/21/2026 18:33:27,19.17,,,,
3208,05/21/2026 18:43:27,18.92,,,,
3209,05/21/2026 18:53:27,18.79,,,,
3210,05/21/2026 19:03:27,18.66,,,,
3211,05/21/2026 19:13:27,18.49,,,,
3212,05/21/2026 19:23:27,18.32,,,,
3213,05/21/2026 19:33:27,18.14,,,,
3214,05/21/2026 19:43:27,17.97,,,,
3215,05/21/2026 19:53:27,17.80,,,,
3216,05/21/2026 20:03:27,17.67,,,,
3217,05/21/2026 20:13:27,17.41,,,,
3218,05/21/2026 20:23:27,17.33,,,,
3219,05/21/2026 20:33:27,17.24,,,,
3220,05/21/2026 20:43:27,17.11,,,,
3221,05/21/2026 20:53:27,16.99,,,,
3222,05/21/2026 21:03:27,16.81,,,,
3223,05/21/2026 21:13:27,16.64,,,,
3224,05/21/2026 21:23:27,16.51,,,,
3225,05/21/2026 21:33:27,16.39,,,,
3226,05/21/2026 21:43:27,16.26,,,,
3227,05/21/2026 21:53:27,16.13,,,,
3228,05/21/2026 22:03:27,15.91,,,,
3229,05/21/2026 22:13:27,15.91,,,,
3230,05/21/2026 22:23:27,15.83,,,,
3231,05/21/2026 22:33:27,15.70,,,,
3232,05/21/2026 22:43:27,15.61,,,,
3233,05/21/2026 22:53:27,15.48,,,,
3234,05/21/2026 23:03:27,15.36,,,,
3235,05/21/2026 23:13:27,15.27,,,,
3236,05/21/2026 23:23:27,15.18,,,,
3237,05/21/2026 23:33:27,15.14,,,,
3238,05/21/2026 23:43:27,15.01,,,,
3239,05/21/2026 23:53:27,14.93,,,,
3240,05/22/2026 00:03:27,14.84,,,,
3241,05/22/2026 00:13:27,14.75,,,,
3242,05/22/2026 00:23:27,14.67,,,,
3243,05/22/2026 00:33:27,14.54,,,,
3244,05/22/2026 00:43:27,14.50,,,,
3245,05/22/2026 00:53:27,14.37,,,,
3246,05/22/2026 01:03:27,14.37,,,,
3247,05/22/2026 01:13:27,14.24,,,,
3248,05/22/2026 01:23:27,14.20,,,,
3249,05/22/2026 01:33:27,14.03,,,,
3250,05/22/2026 01:43:27,14.03,,,,
3251,05/22/2026 01:53:27,13.94,,,,
3252,05/22/2026 02:03:27,13.85,,,,
3253,05/22/2026 02:13:27,13.73,,,,
3254,05/22/2026 02:23:27,13.64,,,,
3255,05/22/2026 02:33:27,13.51,,,,
3256,05/22/2026 02:43:27,13.51,,,,
3257,05/22/2026 02:53:27,13.47,,,,
3258,05/22/2026 03:03:27,13.34,,,,
3259,05/22/2026 03:13:27,13.30,,,,
3260,05/22/2026 03:23:27,13.17,,,,
3261,05/22/2026 03:33:27,13.12,,,,
3262,05/22/2026 03:43:27,13.00,,,,
3263,05/22/2026 03:53:27,12.95,,,,
3264,05/22/2026 04:03:27,12.87,,,,
3265,05/22/2026 04:13:27,12.78,,,,
3266,05/22/2026 04:23:27,12.70,,,,
3267,05/22/2026 04:33:27,12.65,,,,
3268,05/22/2026 04:43:27,12.57,,,,
3269,05/22/2026 04:53:27,12.48,,,,
3270,05/22/2026 05:03:27,12.40,,,,
3271,05/22/2026 05:13:27,12.27,,,,
3272,05/22/2026 05:23:27,12.27,,,,
3273,05/22/2026 05:33:27,12.22,,,,
3274,05/22/2026 05:43:27,12.18,,,,
3275,05/22/2026 05:53:27,12.14,,,,
3276,05/22/2026 06:03:27,12.18,,,,
3277,05/22/2026 06:13:27,12.14,,,,
3278,05/22/2026 06:23:27,12.22,,,,
3279,05/22/2026 06:33:27,12.27,,,,
3280,05/22/2026 06:43:27,12.35,,,,
3281,05/22/2026 06:53:27,12.52,,,,
3282,05/22/2026 07:03:27,12.61,,,,
3283,05/22/2026 07:13:27,12.74,,,,
3284,05/22/2026 07:23:27,12.91,,,,
3285,05/22/2026 07:33:27,13.12,,,,
3286,05/22/2026 07:43:27,13.25,,,,
3287,05/22/2026 07:53:27,13.51,,,,
3288,05/22/2026 08:03:27,13.73,,,,
3289,05/22/2026 08:13:27,13.98,,,,
3290,05/22/2026 08:23:27,14.33,,,,
3291,05/22/2026 08:33:27,14.80,,,,
3292,05/22/2026 08:43:27,15.14,,,,
3293,05/22/2026 08:53:27,15.53,,,,
3294,05/22/2026 09:03:27,15.91,,,,
3295,05/22/2026 09:13:27,16.39,,,,
3296,05/22/2026 09:23:27,16.77,,,,
3297,05/22/2026 09:33:27,17.16,,,,
3298,05/22/2026 09:43:27,17.54,,,,
3299,05/22/2026 09:53:27,17.97,,,,
3300,05/22/2026 10:03:27,18.40,,,,
3301,05/22/2026 10:13:27,19.13,,,,
3302,05/22/2026 10:23:27,19.69,,,,
3303,05/22/2026 10:33:27,20.16,,,,
3304,05/22/2026 10:43:27,20.68,,,,
3305,05/22/2026 10:53:27,21.02,,,,
3306,05/22/2026 11:03:27,21.53,,,,
3307,05/22/2026 11:13:27,22.13,,,,
3308,05/22/2026 11:23:27,22.48,,,,
3309,05/22/2026 11:33:27,22.91,,,,
3310,05/22/2026 11:43:27,23.29,,,,
3311,05/22/2026 11:53:27,23.51,,,,
3312,05/22/2026 12:03:27,23.59,,,,
3313,05/22/2026 12:13:27,23.81,,,,
3314,05/22/2026 12:23:27,24.11,,,,
3315,05/22/2026 12:33:27,24.41,,,,
3316,05/22/2026 12:43:27,24.62,,,,
3317,05/22/2026 12:53:27,24.66,,,,
3318,05/22/2026 13:03:27,24.75,,,,
3319,05/22/2026 13:13:27,24.75,,,,
3320,05/22/2026 13:23:27,24.84,,,,
3321,05/22/2026 13:33:27,24.88,,,,
3322,05/22/2026 13:43:27,24.88,,,,
3323,05/22/2026 13:53:27,24.84,,,,
3324,05/22/2026 14:03:27,24.92,,,,
3325,05/22/2026 14:13:27,24.92,,,,
3326,05/22/2026 14:23:27,24.97,,,,
3327,05/22/2026 14:33:27,24.92,,,,
3328,05/22/2026 14:43:27,24.97,,,,
3329,05/22/2026 14:53:27,24.97,,,,
3330,05/22/2026 15:03:27,24.71,,,,
3331,05/22/2026 15:13:27,24.54,,,,
3332,05/22/2026 15:23:27,24.32,,,,
3333,05/22/2026 15:33:27,24.11,,,,
3334,05/22/2026 15:43:27,23.81,,,,
3335,05/22/2026 15:53:27,23.59,,,,
3336,05/22/2026 16:03:27,23.38,,,,
3337,05/22/2026 16:13:27,23.12,,,,
3338,05/22/2026 16:23:27,22.95,,,,
3339,05/22/2026 16:33:27,22.69,,,,
3340,05/22/2026 16:43:27,22.39,,,,
3341,05/22/2026 16:53:27,22.18,,,,
3342,05/22/2026 17:03:27,21.88,,,,
3343,05/22/2026 17:13:27,21.62,,,,
3344,05/22/2026 17:23:27,21.32,,,,
3345,05/22/2026 17:33:27,21.02,,,,
3346,05/22/2026 17:43:27,20.76,,,,
3347,05/22/2026 17:53:27,20.42,,,,
3348,05/22/2026 18:03:27,20.07,,,,
3349,05/22/2026 18:13:27,19.82,,,,
3350,05/22/2026 18:23:27,19.47,,,,
3351,05/22/2026 18:33:27,19.17,,,,
3352,05/22/2026 18:43:27,18.83,,,,
3353,05/22/2026 18:53:27,18.53,,,,
3354,05/22/2026 19:03:27,18.27,,,,
3355,05/22/2026 19:13:27,17.97,,,,
3356,05/22/2026 19:23:27,17.72,,,,
3357,05/22/2026 19:33:27,17.50,,,,
3358,05/22/2026 19:43:27,17.24,,,,
3359,05/22/2026 19:53:27,17.03,,,,
3360,05/22/2026 20:03:27,16.86,,,,
3361,05/22/2026 20:13:27,16.60,,,,
3362,05/22/2026 20:23:27,16.43,,,,
3363,05/22/2026 20:33:27,16.21,,,,
3364,05/22/2026 20:43:27,16.04,,,,
3365,05/22/2026 20:53:27,15.96,,,,
3366,05/22/2026 21:03:27,15.78,,,,
3367,05/22/2026 21:13:27,15.66,,,,
3368,05/22/2026 21:23:27,15.57,,,,
3369,05/22/2026 21:33:27,15.44,,,,
3370,05/22/2026 21:43:27,15.36,,,,
3371,05/22/2026 21:53:27,15.23,,,,
3372,05/22/2026 22:03:27,15.14,,,,
3373,05/22/2026 22:13:27,15.06,,,,
3374,05/22/2026 22:23:27,14.97,,,,
3375,05/22/2026 22:33:27,14.88,,,,
3376,05/22/2026 22:43:27,14.84,,,,
3377,05/22/2026 22:53:27,14.75,,,,
3378,05/22/2026 23:03:27,14.71,,,,
3379,05/22/2026 23:13:27,14.58,,,,
3380,05/22/2026 23:23:27,14.54,,,,
3381,05/22/2026 23:33:27,14.50,,,,
3382,05/22/2026 23:43:27,14.41,,,,
3383,05/22/2026 23:53:27,14.37,,,,
3384,05/23/2026 00:03:27,14.24,,,,
3385,05/23/2026 00:13:27,14.20,,,,
3386,05/23/2026 00:23:27,14.15,,,,
3387,05/23/2026 00:33:27,14.03,,,,
3388,05/23/2026 00:43:27,13.98,,,,
3389,05/23/2026 00:53:27,13.94,,,,
3390,05/23/2026 01:03:27,13.94,,,,
3391,05/23/2026 01:13:27,13.77,,,,
3392,05/23/2026 01:23:27,13.77,,,,
3393,05/23/2026 01:33:27,13.73,,,,
3394,05/23/2026 01:43:27,13.68,,,,
3395,05/23/2026 01:53:27,13.60,,,,
3396,05/23/2026 02:03:27,13.60,,,,
3397,05/23/2026 02:13:27,13.51,,,,
3398,05/23/2026 02:23:27,13.51,,,,
3399,05/23/2026 02:33:27,13.38,,,,
3400,05/23/2026 02:43:27,13.34,,,,
3401,05/23/2026 02:53:27,13.30,,,,
3402,05/23/2026 03:03:27,13.25,,,,
3403,05/23/2026 03:13:27,13.21,,,,
3404,05/23/2026 03:23:27,13.17,,,,
3405,05/23/2026 03:33:27,13.12,,,,
3406,05/23/2026 03:43:27,13.12,,,,
3407,05/23/2026 03:53:27,13.04,,,,
3408,05/23/2026 04:03:27,13.04,,,,
3409,05/23/2026 04:13:27,13.04,,,,
3410,05/23/2026 04:23:27,13.00,,,,
3411,05/23/2026 04:33:27,12.95,,,,
3412,05/23/2026 04:43:27,12.87,,,,
3413,05/23/2026 04:53:27,12.91,,,,
3414,05/23/2026 05:03:27,12.91,,,,
3415,05/23/2026 05:13:27,12.82,,,,
3416,05/23/2026 05:23:27,12.82,,,,
3417,05/23/2026 05:33:27,12.87,,,,
3418,05/23/2026 05:43:27,12.82,,,,
3419,05/23/2026 05:53:27,12.78,,,,
3420,05/23/2026 06:03:27,12.82,,,,
3421,05/23/2026 06:13:27,12.87,,,,
3422,05/23/2026 06:23:27,12.91,,,,
3423,05/23/2026 06:33:27,12.91,,,,
3424,05/23/2026 06:43:27,13.00,,,,
3425,05/23/2026 06:53:27,13.08,,,,
3426,05/23/2026 07:03:27,13.17,,,,
3427,05/23/2026 07:13:27,13.25,,,,
3428,05/23/2026 07:23:27,13.43,,,,
3429,05/23/2026 07:33:27,13.60,,,,
3430,05/23/2026 07:43:27,13.81,,,,
3431,05/23/2026 07:53:27,13.98,,,,
3432,05/23/2026 08:03:27,14.11,,,,
3433,05/23/2026 08:13:27,14.28,,,,
3434,05/23/2026 08:23:27,14.37,,,,
3435,05/23/2026 08:33:27,14.54,,,,
3436,05/23/2026 08:43:27,14.67,,,,
3437,05/23/2026 08:53:27,14.88,,,,
3438,05/23/2026 09:03:27,15.18,,,,
3439,05/23/2026 09:13:27,15.31,,,,
3440,05/23/2026 09:23:27,15.40,,,,
3441,05/23/2026 09:33:27,15.40,,,,
3442,05/23/2026 09:43:27,15.48,,,,
3443,05/23/2026 09:53:27,15.61,,,,
3444,05/23/2026 10:03:27,15.83,,,,
3445,05/23/2026 10:13:27,16.13,,,,
3446,05/23/2026 10:23:27,16.43,,,,
3447,05/23/2026 10:33:27,16.51,,,,
3448,05/23/2026 10:43:27,16.51,,,,
3449,05/23/2026 10:53:27,16.51,,,,
3450,05/23/2026 11:03:27,16.56,,,,
3451,05/23/2026 11:13:27,16.64,,,,
3452,05/23/2026 11:23:27,16.77,,,,
3453,05/23/2026 11:33:27,17.07,,,,
3454,05/23/2026 11:43:27,17.29,,,,
3455,05/23/2026 11:53:27,17.54,,,,
3456,05/23/2026 12:03:27,17.59,,,,
3457,05/23/2026 12:13:27,17.67,,,,
3458,05/23/2026 12:23:27,17.89,,,,
3459,05/23/2026 12:33:27,17.97,,,,
3460,05/23/2026 12:43:27,18.14,,,,
3461,05/23/2026 12:53:27,18.36,,,,
3462,05/23/2026 13:03:27,18.53,,,,
3463,05/23/2026 13:13:27,18.62,,,,
3464,05/23/2026 13:23:27,18.74,,,,
3465,05/23/2026 13:33:27,18.87,,,,
3466,05/23/2026 13:43:27,19.17,,,,
3467,05/23/2026 13:53:27,19.43,,,,
3468,05/23/2026 14:03:27,19.52,,,,
3469,05/23/2026 14:13:27,19.52,,,,
3470,05/23/2026 14:23:27,19.65,,,,
3471,05/23/2026 14:33:27,19.86,,,,
3472,05/23/2026 14:43:27,19.95,,,,
3473,05/23/2026 14:53:27,19.99,,,,
3474,05/23/2026 15:03:27,20.03,,,,
3475,05/23/2026 15:13:27,20.16,,,,
3476,05/23/2026 15:23:27,20.25,,,,
3477,05/23/2026 15:33:27,20.29,,,,
3478,05/23/2026 15:43:27,20.33,,,,
3479,05/23/2026 15:53:27,20.25,,,,
3480,05/23/2026 16:03:27,20.25,,,,
3481,05/23/2026 16:13:27,20.29,,,,
3482,05/23/2026 16:23:27,20.25,,,,
3483,05/23/2026 16:33:27,20.25,,,,
3484,05/23/2026 16:43:27,20.29,,,,
3485,05/23/2026 16:53:27,20.25,,,,
3486,05/23/2026 17:03:27,20.16,,,,
3487,05/23/2026 17:13:27,20.12,,,,
3488,05/23/2026 17:23:27,20.07,,,,
3489,05/23/2026 17:33:27,19.95,,,,
3490,05/23/2026 17:43:27,19.86,,,,
3491,05/23/2026 17:53:27,19.82,,,,
3492,05/23/2026 18:03:27,19.65,,,,
3493,05/23/2026 18:13:27,19.60,,,,
3494,05/23/2026 18:23:27,19.47,,,,
3495,05/23/2026 18:33:27,19.35,,,,
3496,05/23/2026 18:43:27,19.26,,,,
3497,05/23/2026 18:53:27,19.05,,,,
3498,05/23/2026 19:03:27,18.87,,,,
3499,05/23/2026 19:13:27,18.83,,,,
3500,05/23/2026 19:23:27,18.66,,,,
3501,05/23/2026 19:33:27,18.53,,,,
3502,05/23/2026 19:43:27,18.44,,,,
3503,05/23/2026 19:53:27,18.32,,,,
3504,05/23/2026 20:03:27,18.19,,,,
3505,05/23/2026 20:13:27,18.06,,,,
3506,05/23/2026 20:23:27,17.97,,,,
3507,05/23/2026 20:33:27,17.84,,,,
3508,05/23/2026 20:43:27,17.72,,,,
3509,05/23/2026 20:53:27,17.63,,,,
3510,05/23/2026 21:03:27,17.50,,,,
3511,05/23/2026 21:13:27,17.37,,,,
3512,05/23/2026 21:23:27,17.24,,,,
3513,05/23/2026 21:33:27,17.16,,,,
3514,05/23/2026 21:43:27,17.03,,,,
3515,05/23/2026 21:53:27,16.94,,,,
3516,05/23/2026 22:03:27,16.81,,,,
3517,05/23/2026 22:13:27,16.73,,,,
3518,05/23/2026 22:23:27,16.69,,,,
3519,05/23/2026 22:33:27,16.60,,,,
3520,05/23/2026 22:43:27,16.51,,,,
3521,05/23/2026 22:53:27,16.43,,,,
3522,05/23/2026 23:03:27,16.34,,,,
3523,05/23/2026 23:13:27,16.26,,,,
3524,05/23/2026 23:23:27,16.13,,,,
3525,05/23/2026 23:33:27,16.13,,,,
3526,05/23/2026 23:43:27,15.96,,,,
3527,05/23/2026 23:53:27,15.91,,,,
3528,05/24/2026 00:03:27,15.87,,,,
3529,05/24/2026 00:13:27,15.83,,,,
3530,05/24/2026 00:23:27,15.78,,,,
3531,05/24/2026 00:33:27,15.66,,,,
3532,05/24/2026 00:43:27,15.61,,,,
3533,05/24/2026 00:53:27,15.53,,,,
3534,05/24/2026 01:03:27,15.48,,,,
3535,05/24/2026 01:13:27,15.40,,,,
3536,05/24/2026 01:23:27,15.40,,,,
3537,05/24/2026 01:33:27,15.36,,,,
3538,05/24/2026 01:43:27,15.31,,,,
3539,05/24/2026 01:53:27,15.27,,,,
3540,05/24/2026 02:03:27,15.18,,,,
3541,05/24/2026 02:13:27,15.14,,,,
3542,05/24/2026 02:23:27,15.10,,,,
3543,05/24/2026 02:33:27,15.06,,,,
3544,05/24/2026 02:43:27,15.01,,,,
3545,05/24/2026 02:53:27,14.97,,,,
3546,05/24/2026 03:03:27,14.88,,,,
3547,05/24/2026 03:13:27,14.93,,,,
3548,05/24/2026 03:23:27,14.80,,,,
3549,05/24/2026 03:33:27,14.80,,,,
3550,05/24/2026 03:43:27,14.75,,,,
3551,05/24/2026 03:53:27,14.71,,,,
3552,05/24/2026 04:03:27,14.67,,,,
3553,05/24/2026 04:13:27,14.63,,,,
3554,05/24/2026 04:23:27,14.58,,,,
3555,05/24/2026 04:33:27,14.54,,,,
3556,05/24/2026 04:43:27,14.54,,,,
3557,05/24/2026 04:53:27,14.54,,,,
3558,05/24/2026 05:03:27,14.45,,,,
3559,05/24/2026 05:13:27,14.41,,,,
3560,05/24/2026 05:23:27,14.37,,,,
3561,05/24/2026 05:33:27,14.37,,,,
3562,05/24/2026 05:43:27,14.28,,,,
3563,05/24/2026 05:53:27,14.33,,,,
3564,05/24/2026 06:03:27,14.28,,,,
3565,05/24/2026 06:13:27,14.20,,,,
3566,05/24/2026 06:23:27,14.24,,,,
3567,05/24/2026 06:33:27,14.20,,,,
3568,05/24/2026 06:43:27,14.20,,,,
3569,05/24/2026 06:53:27,14.15,,,,
3570,05/24/2026 07:03:27,14.11,,,,
3571,05/24/2026 07:13:27,14.11,,,,
3572,05/24/2026 07:23:27,14.15,,,,
3573,05/24/2026 07:33:27,14.07,,,,
3574,05/24/2026 07:43:27,14.15,,,,
3575,05/24/2026 07:53:27,14.11,,,,
3576,05/24/2026 08:03:27,14.11,,,,
3577,05/24/2026 08:13:27,14.15,,,,
3578,05/24/2026 08:23:27,14.15,,,,
3579,05/24/2026 08:33:27,14.20,,,,
3580,05/24/2026 08:43:27,14.24,,,,
3581,05/24/2026 08:53:27,14.28,,,,
3582,05/24/2026 09:03:27,14.33,,,,
3583,05/24/2026 09:13:27,14.33,,,,
3584,05/24/2026 09:23:27,14.41,,,,
3585,05/24/2026 09:33:27,14.45,,,,
3586,05/24/2026 09:43:27,14.54,,,,
3587,05/24/2026 09:53:27,14.58,,,,
3588,05/24/2026 10:03:27,14.63,,,,
3589,05/24/2026 10:13:27,14.75,,,,
3590,05/24/2026 10:23:27,14.80,,,,
3591,05/24/2026 10:33:27,14.84,,,,
3592,05/24/2026 10:43:27,14.80,,,,
3593,05/24/2026 10:53:27,14.88,,,,
3594,05/24/2026 11:03:27,14.93,,,,
3595,05/24/2026 11:13:27,14.88,,,,
3596,05/24/2026 11:23:27,15.01,,,,
3597,05/24/2026 11:33:27,15.06,,,,
3598,05/24/2026 11:43:27,15.18,,,,
3599,05/24/2026 11:53:27,15.18,,,,
3600,05/24/2026 12:03:27,15.31,,,,
3601,05/24/2026 12:13:27,15.40,,,,
3602,05/24/2026 12:23:27,15.40,,,,
3603,05/24/2026 12:33:27,15.48,,,,
3604,05/24/2026 12:43:27,15.57,,,,
3605,05/24/2026 12:53:27,15.57,,,,
3606,05/24/2026 13:03:27,15.57,,,,
3607,05/24/2026 13:13:27,15.57,,,,
3608,05/24/2026 13:23:27,15.66,,,,
3609,05/24/2026 13:33:27,15.74,,,,
3610,05/24/2026 13:43:27,15.70,,,,
3611,05/24/2026 13:53:27,15.78,,,,
3612,05/24/2026 14:03:27,15.83,,,,
3613,05/24/2026 14:13:27,15.83,,,,
3614,05/24/2026 14:23:27,15.78,,,,
3615,05/24/2026 14:33:27,15.78,,,,
3616,05/24/2026 14:43:27,15.78,,,,
3617,05/24/2026 14:53:27,15.83,,,,
3618,05/24/2026 15:03:27,15.78,,,,
3619,05/24/2026 15:13:27,15.78,,,,
3620,05/24/2026 15:23:27,15.83,,,,
3621,05/24/2026 15:33:27,15.74,,,,
3622,05/24/2026 15:43:27,15.74,,,,
3623,05/24/2026 15:53:27,15.61,,,,
3624,05/24/2026 16:03:27,15.61,,,,
3625,05/24/2026 16:13:27,15.53,,,,
3626,05/24/2026 16:23:27,15.48,,,,
3627,05/24/2026 16:33:27,15.44,,,,
3628,05/24/2026 16:43:27,15.40,,,,
3629,05/24/2026 16:53:27,15.36,,,,
3630,05/24/2026 17:03:27,15.31,,,,
3631,05/24/2026 17:13:27,15.31,,,,
3632,05/24/2026 17:23:27,15.36,,,,
3633,05/24/2026 17:33:27,15.31,,,,
3634,05/24/2026 17:43:27,15.23,,,,
3635,05/24/2026 17:53:27,15.23,,,,
3636,05/24/2026 18:03:27,15.18,,,,
3637,05/24/2026 18:13:27,15.18,,,,
3638,05/24/2026 18:23:27,15.10,,,,
3639,05/24/2026 18:33:27,15.10,,,,
3640,05/24/2026 18:43:27,15.06,,,,
3641,05/24/2026 18:53:27,15.01,,,,
3642,05/24/2026 19:03:27,14.97,,,,
3643,05/24/2026 19:13:27,14.97,,,,
3644,05/24/2026 19:23:27,14.93,,,,
3645,05/24/2026 19:33:27,14.88,,,,
3646,05/24/2026 19:43:27,14.93,,,,
3647,05/24/2026 19:53:27,14.88,,,,
3648,05/24/2026 20:03:27,14.88,,,,
3649,05/24/2026 20:13:27,14.93,,,,
3650,05/24/2026 20:23:27,14.84,,,,
3651,05/24/2026 20:33:27,14.84,,,,
3652,05/24/2026 20:43:27,14.84,,,,
3653,05/24/2026 20:53:27,14.84,,,,
3654,05/24/2026 21:03:27,14.75,,,,
3655,05/24/2026 21:13:27,14.67,,,,
3656,05/24/2026 21:23:27,14.71,,,,
3657,05/24/2026 21:33:27,14.71,,,,
3658,05/24/2026 21:43:27,14.67,,,,
3659,05/24/2026 21:53:27,14.63,,,,
3660,05/24/2026 22:03:27,14.63,,,,
3661,05/24/2026 22:13:27,14.58,,,,
3662,05/24/2026 22:23:27,14.54,,,,
3663,05/24/2026 22:33:27,14.50,,,,
3664,05/24/2026 22:43:27,14.45,,,,
3665,05/24/2026 22:53:27,14.45,,,,
3666,05/24/2026 23:03:27,14.37,,,,
3667,05/24/2026 23:13:27,14.37,,,,
3668,05/24/2026 23:23:27,14.33,,,,
3669,05/24/2026 23:33:27,14.33,,,,
3670,05/24/2026 23:43:27,14.33,,,,
3671,05/24/2026 23:53:27,14.28,,,,
3672,05/25/2026 00:03:27,14.28,,,,
3673,05/25/2026 00:13:27,14.15,,,,
3674,05/25/2026 00:23:27,14.20,,,,
3675,05/25/2026 00:33:27,14.11,,,,
3676,05/25/2026 00:43:27,14.11,,,,
3677,05/25/2026 00:53:27,14.11,,,,
3678,05/25/2026 01:03:27,14.03,,,,
3679,05/25/2026 01:13:27,14.03,,,,
3680,05/25/2026 01:23:27,13.98,,,,
3681,05/25/2026 01:33:27,13.98,,,,
3682,05/25/2026 01:43:27,14.03,,,,
3683,05/25/2026 01:53:27,13.98,,,,
3684,05/25/2026 02:03:27,13.94,,,,
3685,05/25/2026 02:13:27,13.94,,,,
3686,05/25/2026 02:23:27,13.94,,,,
3687,05/25/2026 02:33:27,13.94,,,,
3688,05/25/2026 02:43:27,13.81,,,,
3689,05/25/2026 02:53:27,13.85,,,,
3690,05/25/2026 03:03:27,13.85,,,,
3691,05/25/2026 03:13:27,13.81,,,,
3692,05/25/2026 03:23:27,13.81,,,,
3693,05/25/2026 03:33:27,13.81,,,,
3694,05/25/2026 03:43:27,13.81,,,,
3695,05/25/2026 03:53:27,13.77,,,,
3696,05/25/2026 04:03:27,13.73,,,,
3697,05/25/2026 04:13:27,13.68,,,,
3698,05/25/2026 04:23:27,13.68,,,,
3699,05/25/2026 04:33:27,13.68,,,,
3700,05/25/2026 04:43:27,13.60,,,,
3701,05/25/2026 04:53:27,13.64,,,,
3702,05/25/2026 05:03:27,13.64,,,,
3703,05/25/2026 05:13:27,13.60,,,,
3704,05/25/2026 05:23:27,13.60,,,,
3705,05/25/2026 05:33:27,13.60,,,,
3706,05/25/2026 05:43:27,13.55,,,,
3707,05/25/2026 05:53:27,13.55,,,,
3708,05/25/2026 06:03:27,13.60,,,,
3709,05/25/2026 06:13:27,13.55,,,,
3710,05/25/2026 06:23:27,13.51,,,,
3711,05/25/2026 06:33:27,13.51,,,,
3712,05/25/2026 06:43:27,13.55,,,,
3713,05/25/2026 06:53:27,13.51,,,,
3714,05/25/2026 07:03:27,13.51,,,,
3715,05/25/2026 07:13:27,13.55,,,,
3716,05/25/2026 07:23:27,13.51,,,,
3717,05/25/2026 07:33:27,13.60,,,,
3718,05/25/2026 07:43:27,13.60,,,,
3719,05/25/2026 07:53:27,13.73,,,,
3720,05/25/2026 08:03:27,13.73,,,,
3721,05/25/2026 08:13:27,13.77,,,,
3722,05/25/2026 08:23:27,13.77,,,,
3723,05/25/2026 08:33:27,13.81,,,,
3724,05/25/2026 08:43:27,13.85,,,,
3725,05/25/2026 08:53:27,13.85,,,,
3726,05/25/2026 09:03:27,13.90,,,,
3727,05/25/2026 09:13:27,13.94,,,,
3728,05/25/2026 09:23:27,13.94,,,,
3729,05/25/2026 09:33:27,14.03,,,,
3730,05/25/2026 09:43:27,13.98,,,,
3731,05/25/2026 09:53:27,13.98,,,,
3732,05/25/2026 10:03:27,14.07,,,,
3733,05/25/2026 10:13:27,14.11,,,,
3734,05/25/2026 10:23:27,14.11,,,,
3735,05/25/2026 10:33:27,14.15,,,,
3736,05/25/2026 10:43:27,14.28,,,,
3737,05/25/2026 10:53:27,14.41,,,,
3738,05/25/2026 11:03:27,14.58,,,,
3739,05/25/2026 11:13:27,14.84,,,,
3740,05/25/2026 11:23:27,14.97,,,,
3741,05/25/2026 11:33:27,15.18,,,,
3742,05/25/2026 11:43:27,15.44,,,,
3743,05/25/2026 11:53:27,15.61,,,,
3744,05/25/2026 12:03:27,15.96,,,,
3745,05/25/2026 12:13:27,16.21,,,,
3746,05/25/2026 12:23:27,16.43,,,,
3747,05/25/2026 12:33:27,16.51,,,,
3748,05/25/2026 12:43:27,16.81,,,,
3749,05/25/2026 12:53:27,17.33,,,,
3750,05/25/2026 13:03:27,17.37,,,,
3751,05/25/2026 13:13:27,17.67,,,,
3752,05/25/2026 13:23:27,17.84,,,,
3753,05/25/2026 13:33:27,17.97,,,,
3754,05/25/2026 13:43:27,18.27,,,,
3755,05/25/2026 13:53:27,19.00,,,,
3756,05/25/2026 14:03:27,19.17,,,,
3757,05/25/2026 14:13:27,19.39,,,,
3758,05/25/2026 14:23:27,19.99,,,,
3759,05/25/2026 14:33:27,20.46,,,,
3760,05/25/2026 14:43:27,21.06,,,,
3761,05/25/2026 14:53:27,21.53,,,,
3762,05/25/2026 15:03:27,21.62,,,,
3763,05/25/2026 15:13:27,21.66,,,,
3764,05/25/2026 15:23:27,22.09,,,,
3765,05/25/2026 15:33:27,22.18,,,,
3766,05/25/2026 15:43:27,22.13,,,,
3767,05/25/2026 15:53:27,22.65,,,,
3768,05/25/2026 16:03:27,22.73,,,,
3769,05/25/2026 16:13:27,23.03,,,,
3770,05/25/2026 16:23:27,23.21,,,,
3771,05/25/2026 16:33:27,23.08,,,,
3772,05/25/2026 16:43:27,23.29,,,,
3773,05/25/2026 16:53:27,23.38,,,,
3774,05/25/2026 17:03:27,23.29,,,,
3775,05/25/2026 17:13:27,23.42,,,,
3776,05/25/2026 17:23:27,23.55,,,,
3777,05/25/2026 17:33:27,23.51,,,,
3778,05/25/2026 17:43:27,23.42,,,,
3779,05/25/2026 17:53:27,23.59,,,,
3780,05/25/2026 18:03:27,23.59,,,,
3781,05/25/2026 18:13:27,23.55,,,,
3782,05/25/2026 18:23:27,23.46,,,,
3783,05/25/2026 18:33:27,23.38,,,,
3784,05/25/2026 18:43:27,23.34,,,,
3785,05/25/2026 18:53:27,23.21,,,,
3786,05/25/2026 19:03:27,23.12,,,,
3787,05/25/2026 19:13:27,22.91,,,,
3788,05/25/2026 19:23:27,22.73,,,,
3789,05/25/2026 19:33:27,22.61,,,,
3790,05/25/2026 19:43:27,22.43,,,,
3791,05/25/2026 19:53:27,22.26,,,,
3792,05/25/2026 20:03:27,22.05,,,,
3793,05/25/2026 20:13:27,21.88,,,,
3794,05/25/2026 20:23:27,21.79,,,,
3795,05/25/2026 20:33:27,21.58,,,,
3796,05/25/2026 20:43:27,21.45,,,,
3797,05/25/2026 20:53:27,21.32,,,,
3798,05/25/2026 21:03:27,21.19,,,,
3799,05/25/2026 21:13:27,21.02,,,,
3800,05/25/2026 21:23:27,20.93,,,,
3801,05/25/2026 21:33:27,20.72,,,,
3802,05/25/2026 21:43:27,20.63,,,,
3803,05/25/2026 21:53:27,20.37,,,,
3804,05/25/2026 22:03:27,20.29,,,,
3805,05/25/2026 22:13:27,20.20,,,,
3806,05/25/2026 22:23:27,20.16,,,,
3807,05/25/2026 22:33:27,19.99,,,,
3808,05/25/2026 22:43:27,19.90,,,,
3809,05/25/2026 22:53:27,19.73,,,,
3810,05/25/2026 23:03:27,19.56,,,,
3811,05/25/2026 23:13:27,19.47,,,,
3812,05/25/2026 23:23:27,19.30,,,,
3813,05/25/2026 23:33:27,19.17,,,,
3814,05/25/2026 23:43:27,19.05,,,,
3815,05/25/2026 23:53:27,18.87,,,,
3816,05/26/2026 00:03:27,18.74,,,,
3817,05/26/2026 00:13:27,18.62,,,,
3818,05/26/2026 00:23:27,18.44,,,,
3819,05/26/2026 00:33:27,18.27,,,,
3820,05/26/2026 00:43:27,18.14,,,,
3821,05/26/2026 00:53:27,18.06,,,,
3822,05/26/2026 01:03:27,17.97,,,,
3823,05/26/2026 01:13:27,17.84,,,,
3824,05/26/2026 01:23:27,17.80,,,,
3825,05/26/2026 01:33:27,17.63,,,,
3826,05/26/2026 01:43:27,17.50,,,,
3827,05/26/2026 01:53:27,17.41,,,,
3828,05/26/2026 02:03:27,17.29,,,,
3829,05/26/2026 02:13:27,17.16,,,,
3830,05/26/2026 02:23:27,17.07,,,,
3831,05/26/2026 02:33:27,16.99,,,,
3832,05/26/2026 02:43:27,16.86,,,,
3833,05/26/2026 02:53:27,16.81,,,,
3834,05/26/2026 03:03:27,16.64,,,,
3835,05/26/2026 03:13:27,16.51,,,,
3836,05/26/2026 03:23:27,16.47,,,,
3837,05/26/2026 03:33:27,16.39,,,,
3838,05/26/2026 03:43:27,16.21,,,,
3839,05/26/2026 03:53:27,16.17,,,,
3840,05/26/2026 04:03:27,16.00,,,,
3841,05/26/2026 04:13:27,15.96,,,,
3842,05/26/2026 04:23:27,15.83,,,,
3843,05/26/2026 04:33:27,15.78,,,,
3844,05/26/2026 04:43:27,15.61,,,,
3845,05/26/2026 04:53:27,15.57,,,,
3846,05/26/2026 05:03:27,15.53,,,,
3847,05/26/2026 05:13:27,15.44,,,,
3848,05/26/2026 05:23:27,15.36,,,,
3849,05/26/2026 05:33:27,15.31,,,,
3850,05/26/2026 05:43:27,15.27,,,,
3851,05/26/2026 05:53:27,15.18,,,,
3852,05/26/2026 06:03:27,15.06,,,,
3853,05/26/2026 06:13:27,15.10,,,,
3854,05/26/2026 06:23:27,15.01,,,,
3855,05/26/2026 06:33:27,15.01,,,,
3856,05/26/2026 06:43:27,14.97,,,,
3857,05/26/2026 06:53:27,14.93,,,,
3858,05/26/2026 07:03:27,14.93,,,,
3859,05/26/2026 07:13:27,14.93,,,,
3860,05/26/2026 07:23:27,15.06,,,,
3861,05/26/2026 07:33:27,15.14,,,,
3862,05/26/2026 07:43:27,15.18,,,,
3863,05/26/2026 07:53:27,15.31,,,,
3864,05/26/2026 08:03:27,15.40,,,,
3865,05/26/2026 08:13:27,15.48,,,,
3866,05/26/2026 08:23:27,15.66,,,,
3867,05/26/2026 08:33:27,15.87,,,,
3868,05/26/2026 08:43:27,16.08,,,,
3869,05/26/2026 08:53:27,16.26,,,,
3870,05/26/2026 09:03:27,16.56,,,,
3871,05/26/2026 09:13:27,16.86,,,,
3872,05/26/2026 09:23:27,17.20,,,,
3873,05/26/2026 09:33:27,17.46,,,,
3874,05/26/2026 09:43:27,17.89,,,,
3875,05/26/2026 09:53:27,18.36,,,,
3876,05/26/2026 10:03:27,18.79,,,,
3877,05/26/2026 10:13:27,19.13,,,,
3878,05/26/2026 10:23:27,19.43,,,,
3879,05/26/2026 10:33:27,19.77,,,,
3880,05/26/2026 10:43:27,20.42,,,,
3881,05/26/2026 10:53:27,20.89,,,,
3882,05/26/2026 11:03:27,21.10,,,,
3883,05/26/2026 11:13:27,21.62,,,,
3884,05/26/2026 11:23:27,21.88,,,,
3885,05/26/2026 11:33:27,22.39,,,,
3886,05/26/2026 11:43:27,22.73,,,,
3887,05/26/2026 11:53:27,23.16,,,,
3888,05/26/2026 12:03:27,23.29,,,,
3889,05/26/2026 12:13:27,23.68,,,,
3890,05/26/2026 12:23:27,23.81,,,,
3891,05/26/2026 12:33:27,24.54,,,,
3892,05/26/2026 12:43:27,25.01,,,,
3893,05/26/2026 12:53:27,24.88,,,,
3894,05/26/2026 13:03:27,25.05,,,,
3895,05/26/2026 13:13:27,25.01,,,,
3896,05/26/2026 13:23:27,25.78,,,,
3897,05/26/2026 13:33:27,26.21,,,,
3898,05/26/2026 13:43:27,26.38,,,,
3899,05/26/2026 13:53:27,27.11,,,,
3900,05/26/2026 14:03:27,27.28,,,,
3901,05/26/2026 14:13:27,26.94,,,,
3902,05/26/2026 14:23:27,27.93,,,,
3903,05/26/2026 14:33:27,28.05,,,,
3904,05/26/2026 14:43:27,27.93,,,,
3905,05/26/2026 14:53:27,28.10,,,,
3906,05/26/2026 15:03:27,28.78,,,,
3907,05/26/2026 15:13:27,28.91,,,,
3908,05/26/2026 15:23:27,29.26,,,,
3909,05/26/2026 15:33:27,29.26,,,,
3910,05/26/2026 15:43:27,29.17,,,,
3911,05/26/2026 15:53:27,29.17,,,,
3912,05/26/2026 16:03:27,29.30,,,,
3913,05/26/2026 16:13:27,29.51,,,,
3914,05/26/2026 16:23:27,29.34,,,,
3915,05/26/2026 16:33:27,29.21,,,,
3916,05/26/2026 16:43:27,29.08,,,,
3917,05/26/2026 16:53:27,29.08,,,,
3918,05/26/2026 17:03:27,28.87,,,,
3919,05/26/2026 17:13:27,28.65,,,,
3920,05/26/2026 17:23:27,28.53,,,,
3921,05/26/2026 17:33:27,28.23,,,,
3922,05/26/2026 17:43:27,28.27,,,,
3923,05/26/2026 17:53:27,28.01,,,,
3924,05/26/2026 18:03:27,27.75,,,,
3925,05/26/2026 18:13:27,27.67,,,,
3926,05/26/2026 18:23:27,27.67,,,,
3927,05/26/2026 18:33:27,27.45,,,,
3928,05/26/2026 18:43:27,27.24,,,,
3929,05/26/2026 18:53:27,27.02,,,,
3930,05/26/2026 19:03:27,26.90,,,,
3931,05/26/2026 19:13:27,26.68,,,,
3932,05/26/2026 19:23:27,26.47,,,,
3933,05/26/2026 19:33:27,26.25,,,,
3934,05/26/2026 19:43:27,26.04,,,,
3935,05/26/2026 19:53:27,25.82,,,,
3936,05/26/2026 20:03:27,25.57,,,,
3937,05/26/2026 20:13:27,25.35,,,,
3938,05/26/2026 20:23:27,25.05,,,,
3939,05/26/2026 20:33:27,24.88,,,,
3940,05/26/2026 20:43:27,24.66,,,,
3941,05/26/2026 20:53:27,24.49,,,,
3942,05/26/2026 21:03:27,24.24,,,,
3943,05/26/2026 21:13:27,24.06,,,,
3944,05/26/2026 21:23:27,23.89,,,,
3945,05/26/2026 21:33:27,23.72,,,,
3946,05/26/2026 21:43:27,23.55,,,,
3947,05/26/2026 21:53:27,23.34,,,,
3948,05/26/2026 22:03:27,23.12,,,,
3949,05/26/2026 22:13:27,22.91,,,,
3950,05/26/2026 22:23:27,22.82,,,,
3951,05/26/2026 22:33:27,22.65,,,,
3952,05/26/2026 22:43:27,22.48,,,,
3953,05/26/2026 22:53:27,22.35,,,,
3954,05/26/2026 23:03:27,22.18,,,,
3955,05/26/2026 23:13:27,22.09,,,,
3956,05/26/2026 23:23:27,21.96,,,,
3957,05/26/2026 23:33:27,21.79,,,,
3958,05/26/2026 23:43:27,21.70,,,,
3959,05/26/2026 23:53:27,21.62,,,,
3960,05/27/2026 00:03:27,21.49,,,,
3961,05/27/2026 00:13:27,21.32,,,,
3962,05/27/2026 00:23:27,21.23,,,,
3963,05/27/2026 00:33:27,21.06,,,,
3964,05/27/2026 00:43:27,20.93,,,,
3965,05/27/2026 00:53:27,20.76,,,,
3966,05/27/2026 01:03:27,20.68,,,,
3967,05/27/2026 01:13:27,20.55,,,,
3968,05/27/2026 01:23:27,20.42,,,,
3969,05/27/2026 01:33:27,20.29,,,,
3970,05/27/2026 01:43:27,20.20,,,,
3971,05/27/2026 01:53:27,20.07,,,,
3972,05/27/2026 02:03:27,19.99,,,,
3973,05/27/2026 02:13:27,19.82,,,,
3974,05/27/2026 02:23:27,19.73,,,,
3975,05/27/2026 02:33:27,19.65,,,,
3976,05/27/2026 02:43:27,19.60,,,,
3977,05/27/2026 02:53:27,19.43,,,,
3978,05/27/2026 03:03:27,19.30,,,,
3979,05/27/2026 03:13:27,19.17,,,,
3980,05/27/2026 03:23:27,19.09,,,,
3981,05/27/2026 03:33:27,19.00,,,,
3982,05/27/2026 03:43:27,18.87,,,,
3983,05/27/2026 03:53:27,18.74,,,,
3984,05/27/2026 04:03:27,18.66,,,,
3985,05/27/2026 04:13:27,18.53,,,,
3986,05/27/2026 04:23:27,18.49,,,,
3987,05/27/2026 04:33:27,18.40,,,,
3988,05/27/2026 04:43:27,18.32,,,,
3989,05/27/2026 04:53:27,18.14,,,,
3990,05/27/2026 05:03:27,18.10,,,,
3991,05/27/2026 05:13:27,18.06,,,,
3992,05/27/2026 05:23:27,17.97,,,,
3993,05/27/2026 05:33:27,17.89,,,,
3994,05/27/2026 05:43:27,17.84,,,,
3995,05/27/2026 05:53:27,17.80,,,,
3996,05/27/2026 06:03:27,17.80,,,,
3997,05/27/2026 06:13:27,17.76,,,,
3998,05/27/2026 06:23:27,17.80,,,,
3999,05/27/2026 06:33:27,17.80,,,,
4000,05/27/2026 06:43:27,17.80,,,,
4001,05/27/2026 06:53:27,17.76,,,,
4002,05/27/2026 07:03:27,17.84,,,,
4003,05/27/2026 07:13:27,17.93,,,,
4004,05/27/2026 07:23:27,17.84,,,,
4005,05/27/2026 07:33:27,17.97,,,,
4006,05/27/2026 07:43:27,18.06,,,,
4007,05/27/2026 07:53:27,18.10,,,,
4008,05/27/2026 08:03:27,18.23,,,,
4009,05/27/2026 08:13:27,18.27,,,,
4010,05/27/2026 08:23:27,18.44,,,,
4011,05/27/2026 08:33:27,18.57,,,,
4012,05/27/2026 08:43:27,18.83,,,,
4013,05/27/2026 08:53:27,18.96,,,,
4014,05/27/2026 09:03:27,19.17,,,,
4015,05/27/2026 09:13:27,19.39,,,,
4016,05/27/2026 09:23:27,19.52,,,,
4017,05/27/2026 09:33:27,19.73,,,,
4018,05/27/2026 09:43:27,19.99,,,,
4019,05/27/2026 09:53:27,20.25,,,,
4020,05/27/2026 10:03:27,20.80,,,,
4021,05/27/2026 10:13:27,21.32,,,,
4022,05/27/2026 10:23:27,21.62,,,,
4023,05/27/2026 10:33:27,22.01,,,,
4024,05/27/2026 10:43:27,22.22,,,,
4025,05/27/2026 10:53:27,22.56,,,,
4026,05/27/2026 11:03:27,22.86,,,,
4027,05/27/2026 11:13:27,23.25,,,,
4028,05/27/2026 11:23:27,23.59,,,,
4029,05/27/2026 11:33:27,24.54,,,,
4030,05/27/2026 11:43:27,24.75,,,,
4031,05/27/2026 11:53:27,25.52,,,,
4032,05/27/2026 12:03:27,25.82,,,,
4033,05/27/2026 12:13:27,26.30,,,,
4034,05/27/2026 12:23:27,26.17,,,,
4035,05/27/2026 12:33:27,25.91,,,,
4036,05/27/2026 12:43:27,26.68,,,,
4037,05/27/2026 12:53:27,27.24,,,,
4038,05/27/2026 13:03:27,26.94,,,,
4039,05/27/2026 13:13:27,27.32,,,,
4040,05/27/2026 13:23:27,27.58,,,,
4041,05/27/2026 13:33:27,27.75,,,,
4042,05/27/2026 13:43:27,28.01,,,,
4043,05/27/2026 13:53:27,27.97,,,,
4044,05/27/2026 14:03:27,28.05,,,,
4045,05/27/2026 14:13:27,28.40,,,,
4046,05/27/2026 14:23:27,28.65,,,,
4047,05/27/2026 14:33:27,28.91,,,,
4048,05/27/2026 14:43:27,28.91,,,,
4049,05/27/2026 14:53:27,28.95,,,,
4050,05/27/2026 15:03:27,28.83,,,,
4051,05/27/2026 15:13:27,28.78,,,,
4052,05/27/2026 15:23:27,28.70,,,,
4053,05/27/2026 15:33:27,28.61,,,,
4054,05/27/2026 15:43:27,28.57,,,,
4055,05/27/2026 15:53:27,28.57,,,,
4056,05/27/2026 16:03:27,28.61,,,,
4057,05/27/2026 16:13:27,28.44,,,,
4058,05/27/2026 16:23:27,28.31,,,,
4059,05/27/2026 16:33:27,28.23,,,,
4060,05/27/2026 16:43:27,28.18,,,,
4061,05/27/2026 16:53:27,28.05,,,,
4062,05/27/2026 17:03:27,28.23,,,,
4063,05/27/2026 17:13:27,28.23,,,,
4064,05/27/2026 17:23:27,28.23,,,,
4065,05/27/2026 17:33:27,28.05,,,,
4066,05/27/2026 17:43:27,28.01,,,,
4067,05/27/2026 17:53:27,27.97,,,,
4068,05/27/2026 18:03:27,27.88,,,,
4069,05/27/2026 18:13:27,27.80,,,,
4070,05/27/2026 18:23:27,27.58,,,,
4071,05/27/2026 18:33:27,27.50,,,,
4072,05/27/2026 18:43:27,27.32,,,,
4073,05/27/2026 18:53:27,27.15,,,,
4074,05/27/2026 19:03:27,27.02,,,,
4075,05/27/2026 19:13:27,26.85,,,,
4076,05/27/2026 19:23:27,26.72,,,,
4077,05/27/2026 19:33:27,26.55,,,,
4078,05/27/2026 19:43:27,26.42,,,,
4079,05/27/2026 19:53:27,26.25,,,,
4080,05/27/2026 20:03:27,26.08,,,,
4081,05/27/2026 20:13:27,25.99,,,,
4082,05/27/2026 20:23:27,25.74,,,,
4083,05/27/2026 20:33:27,25.57,,,,
4084,05/27/2026 20:43:27,25.39,,,,
4085,05/27/2026 20:53:27,25.27,,,,
4086,05/27/2026 21:03:27,25.09,,,,
4087,05/27/2026 21:13:27,24.88,,,,
4088,05/27/2026 21:23:27,24.62,,,,
4089,05/27/2026 21:33:27,24.54,,,,
4090,05/27/2026 21:43:27,24.41,,,,
4091,05/27/2026 21:53:27,24.28,,,,
4092,05/27/2026 22:03:27,24.11,,,,
4093,05/27/2026 22:13:27,23.98,,,,
4094,05/27/2026 22:23:27,23.81,,,,
4095,05/27/2026 22:33:27,23.64,,,,
4096,05/27/2026 22:43:27,23.38,,,,
4097,05/27/2026 22:53:27,23.16,,,,
4098,05/27/2026 23:03:27,22.95,,,,
4099,05/27/2026 23:13:27,22.78,,,,
4100,05/27/2026 23:23:27,22.65,,,,
4101,05/27/2026 23:33:27,22.52,,,,
4102,05/27/2026 23:43:27,22.35,,,,
4103,05/27/2026 23:53:27,22.26,,,,
4104,05/28/2026 00:03:27,22.09,,,,
4105,05/28/2026 00:13:27,22.01,,,,
4106,05/28/2026 00:23:27,21.88,,,,
4107,05/28/2026 00:33:27,21.75,,,,
4108,05/28/2026 00:43:27,21.75,,,,
4109,05/28/2026 00:53:27,21.66,,,,
4110,05/28/2026 01:03:27,21.62,,,,
4111,05/28/2026 01:13:27,21.53,,,,
4112,05/28/2026 01:23:27,21.40,,,,
4113,05/28/2026 01:33:27,21.28,,,,
4114,05/28/2026 01:43:27,21.23,,,,
4115,05/28/2026 01:53:27,21.15,,,,
4116,05/28/2026 02:03:27,21.06,,,,
4117,05/28/2026 02:13:27,20.98,,,,
4118,05/28/2026 02:23:27,20.80,,,,
4119,05/28/2026 02:33:27,20.72,,,,
4120,05/28/2026 02:43:27,20.59,,,,
4121,05/28/2026 02:53:27,20.50,,,,
4122,05/28/2026 03:03:27,20.37,,,,
4123,05/28/2026 03:13:27,20.25,,,,
4124,05/28/2026 03:23:27,20.07,,,,
4125,05/28/2026 03:33:27,19.95,,,,
4126,05/28/2026 03:43:27,19.86,,,,
4127,05/28/2026 03:53:27,19.77,,,,
4128,05/28/2026 04:03:27,19.65,,,,
4129,05/28/2026 04:13:27,19.56,,,,
4130,05/28/2026 04:23:27,19.43,,,,
4131,05/28/2026 04:33:27,19.35,,,,
4132,05/28/2026 04:43:27,19.26,,,,
4133,05/28/2026 04:53:27,19.13,,,,
4134,05/28/2026 05:03:27,18.96,,,,
4135,05/28/2026 05:13:27,18.83,,,,
4136,05/28/2026 05:23:27,18.74,,,,
4137,05/28/2026 05:33:27,18.62,,,,
4138,05/28/2026 05:43:27,18.53,,,,
4139,05/28/2026 05:53:27,18.44,,,,
4140,05/28/2026 06:03:27,18.36,,,,
4141,05/28/2026 06:13:27,18.32,,,,
4142,05/28/2026 06:23:27,18.23,,,,
4143,05/28/2026 06:33:27,18.19,,,,
4144,05/28/2026 06:43:27,18.06,,,,
4145,05/28/2026 06:53:27,18.02,,,,
4146,05/28/2026 07:03:27,18.02,,,,
4147,05/28/2026 07:13:27,18.02,,,,
4148,05/28/2026 07:23:27,17.97,,,,
4149,05/28/2026 07:33:27,18.02,,,,
4150,05/28/2026 07:43:27,18.14,,,,
4151,05/28/2026 07:53:27,18.23,,,,
4152,05/28/2026 08:03:27,18.40,,,,
4153,05/28/2026 08:13:27,18.44,,,,
4154,05/28/2026 08:23:27,18.62,,,,
4155,05/28/2026 08:33:27,18.70,,,,
4156,05/28/2026 08:43:27,18.87,,,,
4157,05/28/2026 08:53:27,19.13,,,,
4158,05/28/2026 09:03:27,19.30,,,,
4159,05/28/2026 09:13:27,19.47,,,,
4160,05/28/2026 09:23:27,19.69,,,,
4161,05/28/2026 09:33:27,19.73,,,,
4162,05/28/2026 09:43:27,19.95,,,,
4163,05/28/2026 09:53:27,20.29,,,,
4164,05/28/2026 10:03:27,20.93,,,,
4165,05/28/2026 10:13:27,21.06,,,,
4166,05/28/2026 10:23:27,21.58,,,,
4167,05/28/2026 10:33:27,21.66,,,,
4168,05/28/2026 10:43:27,21.83,,,,
4169,05/28/2026 10:53:27,22.26,,,,
4170,05/28/2026 11:03:27,22.43,,,,
4171,05/28/2026 11:13:27,22.39,,,,
4172,05/28/2026 11:23:27,22.35,,,,
4173,05/28/2026 11:33:27,22.86,,,,
4174,05/28/2026 11:43:27,22.95,,,,
4175,05/28/2026 11:53:27,23.16,,,,
4176,05/28/2026 12:03:27,23.55,,,,
4177,05/28/2026 12:13:27,23.46,,,,
4178,05/28/2026 12:23:27,23.34,,,,
4179,05/28/2026 12:33:27,23.59,,,,
4180,05/28/2026 12:43:27,23.89,,,,
4181,05/28/2026 12:53:27,23.68,,,,
4182,05/28/2026 13:03:27,23.85,,,,
4183,05/28/2026 13:13:27,23.89,,,,
4184,05/28/2026 13:23:27,23.94,,,,
4185,05/28/2026 13:33:27,24.02,,,,
4186,05/28/2026 13:43:27,24.02,,,,
4187,05/28/2026 13:53:27,24.02,,,,
4188,05/28/2026 14:03:27,24.24,,,,
4189,05/28/2026 14:13:27,24.49,,,,
4190,05/28/2026 14:23:27,24.06,,,,
4191,05/28/2026 14:33:27,24.06,,,,
4192,05/28/2026 14:43:27,24.15,,,,
4193,05/28/2026 14:53:27,24.41,,,,
4194,05/28/2026 15:03:27,24.58,,,,
4195,05/28/2026 15:13:27,24.66,,,,
4196,05/28/2026 15:23:27,24.75,,,,
4197,05/28/2026 15:33:27,25.09,,,,
4198,05/28/2026 15:43:27,24.97,,,,
4199,05/28/2026 15:53:27,25.14,,,,
4200,05/28/2026 16:03:27,24.92,,,,
4201,05/28/2026 16:13:27,25.01,,,,
4202,05/28/2026 16:23:27,24.97,,,,
4203,05/28/2026 16:33:27,24.92,,,,
4204,05/28/2026 16:43:27,24.84,,,,
4205,05/28/2026 16:53:27,24.79,,,,
4206,05/28/2026 17:03:27,24.62,,,,
4207,05/28/2026 17:13:27,24.49,,,,
4208,05/28/2026 17:23:27,24.45,,,,
4209,05/28/2026 17:33:27,24.32,,,,
4210,05/28/2026 17:43:27,24.15,,,,
4211,05/28/2026 17:53:27,23.98,,,,
4212,05/28/2026 18:03:27,23.94,,,,
4213,05/28/2026 18:13:27,23.85,,,,
4214,05/28/2026 18:23:27,23.72,,,,
4215,05/28/2026 18:33:27,23.59,,,,
4216,05/28/2026 18:43:27,23.38,,,,
4217,05/28/2026 18:53:27,23.16,,,,
4218,05/28/2026 19:03:27,23.08,,,,
4219,05/28/2026 19:13:27,22.82,,,,
4220,05/28/2026 19:23:27,22.69,,,,
4221,05/28/2026 19:33:27,22.48,,,,
4222,05/28/2026 19:43:27,22.31,,,,
4223,05/28/2026 19:53:27,22.13,,,,
4224,05/28/2026 20:03:27,21.92,,,,
4225,05/28/2026 20:13:27,21.62,,,,
4226,05/28/2026 20:23:27,21.45,,,,
4227,05/28/2026 20:33:27,21.28,,,,
4228,05/28/2026 20:43:27,21.19,,,,
4229,05/28/2026 20:53:27,21.06,,,,
4230,05/28/2026 21:03:27,20.93,,,,
4231,05/28/2026 21:13:27,20.76,,,,
4232,05/28/2026 21:23:27,20.68,,,,
4233,05/28/2026 21:33:27,20.59,,,,
4234,05/28/2026 21:43:27,20.42,,,,
4235,05/28/2026 21:53:27,20.29,,,,
4236,05/28/2026 22:03:27,20.12,,,,
4237,05/28/2026 22:13:27,19.90,,,,
4238,05/28/2026 22:23:27,19.73,,,,
4239,05/28/2026 22:33:27,19.60,,,,
4240,05/28/2026 22:43:27,19.47,,,,
4241,05/28/2026 22:53:27,19.35,,,,
4242,05/28/2026 23:03:27,19.26,,,,
4243,05/28/2026 23:13:27,19.17,,,,
4244,05/28/2026 23:23:27,19.09,,,,
4245,05/28/2026 23:33:27,19.05,,,,
4246,05/28/2026 23:43:27,18.92,,,,
4247,05/28/2026 23:53:27,18.83,,,,
4248,05/29/2026 00:03:27,18.70,,,,
4249,05/29/2026 00:13:27,18.53,,,,
4250,05/29/2026 00:23:27,18.44,,,,
4251,05/29/2026 00:33:27,18.23,,,,
4252,05/29/2026 00:43:27,18.10,,,,
4253,05/29/2026 00:53:27,17.97,,,,
4254,05/29/2026 01:03:27,17.76,,,,
4255,05/29/2026 01:13:27,17.59,,,,
4256,05/29/2026 01:23:27,17.54,,,,
4257,05/29/2026 01:33:27,17.37,,,,
4258,05/29/2026 01:43:27,17.20,,,,
4259,05/29/2026 01:53:27,17.07,,,,
4260,05/29/2026 02:03:27,17.03,,,,
4261,05/29/2026 02:13:27,17.03,,,,
4262,05/29/2026 02:23:27,16.86,,,,
4263,05/29/2026 02:33:27,16.69,,,,
4264,05/29/2026 02:43:27,16.64,,,,
4265,05/29/2026 02:53:27,16.56,,,,
4266,05/29/2026 03:03:27,16.47,,,,
4267,05/29/2026 03:13:27,16.34,,,,
4268,05/29/2026 03:23:27,16.26,,,,
4269,05/29/2026 03:33:27,16.26,,,,
4270,05/29/2026 03:43:27,16.17,,,,
4271,05/29/2026 03:53:27,16.08,,,,
4272,05/29/2026 04:03:27,16.08,,,,
4273,05/29/2026 04:13:27,16.04,,,,
4274,05/29/2026 04:23:27,16.00,,,,
4275,05/29/2026 04:33:27,15.96,,,,
4276,05/29/2026 04:43:27,15.96,,,,
4277,05/29/2026 04:53:27,15.87,,,,
4278,05/29/2026 05:03:27,15.83,,,,
4279,05/29/2026 05:13:27,15.78,,,,
4280,05/29/2026 05:23:27,15.70,,,,
4281,05/29/2026 05:33:27,15.74,,,,
4282,05/29/2026 05:43:27,15.66,,,,
4283,05/29/2026 05:53:27,15.66,,,,
4284,05/29/2026 06:03:27,15.57,,,,
4285,05/29/2026 06:13:27,15.57,,,,
4286,05/29/2026 06:23:27,15.57,,,,
4287,05/29/2026 06:33:27,15.57,,,,
4288,05/29/2026 06:43:27,15.48,,,,
4289,05/29/2026 06:53:27,15.48,,,,
4290,05/29/2026 07:03:27,15.53,,,,
4291,05/29/2026 07:13:27,15.48,,,,
4292,05/29/2026 07:23:27,15.57,,,,
4293,05/29/2026 07:33:27,15.57,,,,
4294,05/29/2026 07:43:27,15.57,,,,
4295,05/29/2026 07:53:27,15.66,,,,
4296,05/29/2026 08:03:27,15.83,,,,
4297,05/29/2026 08:13:27,15.91,,,,
4298,05/29/2026 08:23:27,16.04,,,,
4299,05/29/2026 08:33:27,16.21,,,,
4300,05/29/2026 08:43:27,16.39,,,,
4301,05/29/2026 08:53:27,16.56,,,,
4302,05/29/2026 09:03:27,16.81,,,,
4303,05/29/2026 09:13:27,17.11,,,,
4304,05/29/2026 09:23:27,17.41,,,,
4305,05/29/2026 09:33:27,17.54,,,,
4306,05/29/2026 09:43:27,17.84,,,,
4307,05/29/2026 09:53:27,18.14,,,,
4308,05/29/2026 10:03:27,18.53,,,,
4309,05/29/2026 10:13:27,18.92,,,,
4310,05/29/2026 10:23:27,19.26,,,,
4311,05/29/2026 10:33:27,19.56,,,,
4312,05/29/2026 10:43:27,19.86,,,,
4313,05/29/2026 10:53:27,20.29,,,,
4314,05/29/2026 11:03:27,20.46,,,,
4315,05/29/2026 11:13:27,21.23,,,,
4316,05/29/2026 11:23:27,21.75,,,,
4317,05/29/2026 11:33:27,21.92,,,,
4318,05/29/2026 11:43:27,22.26,,,,
4319,05/29/2026 11:53:27,22.05,,,,
4320,05/29/2026 12:03:27,22.52,,,,
4321,05/29/2026 12:13:27,23.16,,,,
4322,05/29/2026 12:23:27,23.38,,,,
4323,05/29/2026 12:33:27,23.68,,,,
4324,05/29/2026 12:43:27,23.42,,,,
4325,05/29/2026 12:53:27,24.06,,,,
4326,05/29/2026 13:03:27,23.72,,,,
4327,05/29/2026 13:13:27,24.02,,,,
4328,05/29/2026 13:23:27,24.11,,,,
4329,05/29/2026 13:33:27,24.49,,,,
4330,05/29/2026 13:43:27,24.58,,,,
4331,05/29/2026 13:53:27,24.66,,,,
4332,05/29/2026 14:03:27,24.49,,,,
4333,05/29/2026 14:13:27,24.36,,,,
4334,05/29/2026 14:23:27,24.24,,,,
4335,05/29/2026 14:33:27,23.98,,,,
4336,05/29/2026 14:43:27,23.89,,,,
4337,05/29/2026 14:53:27,23.81,,,,
4338,05/29/2026 15:03:27,23.81,,,,
4339,05/29/2026 15:13:27,23.85,,,,
4340,05/29/2026 15:23:27,23.76,,,,
4341,05/29/2026 15:33:27,23.76,,,,
4342,05/29/2026 15:43:27,23.76,,,,
4343,05/29/2026 15:53:27,23.59,,,,
4344,05/29/2026 16:03:27,23.55,,,,
4345,05/29/2026 16:13:27,23.51,,,,
4346,05/29/2026 16:23:27,23.42,,,,
4347,05/29/2026 16:33:27,23.34,,,,
4348,05/29/2026 16:43:27,23.29,,,,
4349,05/29/2026 16:53:27,23.21,,,,
4350,05/29/2026 17:03:27,23.12,,,,
4351,05/29/2026 17:13:27,23.08,,,,
4352,05/29/2026 17:23:27,23.03,,,,
4353,05/29/2026 17:33:27,22.99,,,,
4354,05/29/2026 17:43:27,22.99,,,,
4355,05/29/2026 17:53:27,22.91,,,,
4356,05/29/2026 18:03:27,22.78,,,,
4357,05/29/2026 18:13:27,22.73,,,,
4358,05/29/2026 18:23:27,22.65,,,,
4359,05/29/2026 18:33:27,22.52,,,,
4360,05/29/2026 18:43:27,22.43,,,,
4361,05/29/2026 18:53:27,22.31,,,,
4362,05/29/2026 19:03:27,22.26,,,,
4363,05/29/2026 19:13:27,22.13,,,,
4364,05/29/2026 19:23:27,22.05,,,,
4365,05/29/2026 19:33:27,21.92,,,,
4366,05/29/2026 19:43:27,21.79,,,,
4367,05/29/2026 19:53:27,21.70,,,,
4368,05/29/2026 20:03:27,21.58,,,,
4369,05/29/2026 20:13:27,21.49,,,,
4370,05/29/2026 20:23:27,21.32,,,,
4371,05/29/2026 20:33:27,21.23,,,,
4372,05/29/2026 20:43:27,21.10,,,,
4373,05/29/2026 20:53:27,20.98,,,,
4374,05/29/2026 21:03:27,20.93,,,,
4375,05/29/2026 21:13:27,20.80,,,,
4376,05/29/2026 21:23:27,20.68,,,,
4377,05/29/2026 21:33:27,20.59,,,,
4378,05/29/2026 21:43:27,20.46,,,,
4379,05/29/2026 21:53:27,20.37,,,,
4380,05/29/2026 22:03:27,20.25,,,,
4381,05/29/2026 22:13:27,20.12,,,,
4382,05/29/2026 22:23:27,19.99,,,,
4383,05/29/2026 22:33:27,19.86,,,,
4384,05/29/2026 22:43:27,19.77,,,,
4385,05/29/2026 22:53:27,19.69,,,,
4386,05/29/2026 23:03:27,19.56,,,,
4387,05/29/2026 23:13:27,19.43,,,,
4388,05/29/2026 23:23:27,19.35,,,,
4389,05/29/2026 23:33:27,19.22,,,,
4390,05/29/2026 23:43:27,19.22,,,,
4391,05/29/2026 23:53:27,19.13,,,,
4392,05/30/2026 00:03:27,19.00,,,,
4393,05/30/2026 00:13:27,18.87,,,,
4394,05/30/2026 00:23:27,18.83,,,,
4395,05/30/2026 00:33:27,18.70,,,,
4396,05/30/2026 00:43:27,18.62,,,,
4397,05/30/2026 00:53:27,18.57,,,,
4398,05/30/2026 01:03:27,18.40,,,,
4399,05/30/2026 01:13:27,18.36,,,,
4400,05/30/2026 01:23:27,18.27,,,,
4401,05/30/2026 01:33:27,18.27,,,,
4402,05/30/2026 01:43:27,18.14,,,,
4403,05/30/2026 01:53:27,18.06,,,,
4404,05/30/2026 02:03:27,18.02,,,,
4405,05/30/2026 02:13:27,17.97,,,,
4406,05/30/2026 02:23:27,17.89,,,,
4407,05/30/2026 02:33:27,17.84,,,,
4408,05/30/2026 02:43:27,17.84,,,,
4409,05/30/2026 02:53:27,17.72,,,,
4410,05/30/2026 03:03:27,17.67,,,,
4411,05/30/2026 03:13:27,17.50,,,,
4412,05/30/2026 03:23:27,17.46,,,,
4413,05/30/2026 03:33:27,17.37,,,,
4414,05/30/2026 03:43:27,17.24,,,,
4415,05/30/2026 03:53:27,17.11,,,,
4416,05/30/2026 04:03:27,16.94,,,,
4417,05/30/2026 04:13:27,16.90,,,,
4418,05/30/2026 04:23:27,16.77,,,,
4419,05/30/2026 04:33:27,16.69,,,,
4420,05/30/2026 04:43:27,16.60,,,,
4421,05/30/2026 04:53:27,16.60,,,,
4422,05/30/2026 05:03:27,16.47,,,,
4423,05/30/2026 05:13:27,16.47,,,,
4424,05/30/2026 05:23:27,16.39,,,,
4425,05/30/2026 05:33:27,16.39,,,,
4426,05/30/2026 05:43:27,16.30,,,,
4427,05/30/2026 05:53:27,16.26,,,,
4428,05/30/2026 06:03:27,16.26,,,,
4429,05/30/2026 06:13:27,16.13,,,,
4430,05/30/2026 06:23:27,16.04,,,,
4431,05/30/2026 06:33:27,15.87,,,,
4432,05/30/2026 06:43:27,15.74,,,,
4433,05/30/2026 06:53:27,15.61,,,,
4434,05/30/2026 07:03:27,15.48,,,,
4435,05/30/2026 07:13:27,15.40,,,,
4436,05/30/2026 07:23:27,15.27,,,,
4437,05/30/2026 07:33:27,15.14,,,,
4438,05/30/2026 07:43:27,14.93,,,,
4439,05/30/2026 07:53:27,14.84,,,,
4440,05/30/2026 08:03:27,14.67,,,,
4441,05/30/2026 08:13:27,14.58,,,,
4442,05/30/2026 08:23:27,14.50,,,,
4443,05/30/2026 08:33:27,14.41,,,,
4444,05/30/2026 08:43:27,14.33,,,,
4445,05/30/2026 08:53:27,14.24,,,,
4446,05/30/2026 09:03:27,14.15,,,,
4447,05/30/2026 09:13:27,14.07,,,,
4448,05/30/2026 09:23:27,13.98,,,,
4449,05/30/2026 09:33:27,13.90,,,,
4450,05/30/2026 09:43:27,13.81,,,,
4451,05/30/2026 09:53:27,13.73,,,,
4452,05/30/2026 10:03:27,13.68,,,,
4453,05/30/2026 10:13:27,13.73,,,,
4454,05/30/2026 10:23:27,13.64,,,,
4455,05/30/2026 10:33:27,13.60,,,,
4456,05/30/2026 10:43:27,13.60,,,,
4457,05/30/2026 10:53:27,13.43,,,,
4458,05/30/2026 11:03:27,13.43,,,,
4459,05/30/2026 11:13:27,13.38,,,,
4460,05/30/2026 11:23:27,13.34,,,,
4461,05/30/2026 11:33:27,13.30,,,,
4462,05/30/2026 11:43:27,13.17,,,,
4463,05/30/2026 11:53:27,13.08,,,,
4464,05/30/2026 12:03:27,13.12,,,,
4465,05/30/2026 12:13:27,13.08,,,,
4466,05/30/2026 12:23:27,13.04,,,,
4467,05/30/2026 12:33:27,13.08,,,,
4468,05/30/2026 12:43:27,13.04,,,,
4469,05/30/2026 12:53:27,13.08,,,,
4470,05/30/2026 13:03:27,13.04,,,,
4471,05/30/2026 13:13:27,13.04,,,,
4472,05/30/2026 13:23:27,13.04,,,,
4473,05/30/2026 13:33:27,12.95,,,,
4474,05/30/2026 13:43:27,13.00,,,,
4475,05/30/2026 13:53:27,13.08,,,,
4476,05/30/2026 14:03:27,13.08,,,,
4477,05/30/2026 14:13:27,13.17,,,,
4478,05/30/2026 14:23:27,13.21,,,,
4479,05/30/2026 14:33:27,13.30,,,,
4480,05/30/2026 14:43:27,13.30,,,,
4481,05/30/2026 14:53:27,13.43,,,,
4482,05/30/2026 15:03:27,13.60,,,,
4483,05/30/2026 15:13:27,13.68,,,,
4484,05/30/2026 15:23:27,13.90,,,,
4485,05/30/2026 15:33:27,14.03,,,,
4486,05/30/2026 15:43:27,14.03,,,,
4487,05/30/2026 15:53:27,13.94,,,,
4488,05/30/2026 16:03:27,14.03,,,,
4489,05/30/2026 16:13:27,14.20,,,,
4490,05/30/2026 16:23:27,14.20,,,,
4491,05/30/2026 16:33:27,14.28,,,,
4492,05/30/2026 16:43:27,14.33,,,,
4493,05/30/2026 16:53:27,14.33,,,,
4494,05/30/2026 17:03:27,14.33,,,,
4495,05/30/2026 17:13:27,14.37,,,,
4496,05/30/2026 17:23:27,14.37,,,,
4497,05/30/2026 17:33:27,14.41,,,,
4498,05/30/2026 17:43:27,14.41,,,,
4499,05/30/2026 17:53:27,14.41,,,,
4500,05/30/2026 18:03:27,14.50,,,,
4501,05/30/2026 18:13:27,14.63,,,,
4502,05/30/2026 18:23:27,14.63,,,,
4503,05/30/2026 18:33:27,14.63,,,,
4504,05/30/2026 18:43:27,14.63,,,,
4505,05/30/2026 18:53:27,14.63,,,,
4506,05/30/2026 19:03:27,14.58,,,,
4507,05/30/2026 19:13:27,14.50,,,,
4508,05/30/2026 19:23:27,14.41,,,,
4509,05/30/2026 19:33:27,14.37,,,,
4510,05/30/2026 19:43:27,14.28,,,,
4511,05/30/2026 19:53:27,14.20,,,,
4512,05/30/2026 20:03:27,14.15,,,,
4513,05/30/2026 20:13:27,14.11,,,,
4514,05/30/2026 20:23:27,14.03,,,,
4515,05/30/2026 20:33:27,13.94,,,,
4516,05/30/2026 20:43:27,13.85,,,,
4517,05/30/2026 20:53:27,13.81,,,,
4518,05/30/2026 21:03:27,13.73,,,,
4519,05/30/2026 21:13:27,13.64,,,,
4520,05/30/2026 21:23:27,13.55,,,,
4521,05/30/2026 21:33:27,13.47,,,,
4522,05/30/2026 21:43:27,13.38,,,,
4523,05/30/2026 21:53:27,13.38,,,,
4524,05/30/2026 22:03:27,13.25,,,,
4525,05/30/2026 22:13:27,13.21,,,,
4526,05/30/2026 22:23:27,13.17,,,,
4527,05/30/2026 22:33:27,13.12,,,,
4528,05/30/2026 22:43:27,13.04,,,,
4529,05/30/2026 22:53:27,13.04,,,,
4530,05/30/2026 23:03:27,12.95,,,,
4531,05/30/2026 23:13:27,12.91,,,,
4532,05/30/2026 23:23:27,12.82,,,,
4533,05/30/2026 23:33:27,12.74,,,,
4534,05/30/2026 23:43:27,12.70,,,,
4535,05/30/2026 23:53:27,12.61,,,,
4536,05/31/2026 00:03:27,12.52,,,,
4537,05/31/2026 00:13:27,12.44,,,,
4538,05/31/2026 00:23:27,12.40,,,,
4539,05/31/2026 00:33:27,12.31,,,,
4540,05/31/2026 00:43:27,12.31,,,,
4541,05/31/2026 00:53:27,12.22,,,,
4542,05/31/2026 01:03:27,12.14,,,,
4543,05/31/2026 01:13:27,12.10,,,,
4544,05/31/2026 01:23:27,11.97,,,,
4545,05/31/2026 01:33:27,11.97,,,,
4546,05/31/2026 01:43:27,11.88,,,,
4547,05/31/2026 01:53:27,11.88,,,,
4548,05/31/2026 02:03:27,11.79,,,,
4549,05/31/2026 02:13:27,11.71,,,,
4550,05/31/2026 02:23:27,11.62,,,,
4551,05/31/2026 02:33:27,11.58,,,,
4552,05/31/2026 02:43:27,11.45,,,,
4553,05/31/2026 02:53:27,11.41,,,,
4554,05/31/2026 03:03:27,11.32,,,,
4555,05/31/2026 03:13:27,11.24,,,,
4556,05/31/2026 03:23:27,11.15,,,,
4557,05/31/2026 03:33:27,11.07,,,,
4558,05/31/2026 03:43:27,10.98,,,,
4559,05/31/2026 03:53:27,10.94,,,,
4560,05/31/2026 04:03:27,10.85,,,,
4561,05/31/2026 04:13:27,10.77,,,,
4562,05/31/2026 04:23:27,10.72,,,,
4563,05/31/2026 04:33:27,10.64,,,,
4564,05/31/2026 04:43:27,10.55,,,,
4565,05/31/2026 04:53:27,10.46,,,,
4566,05/31/2026 05:03:27,10.46,,,,
4567,05/31/2026 05:13:27,10.42,,,,
4568,05/31/2026 05:23:27,10.34,,,,
4569,05/31/2026 05:33:27,10.29,,,,
4570,05/31/2026 05:43:27,10.16,,,,
4571,05/31/2026 05:53:27,10.12,,,,
4572,05/31/2026 06:03:27,10.12,,,,
4573,05/31/2026 06:13:27,10.08,,,,
4574,05/31/2026 06:23:27,9.99,,,,
4575,05/31/2026 06:33:27,9.99,,,,
4576,05/31/2026 06:43:27,9.95,,,,
4577,05/31/2026 06:53:27,9.91,,,,
4578,05/31/2026 07:03:27,9.95,,,,
4579,05/31/2026 07:13:27,9.91,,,,
4580,05/31/2026 07:23:27,9.95,,,,
4581,05/31/2026 07:33:27,10.04,,,,
4582,05/31/2026 07:43:27,10.16,,,,
4583,05/31/2026 07:53:27,10.34,,,,
4584,05/31/2026 08:03:27,10.46,,,,
4585,05/31/2026 08:13:27,10.68,,,,
4586,05/31/2026 08:23:27,10.85,,,,
4587,05/31/2026 08:33:27,11.02,,,,
4588,05/31/2026 08:43:27,11.15,,,,
4589,05/31/2026 08:53:27,11.32,,,,
4590,05/31/2026 09:03:27,11.67,,,,
4591,05/31/2026 09:13:27,12.10,,,,
4592,05/31/2026 09:23:27,12.48,,,,
4593,05/31/2026 09:33:27,12.82,,,,
4594,05/31/2026 09:43:27,13.08,,,,
4595,05/31/2026 09:53:27,13.64,,,,
4596,05/31/2026 10:03:27,14.45,,,,
4597,05/31/2026 10:13:27,14.84,,,,
4598,05/31/2026 10:23:27,15.53,,,,
4599,05/31/2026 10:33:27,16.26,,,,
4600,05/31/2026 10:43:27,16.64,,,,
4601,05/31/2026 10:53:27,17.20,,,,
4602,05/31/2026 11:03:27,17.97,,,,
4603,05/31/2026 11:13:27,18.10,,,,
4604,05/31/2026 11:23:27,18.10,,,,
4605,05/31/2026 11:33:27,18.49,,,,
4606,05/31/2026 11:43:27,18.62,,,,
4607,05/31/2026 11:53:27,19.09,,,,
4608,05/31/2026 12:03:27,19.30,,,,
4609,05/31/2026 12:13:27,19.26,,,,
4610,05/31/2026 12:23:27,19.69,,,,
4611,05/31/2026 12:33:27,19.82,,,,
4612,05/31/2026 12:43:27,19.86,,,,
4613,05/31/2026 12:53:27,19.95,,,,
4614,05/31/2026 13:03:27,19.90,,,,
4615,05/31/2026 13:13:27,20.07,,,,
4616,05/31/2026 13:23:27,20.16,,,,
4617,05/31/2026 13:33:27,19.86,,,,
4618,05/31/2026 13:43:27,19.82,,,,
4619,05/31/2026 13:53:27,19.95,,,,
4620,05/31/2026 14:03:27,19.90,,,,
4621,05/31/2026 14:13:27,19.69,,,,
4622,05/31/2026 14:23:27,19.77,,,,
4623,05/31/2026 14:33:27,19.86,,,,
4624,05/31/2026 14:43:27,19.86,,,,
4625,05/31/2026 14:53:27,19.90,,,,
4626,05/31/2026 15:03:27,19.82,,,,
4627,05/31/2026 15:13:27,19.95,,,,
4628,05/31/2026 15:23:27,19.90,,,,
4629,05/31/2026 15:33:27,19.82,,,,
4630,05/31/2026 15:43:27,19.69,,,,
4631,05/31/2026 15:53:27,19.56,,,,
4632,05/31/2026 16:03:27,19.73,,,,
4633,05/31/2026 16:13:27,19.86,,,,
4634,05/31/2026 16:23:27,19.86,,,,
4635,05/31/2026 16:33:27,19.77,,,,
4636,05/31/2026 16:43:27,19.73,,,,
4637,05/31/2026 16:53:27,19.73,,,,
4638,05/31/2026 17:03:27,19.82,,,,
4639,05/31/2026 17:13:27,19.77,,,,
4640,05/31/2026 17:23:27,19.69,,,,
4641,05/31/2026 17:33:27,19.65,,,,
4642,05/31/2026 17:43:27,19.65,,,,
4643,05/31/2026 17:53:27,19.60,,,,
4644,05/31/2026 18:03:27,19.52,,,,
4645,05/31/2026 18:13:27,19.47,,,,
4646,05/31/2026 18:23:27,19.35,,,,
4647,05/31/2026 18:33:27,19.17,,,,
4648,05/31/2026 18:43:27,19.05,,,,
4649,05/31/2026 18:53:27,18.92,,,,
4650,05/31/2026 19:03:27,18.87,,,,
4651,05/31/2026 19:13:27,18.83,,,,
4652,05/31/2026 19:23:27,18.70,,,,
4653,05/31/2026 19:33:27,18.57,,,,
4654,05/31/2026 19:43:27,18.53,,,,
4655,05/31/2026 19:53:27,18.44,,,,
4656,05/31/2026 20:03:27,18.32,,,,
4657,05/31/2026 20:13:27,18.19,,,,
4658,05/31/2026 20:23:27,18.02,,,,
4659,05/31/2026 20:33:27,17.93,,,,
4660,05/31/2026 20:43:27,17.80,,,,
4661,05/31/2026 20:53:27,17.76,,,,
4662,05/31/2026 21:03:27,17.63,,,,
4663,05/31/2026 21:13:27,17.46,,,,
4664,05/31/2026 21:23:27,17.33,,,,
4665,05/31/2026 21:33:27,17.16,,,,
4666,05/31/2026 21:43:27,17.16,,,,
4667,05/31/2026 21:53:27,17.07,,,,
4668,05/31/2026 22:03:27,17.03,,,,
4669,05/31/2026 22:13:27,16.94,,,,
4670,05/31/2026 22:23:27,16.90,,,,
4671,05/31/2026 22:33:27,16.81,,,,
4672,05/31/2026 22:43:27,16.73,,,,
4673,05/31/2026 22:53:27,16.64,,,,
4674,05/31/2026 23:03:27,16.51,,,,
4675,05/31/2026 23:13:27,16.43,,,,
4676,05/31/2026 23:23:27,16.30,,,,
4677,05/31/2026 23:33:27,16.21,,,,
4678,05/31/2026 23:43:27,16.08,,,,
4679,05/31/2026 23:53:27,16.00,,,,
4680,06/01/2026 00:03:27,15.87,,,,
4681,06/01/2026 00:13:27,15.78,,,,
4682,06/01/2026 00:23:27,15.74,,,,
4683,06/01/2026 00:33:27,15.61,,,,
4684,06/01/2026 00:43:27,15.53,,,,
4685,06/01/2026 00:53:27,15.44,,,,
4686,06/01/2026 01:03:27,15.36,,,,
4687,06/01/2026 01:13:27,15.27,,,,
4688,06/01/2026 01:23:27,15.14,,,,
4689,06/01/2026 01:33:27,15.06,,,,
4690,06/01/2026 01:43:27,14.97,,,,
4691,06/01/2026 01:53:27,14.88,,,,
4692,06/01/2026 02:03:27,14.80,,,,
4693,06/01/2026 02:13:27,14.71,,,,
4694,06/01/2026 02:23:27,14.63,,,,
4695,06/01/2026 02:33:27,14.50,,,,
4696,06/01/2026 02:43:27,14.45,,,,
4697,06/01/2026 02:53:27,14.33,,,,
4698,06/01/2026 03:03:27,14.24,,,,
4699,06/01/2026 03:13:27,14.11,,,,
4700,06/01/2026 03:23:27,14.07,,,,
4701,06/01/2026 03:33:27,13.98,,,,
4702,06/01/2026 03:43:27,13.85,,,,
4703,06/01/2026 03:53:27,13.77,,,,
4704,06/01/2026 04:03:27,13.73,,,,
4705,06/01/2026 04:13:27,13.60,,,,
4706,06/01/2026 04:23:27,13.60,,,,
4707,06/01/2026 04:33:27,13.51,,,,
4708,06/01/2026 04:43:27,13.38,,,,
4709,06/01/2026 04:53:27,13.34,,,,
4710,06/01/2026 05:03:27,13.30,,,,
4711,06/01/2026 05:13:27,13.25,,,,
4712,06/01/2026 05:23:27,13.12,,,,
4713,06/01/2026 05:33:27,13.17,,,,
4714,06/01/2026 05:43:27,13.08,,,,
4715,06/01/2026 05:53:27,13.08,,,,
4716,06/01/2026 06:03:27,13.12,,,,
4717,06/01/2026 06:13:27,13.08,,,,
4718,06/01/2026 06:23:27,13.08,,,,
4719,06/01/2026 06:33:27,13.08,,,,
4720,06/01/2026 06:43:27,13.04,,,,
4721,06/01/2026 06:53:27,13.04,,,,
4722,06/01/2026 07:03:27,13.04,,,,
4723,06/01/2026 07:13:27,13.08,,,,
4724,06/01/2026 07:23:27,13.08,,,,
4725,06/01/2026 07:33:27,13.00,,,,
4726,06/01/2026 07:43:27,13.00,,,,
4727,06/01/2026 07:53:27,13.00,,,,
4728,06/01/2026 08:03:27,12.91,,,,
4729,06/01/2026 08:13:27,12.91,,,,
4730,06/01/2026 08:23:27,12.91,,,,
4731,06/01/2026 08:33:27,12.87,,,,
4732,06/01/2026 08:43:27,12.87,,,,
4733,06/01/2026 08:53:27,12.95,,,,
4734,06/01/2026 09:03:27,13.04,,,,
4735,06/01/2026 09:13:27,13.04,,,,
4736,06/01/2026 09:23:27,13.12,,,,
4737,06/01/2026 09:33:27,13.08,,,,
4738,06/01/2026 09:43:27,13.21,,,,
4739,06/01/2026 09:53:27,13.34,,,,
4740,06/01/2026 10:03:27,13.55,,,,
4741,06/01/2026 10:13:27,13.94,,,,
4742,06/01/2026 10:23:27,14.07,,,,
4743,06/01/2026 10:33:27,14.24,,,,
4744,06/01/2026 10:43:27,14.71,,,,
4745,06/01/2026 10:53:27,14.63,,,,
4746,06/01/2026 11:03:27,15.23,,,,
4747,06/01/2026 11:13:27,15.10,,,,
4748,06/01/2026 11:23:27,15.91,,,,
4749,06/01/2026 11:33:27,16.30,,,,
4750,06/01/2026 11:43:27,16.69,,,,
4751,06/01/2026 11:53:27,17.16,,,,
4752,06/01/2026 12:03:27,17.29,,,,
4753,06/01/2026 12:13:27,17.89,,,,
4754,06/01/2026 12:23:27,18.14,,,,
4755,06/01/2026 12:33:27,18.62,,,,
4756,06/01/2026 12:43:27,19.30,,,,
4757,06/01/2026 12:53:27,18.96,,,,
4758,06/01/2026 13:03:27,19.56,,,,
4759,06/01/2026 13:13:27,19.56,,,,
4760,06/01/2026 13:23:27,19.52,,,,
4761,06/01/2026 13:33:27,19.77,,,,
4762,06/01/2026 13:43:27,20.55,,,,
4763,06/01/2026 13:53:27,20.93,,,,
4764,06/01/2026 14:03:27,21.40,,,,
4765,06/01/2026 14:13:27,21.70,,,,
4766,06/01/2026 14:23:27,21.88,,,,
4767,06/01/2026 14:30:51,,,,Logged,Logged
